VendorID,tpep_pickup_datetime,tpep_dropoff_datetime,passenger_count,trip_distance,RatecodeID,store_and_fwd_flag,PULocationID,DOLocationID,payment_type,fare_amount,extra,mta_tax,tip_amount,tolls_amount,improvement_surcharge,total_amount,congestion_surcharge,Airport_fee
2,2023-01-01 02:06:00,2023-01-01 02:36:00,3,1.39,1,N,79,9,1,5.05,3.5,0.5,4.72,0.0,1.0,17.27,2.5,0.0
2,2023-01-01 02:39:00,2023-01-01 02:58:00,4,5.7,1,N,105,62,2,17.22,2.5,0.5,0.76,0.0,1.0,21.98,0.0,0.0
2,2023-01-01 03:35:00,2023-01-01 04:12:00,3,0.55,1,N,186,201,1,13.04,2.5,0.5,0.88,6.55,1.0,26.97,2.5,0.0
2,2023-01-01 06:30:00,2023-01-01 06:56:00,1,3.34,1,N,71,208,1,4.53,0.5,0.5,0.53,6.55,1.0,16.11,2.5,0.0
2,2023-01-01 06:44:00,2023-01-01 07:41:00,1,6.07,1,N,26,237,1,21.79,0.5,0.5,6.58,6.55,1.0,39.42,2.5,0.0
2,2023-01-01 08:35:00,2023-01-01 09:22:00,1,2.39,5,N,37,194,2,6.34,0.5,0.5,5.04,6.55,1.0,19.93,0.0,0.0
1,2023-01-01 15:01:00,2023-01-01 15:48:00,1,0.46,1,N,56,39,3,3.83,0.0,0.5,0.94,0.0,1.0,8.02,0.0,1.75
1,2023-01-01 15:17:00,2023-01-01 15:26:00,3,1.01,1,N,257,16,1,5.02,1.0,0.5,0.6,0.0,1.0,8.12,0.0,0.0
2,2023-01-01 17:31:00,2023-01-01 18:20:00,1,5.94,1,N,122,173,1,9.72,0.0,0.5,1.95,6.55,1.0,22.22,2.5,0.0
1,2023-01-01 17:42:00,2023-01-01 18:34:00,1,1.07,1,N,3,246,2,33.96,0.0,0.5,6.58,0.0,1.0,44.54,2.5,0.0
1,2023-01-01 20:52:00,2023-01-01 21:40:00,1,3.9,1,N,227,115,1,6.94,1.0,0.5,0.7,0.0,1.0,10.14,0.0,0.0
2,2023-01-02 01:15:00,2023-01-02 02:01:00,3,0.76,1,N,195,195,1,21.26,3.5,0.5,3.75,0.0,1.0,30.01,0.0,0.0
2,2023-01-02 01:39:00,2023-01-02 01:44:00,1,1.62,1,N,231,7,1,12.37,0.5,0.5,6.18,0.0,1.0,23.05,2.5,0.0
1,2023-01-02 02:17:00,2023-01-02 02:27:00,1,1.27,1,N,35,134,1,41.68,1.0,0.5,1.97,0.0,1.0,48.65,2.5,0.0
2,2023-01-02 07:21:00,2023-01-02 07:53:00,1,4.11,1,N,214,141,1,5.72,0.0,0.5,1.16,6.55,1.0,17.43,2.5,0.0
2,2023-01-02 07:57:00,2023-01-02 08:21:00,3,1.82,1,N,34,109,2,46.47,2.5,0.5,2.09,6.55,1.0,60.86,0.0,1.75
1,2023-01-02 11:59:00,2023-01-02 12:20:00,2,3.68,1,N,140,202,1,16.38,1.0,0.5,1.43,6.55,1.0,29.36,2.5,0.0
1,2023-01-02 12:27:00,2023-01-02 13:01:00,4,3.36,1,N,151,37,2,25.67,1.0,0.5,1.43,0.0,1.0,32.1,2.5,0.0
1,2023-01-02 13:37:00,2023-01-02 14:17:00,1,0.74,1,N,171,216,1,5.58,0.0,0.5,9.95,6.55,1.0,26.08,2.5,0.0
2,2023-01-02 15:12:00,2023-01-02 15:42:00,1,11.93,1,N,114,215,1,4.74,2.5,0.5,0.69,0.0,1.0,13.68,2.5,1.75
1,2023-01-02 22:03:00,2023-01-02 22:35:00,1,0.71,4,N,26,38,1,24.96,3.5,0.5,0.28,0.0,1.0,34.49,2.5,1.75
1,2023-01-02 22:15:00,2023-01-02 22:57:00,1,1.23,1,N,184,224,1,15.01,1.0,0.5,0.98,6.55,1.0,25.04,0.0,0.0
1,2023-01-02 22:35:00,2023-01-02 23:10:00,1,5.02,1,N,109,190,2,3.68,0.5,0.5,0.2,6.55,1.0,14.93,2.5,0.0
1,2023-01-02 23:46:00,2023-01-03 00:42:00,1,1.12,1,N,27,79,1,31.6,0.5,0.5,4.29,6.55,1.0,44.44,0.0,0.0
2,2023-01-02 23:49:00,2023-01-03 00:29:00,1,4.41,1,N,189,136,1,45.2,3.5,0.5,4.01,6.55,1.0,63.26,2.5,0.0
1,2023-01-03 02:51:00,2023-01-03 02:59:00,1,4.57,1,N,25,235,1,13.21,3.5,0.5,4.15,0.0,1.0,24.86,2.5,0.0
2,2023-01-03 03:29:00,2023-01-03 04:16:00,1,1.97,1,N,205,215,4,16.36,2.5,0.5,0.16,6.55,1.0,29.57,2.5,0.0
2,2023-01-03 03:54:00,2023-01-03 04:48:00,4,1.65,1,N,126,140,1,4.58,2.5,0.5,1.14,0.0,1.0,9.72,0.0,0.0
1,2023-01-03 04:54:00,2023-01-03 05:01:00,3,0.84,1,N,105,45,1,7.35,0.5,0.5,0.01,6.55,1.0,18.41,2.5,0.0
2,2023-01-03 05:11:00,2023-01-03 05:38:00,2,6.07,1,N,105,94,1,43.68,0.0,0.5,1.66,0.0,1.0,49.34,2.5,0.0
2,2023-01-03 06:27:00,2023-01-03 06:52:00,4,2.32,1,N,179,57,1,4.28,1.0,0.5,1.73,0.0,1.0,8.51,0.0,0.0
2,2023-01-03 07:58:00,2023-01-03 08:23:00,1,5.97,4,N,55,253,1,14.21,0.5,0.5,1.3,6.55,1.0,25.81,0.0,1.75
2,2023-01-03 12:31:00,2023-01-03 13:06:00,1,1.71,5,N,62,75,1,3.46,1.0,0.5,0.31,0.0,1.0,8.77,2.5,0.0
2,2023-01-03 13:36:00,2023-01-03 14:03:00,1,4.23,1,N,4,184,1,5.66,0.5,0.5,0.47,6.55,1.0,14.68,0.0,0.0
2,2023-01-03 14:09:00,2023-01-03 14:20:00,2,1.15,1,N,158,84,1,15.54,0.0,0.5,0.59,0.0,1.0,17.63,0.0,0.0
1,2023-01-03 14:34:00,2023-01-03 14:40:00,1,2.56,1,N,15,41,1,64.7,0.5,0.5,0.07,0.0,1.0,66.77,0.0,0.0
1,2023-01-03 16:09:00,2023-01-03 16:28:00,1,2.11,2,N,87,232,1,5.83,3.5,0.5,0.6,0.0,1.0,15.68,2.5,1.75
1,2023-01-03 18:09:00,2023-01-03 18:21:00,4,0.82,1,N,100,189,1,3.15,2.5,0.5,1.7,0.0,1.0,11.35,2.5,0.0
1,2023-01-03 18:40:00,2023-01-03 19:21:00,3,0.46,1,N,185,147,2,3.52,2.5,0.5,5.18,6.55,1.0,21.75,2.5,0.0
1,2023-01-03 18:51:00,2023-01-03 18:56:00,1,1.49,1,N,96,3,1,34.37,0.5,0.5,1.36,0.0,1.0,37.73,0.0,0.0
2,2023-01-03 18:54:00,2023-01-03 19:37:00,1,3.12,2,N,67,210,1,5.08,0.0,0.5,4.8,6.55,1.0,20.43,2.5,0.0
2,2023-01-03 20:56:00,2023-01-03 21:54:00,5,1.61,1,N,162,184,1,14.32,2.5,0.5,0.22,0.0,1.0,21.04,2.5,0.0
2,2023-01-03 20:58:00,2023-01-03 21:38:00,1,3.55,1,N,121,157,1,12.65,0.5,0.5,1.28,0.0,1.0,20.18,2.5,1.75
1,2023-01-03 23:03:00,2023-01-03 23:57:00,2,2.23,1,N,93,215,1,37.61,0.5,0.5,1.69,0.0,1.0,43.05,0.0,1.75
2,2023-01-04 08:09:00,2023-01-04 09:02:00,1,2.59,1,N,116,97,1,55.81,0.0,0.5,0.63,0.0,1.0,59.69,0.0,1.75
2,2023-01-04 11:14:00,2023-01-04 12:13:00,1,1.51,1,N,260,199,1,13.56,3.5,0.5,1.46,6.55,1.0,29.07,2.5,0.0
1,2023-01-04 11:59:00,2023-01-04 12:29:00,2,5.15,1,N,118,67,2,7.67,3.5,0.5,3.23,0.0,1.0,15.9,0.0,0.0
1,2023-01-04 14:49:00,2023-01-04 15:19:00,1,1.73,1,N,23,222,1,34.65,0.5,0.5,1.5,6.55,1.0,44.7,0.0,0.0
2,2023-01-04 16:07:00,2023-01-04 16:13:00,2,3.6,1,N,232,121,2,6.19,0.5,0.5,3.3,6.55,1.0,22.29,2.5,1.75
1,2023-01-04 19:26:00,2023-01-04 19:32:00,1,0.86,1,N,27,105,1,12.37,2.5,0.5,1.46,0.0,1.0,20.33,2.5,0.0
2,2023-01-04 20:00:00,2023-01-04 20:22:00,1,2.62,1,N,28,204,1,7.69,0.5,0.5,0.48,6.55,1.0,19.22,2.5,0.0
2,2023-01-04 20:49:00,2023-01-04 21:41:00,2,1.69,1,N,75,58,1,13.23,2.5,0.5,2.62,0.0,1.0,24.1,2.5,1.75
2,2023-01-04 21:06:00,2023-01-04 21:44:00,1,1.03,2,N,132,262,1,16.3,0.0,0.5,8.86,6.55,1.0,35.71,2.5,0.0
2,2023-01-04 22:28:00,2023-01-04 23:20:00,2,3.01,1,N,227,143,1,4.22,3.5,0.5,0.61,6.55,1.0,18.88,2.5,0.0
1,2023-01-04 22:55:00,2023-01-04 23:22:00,1,0.48,1,N,17,126,1,16.11,2.5,0.5,1.38,0.0,1.0,23.99,2.5,0.0
2,2023-01-04 23:30:00,2023-01-05 00:28:00,1,6.28,1,N,60,250,1,6.35,0.0,0.5,0.15,6.55,1.0,17.05,2.5,0.0
2,2023-01-04 23:50:00,2023-01-05 00:26:00,4,0.36,1,N,242,5,1,36.71,0.5,0.5,1.74,0.0,1.0,42.95,2.5,0.0
2,2023-01-05 02:21:00,2023-01-05 02:27:00,1,9.9,2,N,104,241,1,6.48,0.0,0.5,1.83,0.0,1.0,12.31,2.5,0.0
2,2023-01-05 06:34:00,2023-01-05 06:54:00,1,2.17,1,N,184,139,1,10.66,3.5,0.5,5.37,0.0,1.0,21.03,0.0,0.0
2,2023-01-05 11:44:00,2023-01-05 11:53:00,1,3.24,1,N,160,89,1,3.24,3.5,0.5,1.65,0.0,1.0,9.89,0.0,0.0
1,2023-01-05 12:50:00,2023-01-05 13:00:00,3,1.67,1,N,33,122,1,16.74,0.5,0.5,11.54,0.0,1.0,32.78,2.5,0.0
2,2023-01-05 13:30:00,2023-01-05 14:25:00,1,7.14,1,N,150,248,2,27.3,3.5,0.5,7.34,6.55,1.0,48.69,2.5,0.0
2,2023-01-05 19:49:00,2023-01-05 19:59:00,1,1.88,1,N,143,204,1,5.13,2.5,0.5,1.76,0.0,1.0,10.89,0.0,0.0
1,2023-01-05 20:08:00,2023-01-05 20:47:00,1,0.75,1,N,8,103,1,9.69,2.5,0.5,4.55,0.0,1.0,20.74,2.5,0.0
2,2023-01-05 22:19:00,2023-01-05 22:24:00,1,3.37,1,N,51,182,1,7.92,3.5,0.5,6.87,0.0,1.0,19.79,0.0,0.0
1,2023-01-06 00:35:00,2023-01-06 01:09:00,2,3.89,1,N,217,74,2,28.46,0.5,0.5,0.75,0.0,1.0,33.71,2.5,0.0
2,2023-01-06 03:35:00,2023-01-06 04:30:00,1,11.9,1,N,255,211,2,28.5,2.5,0.5,0.13,0.0,1.0,35.13,2.5,0.0
1,2023-01-06 04:21:00,2023-01-06 04:29:00,2,1.61,5,N,175,1,2,6.8,2.5,0.5,7.12,6.55,1.0,26.97,2.5,0.0
1,2023-01-06 04:45:00,2023-01-06 05:34:00,2,2.21,1,N,123,126,1,14.04,1.0,0.5,2.51,0.0,1.0,21.55,2.5,0.0
1,2023-01-06 05:31:00,2023-01-06 06:01:00,2,0.44,1,N,75,37,1,27.21,3.5,0.5,1.23,0.0,1.0,35.94,2.5,0.0
1,2023-01-06 07:37:00,2023-01-06 08:10:00,3,1.54,1,N,86,84,1,10.92,0.0,0.5,0.38,6.55,1.0,21.85,2.5,0.0
1,2023-01-06 11:46:00,2023-01-06 12:06:00,1,0.52,4,N,141,97,1,29.48,3.5,0.5,2.06,0.0,1.0,39.04,2.5,0.0
2,2023-01-06 12:47:00,2023-01-06 13:46:00,1,9.05,1,N,131,161,1,26.03,3.5,0.5,0.41,6.55,1.0,40.49,2.5,0.0
2,2023-01-06 13:44:00,2023-01-06 14:34:00,1,0.43,1,Y,9,31,1,12.02,2.5,0.5,1.47,0.0,1.0,17.49,0.0,0.0
2,2023-01-06 13:56:00,2023-01-06 14:02:00,1,3.05,2,N,262,226,1,6.38,1.0,0.5,0.29,6.55,1.0,18.22,2.5,0.0
1,2023-01-06 15:55:00,2023-01-06 16:48:00,1,1.53,1,N,174,219,2,5.13,0.5,0.5,3.59,0.0,1.0,13.22,2.5,0.0
1,2023-01-06 18:28:00,2023-01-06 18:40:00,1,2.47,1,N,115,29,1,10.45,0.0,0.5,0.18,0.0,1.0,12.13,0.0,0.0
2,2023-01-06 21:52:00,2023-01-06 22:22:00,1,7.71,1,N,255,217,1,7.57,2.5,0.5,1.36,6.55,1.0,19.48,0.0,0.0
2,2023-01-07 07:18:00,2023-01-07 08:06:00,1,1.32,1,N,257,39,1,11.84,0.5,0.5,0.69,6.55,1.0,21.08,0.0,0.0
2,2023-01-07 11:37:00,2023-01-07 11:58:00,1,0.51,1,N,104,168,1,4.56,0.5,0.5,1.75,6.55,1.0,14.86,0.0,0.0
2,2023-01-07 13:15:00,2023-01-07 14:11:00,1,6.83,1,N,42,6,3,5.06,0.5,0.5,0.98,0.0,1.0,10.54,2.5,0.0
2,2023-01-07 14:23:00,2023-01-07 15:12:00,1,3.0,1,N,255,218,3,4.11,3.5,0.5,2.27,6.55,1.0,20.43,2.5,0.0
1,2023-01-07 15:00:00,2023-01-07 15:42:00,1,0.97,1,N,225,95,1,10.36,3.5,0.5,0.38,6.55,1.0,22.29,0.0,0.0
1,2023-01-07 16:37:00,2023-01-07 16:48:00,2,3.25,1,N,52,54,1,12.74,0.0,0.5,0.49,0.0,1.0,17.23,2.5,0.0
1,2023-01-07 18:06:00,2023-01-07 18:57:00,1,13.69,2,N,252,116,2,11.5,0.0,0.5,9.61,0.0,1.0,22.61,0.0,0.0
1,2023-01-07 20:45:00,2023-01-07 21:42:00,1,2.03,1,N,82,20,1,7.95,2.5,0.5,8.41,0.0,1.0,22.86,2.5,0.0
1,2023-01-07 21:27:00,2023-01-07 22:22:00,1,1.53,1,N,29,250,1,18.6,1.0,0.5,4.72,6.55,1.0,34.87,2.5,0.0
1,2023-01-07 23:48:00,2023-01-08 00:24:00,1,0.42,1,N,112,16,1,6.75,0.0,0.5,5.45,6.55,1.0,20.25,0.0,0.0
2,2023-01-08 02:07:00,2023-01-08 02:42:00,1,3.49,1,N,214,51,1,30.94,2.5,0.5,3.39,0.0,1.0,40.83,2.5,0.0
1,2023-01-08 08:29:00,2023-01-08 08:39:00,1,1.34,1,N,24,16,1,13.33,0.0,0.5,1.4,0.0,1.0,18.73,2.5,0.0
2,2023-01-08 09:31:00,2023-01-08 09:51:00,4,0.54,1,N,132,138,1,17.77,3.5,0.5,3.28,0.0,1.0,26.05,0.0,0.0
2,2023-01-08 10:19:00,2023-01-08 10:46:00,1,0.92,1,N,7,157,1,6.28,1.0,0.5,5.61,6.55,1.0,25.19,2.5,1.75
2,2023-01-08 11:09:00,2023-01-08 11:28:00,1,1.42,1,N,191,138,1,6.14,0.5,0.5,7.24,0.0,1.0,17.88,2.5,0.0
2,2023-01-08 11:45:00,2023-01-08 12:42:00,1,1.17,1,N,264,136,2,8.83,1.0,0.5,0.75,0.0,1.0,12.08,0.0,0.0
1,2023-01-08 15:43:00,2023-01-08 15:49:00,1,5.12,1,N,225,5,1,40.69,1.0,0.5,0.14,6.55,1.0,52.38,2.5,0.0
1,2023-01-08 16:06:00,2023-01-08 16:12:00,1,3.04,1,N,119,60,1,3.77,0.5,0.5,0.39,6.55,1.0,15.21,2.5,0.0
2,2023-01-08 16:54:00,2023-01-08 17:19:00,1,1.97,2,N,166,210,1,17.36,3.5,0.5,1.77,6.55,1.0,34.93,2.5,1.75
2,2023-01-08 20:23:00,2023-01-08 20:44:00,1,7.55,1,N,151,113,1,4.82,2.5,0.5,0.97,0.0,1.0,12.29,2.5,0.0
1,2023-01-08 21:04:00,2023-01-08 21:55:00,1,2.96,1,N,222,217,1,32.14,0.0,0.5,3.17,6.55,1.0,45.86,2.5,0.0
2,2023-01-08 21:10:00,2023-01-08 21:29:00,1,1.62,1,N,177,230,2,16.48,0.0,0.5,2.41,6.55,1.0,29.44,2.5,0.0
1,2023-01-08 21:50:00,2023-01-08 22:03:00,1,3.87,1,N,185,169,2,6.13,0.5,0.5,1.08,0.0,1.0,11.71,2.5,0.0
2,2023-01-08 23:56:00,2023-01-09 00:03:00,2,7.64,1,N,165,79,1,5.92,0.5,0.5,2.4,6.55,1.0,19.37,2.5,0.0
2,2023-01-09 00:29:00,2023-01-09 00:50:00,1,0.39,5,N,44,174,2,15.02,1.0,0.5,2.26,0.0,1.0,19.78,0.0,0.0
2,2023-01-09 01:38:00,2023-01-09 02:23:00,1,2.14,3,N,19,133,1,7.04,0.5,0.5,3.68,0.0,1.0,12.72,0.0,0.0
2,2023-01-09 03:45:00,2023-01-09 04:15:00,1,1.61,1,N,161,242,2,6.75,0.5,0.5,5.21,0.0,1.0,16.46,2.5,0.0
1,2023-01-09 07:22:00,2023-01-09 07:30:00,1,1.62,1,N,165,158,2,6.52,3.5,0.5,0.96,0.0,1.0,12.48,0.0,0.0
2,2023-01-09 07:44:00,2023-01-09 08:39:00,2,6.41,1,N,30,118,1,16.9,3.5,0.5,0.97,0.0,1.0,25.37,2.5,0.0
2,2023-01-09 09:40:00,2023-01-09 09:51:00,1,1.7,1,N,172,223,1,13.7,0.5,0.5,0.16,0.0,1.0,15.86,0.0,0.0
2,2023-01-09 09:55:00,2023-01-09 10:15:00,1,3.56,1,N,71,214,1,5.7,2.5,0.5,8.44,6.55,1.0,27.19,2.5,0.0
2,2023-01-09 10:55:00,2023-01-09 11:17:00,3,2.89,1,N,64,105,1,4.44,0.0,0.5,0.06,6.55,1.0,15.05,2.5,0.0
1,2023-01-09 12:49:00,2023-01-09 13:03:00,1,1.58,2,N,259,3,1,13.01,1.0,0.5,1.24,0.0,1.0,18.5,0.0,1.75
2,2023-01-09 13:06:00,2023-01-09 13:13:00,2,3.24,1,Y,61,179,1,13.28,2.5,0.5,1.61,0.0,1.0,21.39,2.5,0.0
2,2023-01-09 13:23:00,2023-01-09 13:40:00,2,5.09,1,N,207,89,1,3.09,0.0,0.5,2.6,0.0,1.0,9.69,2.5,0.0
1,2023-01-09 14:00:00,2023-01-09 14:21:00,4,13.01,1,N,18,70,1,22.24,0.0,0.5,3.51,0.0,1.0,27.25,0.0,0.0
2,2023-01-09 19:06:00,2023-01-09 19:55:00,1,2.98,1,N,158,13,1,3.6,0.5,0.5,0.54,6.55,1.0,12.69,0.0,0.0
1,2023-01-09 20:43:00,2023-01-09 21:36:00,1,0.83,1,N,221,179,2,44.78,3.5,0.5,4.5,6.55,1.0,63.33,2.5,0.0
2,2023-01-09 21:48:00,2023-01-09 22:44:00,1,3.44,1,N,107,1,1,11.05,3.5,0.5,5.45,0.0,1.0,21.5,0.0,0.0
1,2023-01-09 23:40:00,2023-01-09 23:52:00,1,0.54,1,N,200,114,1,12.37,0.0,0.5,3.18,0.0,1.0,19.55,2.5,0.0
2,2023-01-10 03:00:00,2023-01-10 03:59:00,2,1.1,1,N,16,76,1,9.49,3.5,0.5,1.01,6.55,1.0,24.55,2.5,0.0
1,2023-01-10 04:24:00,2023-01-10 04:46:00,1,3.71,1,N,137,9,1,14.74,3.5,0.5,5.71,6.55,1.0,34.5,2.5,0.0
2,2023-01-10 04:33:00,2023-01-10 05:14:00,1,4.07,1,N,150,251,1,8.71,2.5,0.5,1.78,6.55,1.0,25.29,2.5,1.75
2,2023-01-10 05:01:00,2023-01-10 05:12:00,5,0.44,2,N,19,152,1,26.65,3.5,0.5,3.06,0.0,1.0,37.21,2.5,0.0
1,2023-01-10 13:40:00,2023-01-10 14:22:00,1,2.74,1,N,15,206,1,4.53,0.0,0.5,0.49,6.55,1.0,15.57,2.5,0.0
1,2023-01-10 14:07:00,2023-01-10 14:48:00,1,3.2,1,N,108,225,4,26.53,3.5,0.5,1.37,0.0,1.0,32.9,0.0,0.0
2,2023-01-10 17:06:00,2023-01-10 17:46:00,3,0.42,1,N,187,239,2,5.26,0.0,0.5,1.6,0.0,1.0,12.61,2.5,1.75
1,2023-01-10 18:20:00,2023-01-10 18:40:00,1,3.76,1,N,70,81,2,45.96,3.5,0.5,7.68,0.0,1.0,61.14,2.5,0.0
2,2023-01-10 19:53:00,2023-01-10 20:00:00,3,3.14,1,N,157,54,1,9.03,0.5,0.5,0.54,6.55,1.0,20.62,2.5,0.0
2,2023-01-10 23:42:00,2023-01-11 00:31:00,1,0.37,1,N,124,163,2,3.42,0.5,0.5,1.3,0.0,1.0,9.22,2.5,0.0
1,2023-01-10 23:49:00,2023-01-11 00:29:00,1,2.99,1,N,92,192,2,25.03,3.5,0.5,0.7,6.55,1.0,39.78,2.5,0.0
1,2023-01-11 01:46:00,2023-01-11 02:03:00,1,1.04,1,N,247,87,2,3.97,1.0,0.5,2.08,6.55,1.0,15.1,0.0,0.0
2,2023-01-11 05:43:00,2023-01-11 06:40:00,1,1.03,1,N,26,69,2,12.68,1.0,0.5,2.7,6.55,1.0,26.93,2.5,0.0
1,2023-01-11 07:39:00,2023-01-11 08:24:00,1,3.75,1,N,236,164,1,13.88,3.5,0.5,2.37,0.0,1.0,23.75,2.5,0.0
1,2023-01-11 09:55:00,2023-01-11 10:04:00,2,1.28,1,N,197,52,1,7.94,1.0,0.5,5.01,6.55,1.0,26.25,2.5,1.75
2,2023-01-11 11:56:00,2023-01-11 12:50:00,1,2.81,1,N,28,254,1,27.01,0.0,0.5,0.88,6.55,1.0,37.69,0.0,1.75
1,2023-01-11 13:36:00,2023-01-11 13:41:00,1,0.51,1,N,213,249,1,7.44,0.0,0.5,0.93,6.55,1.0,18.92,2.5,0.0
1,2023-01-11 17:14:00,2023-01-11 17:32:00,1,5.1,1,N,243,247,1,28.69,3.5,0.5,0.53,6.55,1.0,40.77,0.0,0.0
2,2023-01-11 18:54:00,2023-01-11 19:27:00,1,2.7,1,N,205,192,1,16.61,1.0,0.5,0.38,0.0,1.0,21.99,2.5,0.0
2,2023-01-11 21:48:00,2023-01-11 21:55:00,4,1.07,1,N,223,93,2,7.15,1.0,0.5,1.75,6.55,1.0,17.95,0.0,0.0
2,2023-01-12 00:56:00,2023-01-12 01:21:00,1,0.98,1,N,183,189,1,6.17,2.5,0.5,0.52,0.0,1.0,10.69,0.0,0.0
2,2023-01-12 03:09:00,2023-01-12 03:19:00,2,0.72,1,N,217,92,1,6.5,0.5,0.5,0.7,0.0,1.0,11.7,2.5,0.0
1,2023-01-12 03:41:00,2023-01-12 04:37:00,1,0.79,1,N,57,136,1,42.56,0.0,0.5,0.89,6.55,1.0,53.25,0.0,1.75
2,2023-01-12 07:19:00,2023-01-12 08:01:00,1,0.55,1,N,258,129,1,9.67,1.0,0.5,0.68,0.0,1.0,17.1,2.5,1.75
2,2023-01-12 11:55:00,2023-01-12 12:47:00,1,4.08,1,N,183,264,2,14.71,0.5,0.5,5.63,0.0,1.0,24.84,2.5,0.0
2,2023-01-12 20:33:00,2023-01-12 21:18:00,1,2.73,1,N,51,138,1,3.11,1.0,0.5,0.64,0.0,1.0,8.75,2.5,0.0
2,2023-01-12 20:47:00,2023-01-12 21:41:00,1,2.49,1,N,30,84,1,23.08,3.5,0.5,0.14,0.0,1.0,30.72,2.5,0.0
2,2023-01-12 21:18:00,2023-01-12 22:17:00,1,0.93,1,N,189,12,1,4.54,1.0,0.5,3.86,6.55,1.0,21.7,2.5,1.75
1,2023-01-13 00:17:00,2023-01-13 00:49:00,2,2.2,1,N,50,119,1,5.04,3.5,0.5,0.26,6.55,1.0,21.1,2.5,1.75
2,2023-01-13 01:07:00,2023-01-13 01:21:00,1,1.97,1,N,233,207,1,19.27,2.5,0.5,3.88,6.55,1.0,36.2,2.5,0.0
1,2023-01-13 02:13:00,2023-01-13 02:27:00,1,4.04,2,N,208,51,1,32.89,0.0,0.5,4.4,0.0,1.0,41.29,2.5,0.0
2,2023-01-13 05:53:00,2023-01-13 06:15:00,3,6.84,1,N,87,228,1,21.74,1.0,0.5,0.12,0.0,1.0,24.36,0.0,0.0
2,2023-01-13 06:00:00,2023-01-13 06:27:00,1,1.05,1,N,110,178,1,7.88,0.0,0.5,1.09,0.0,1.0,14.72,2.5,1.75
2,2023-01-13 08:12:00,2023-01-13 08:23:00,1,0.8,1,N,170,23,2,5.85,3.5,0.5,2.24,0.0,1.0,17.34,2.5,1.75
1,2023-01-13 11:15:00,2023-01-13 11:37:00,1,4.48,1,N,10,183,1,10.92,2.5,0.5,0.01,0.0,1.0,14.93,0.0,0.0
1,2023-01-13 13:10:00,2023-01-13 13:26:00,1,8.6,1,N,38,134,1,4.43,0.5,0.5,2.04,0.0,1.0,10.97,2.5,0.0
2,2023-01-13 13:13:00,2023-01-13 13:45:00,1,0.55,2,N,98,39,1,6.32,0.5,0.5,1.98,0.0,1.0,12.8,2.5,0.0
1,2023-01-13 13:14:00,2023-01-13 13:28:00,1,7.61,1,N,28,213,1,25.45,0.5,0.5,0.76,0.0,1.0,30.71,2.5,0.0
1,2023-01-13 21:17:00,2023-01-13 21:38:00,1,3.64,1,N,238,150,1,31.4,0.5,0.5,7.43,6.55,1.0,51.63,2.5,1.75
2,2023-01-13 22:58:00,2023-01-13 23:10:00,1,1.75,2,N,102,82,1,10.99,2.5,0.5,7.07,0.0,1.0,26.31,2.5,1.75
2,2023-01-14 00:32:00,2023-01-14 01:21:00,1,2.79,1,N,122,6,1,6.98,2.5,0.5,2.07,0.0,1.0,13.05,0.0,0.0
1,2023-01-14 04:30:00,2023-01-14 05:04:00,3,1.11,1,N,92,234,1,6.08,2.5,0.5,3.89,0.0,1.0,16.47,2.5,0.0
1,2023-01-14 05:03:00,2023-01-14 05:39:00,3,0.48,1,N,227,240,2,7.41,3.5,0.5,1.26,6.55,1.0,20.22,0.0,0.0
1,2023-01-14 05:13:00,2023-01-14 05:20:00,1,1.38,1,N,110,54,1,3.94,1.0,0.5,0.68,0.0,1.0,7.12,0.0,0.0
2,2023-01-14 07:29:00,2023-01-14 07:44:00,1,0.86,1,N,215,134,1,53.63,2.5,0.5,2.57,6.55,1.0,69.25,2.5,0.0
2,2023-01-14 12:37:00,2023-01-14 13:08:00,1,1.69,4,N,227,243,1,5.4,1.0,0.5,5.46,0.0,1.0,17.61,2.5,1.75
1,2023-01-14 15:03:00,2023-01-14 15:16:00,1,1.43,1,N,98,208,1,8.59,0.0,0.5,1.28,6.55,1.0,17.92,0.0,0.0
1,2023-01-14 15:07:00,2023-01-14 15:35:00,1,4.56,1,N,60,149,1,8.13,0.0,0.5,1.02,0.0,1.0,13.15,2.5,0.0
2,2023-01-14 15:55:00,2023-01-14 16:48:00,3,2.52,1,N,93,102,1,3.36,2.5,0.5,7.42,0.0,1.0,17.28,2.5,0.0
2,2023-01-14 17:42:00,2023-01-14 18:01:00,1,3.09,1,N,188,170,1,4.28,3.5,0.5,0.19,6.55,1.0,18.52,2.5,0.0
1,2023-01-14 18:16:00,2023-01-14 18:52:00,1,0.83,1,N,52,194,1,7.09,3.5,0.5,0.59,6.55,1.0,21.73,2.5,0.0
1,2023-01-14 18:16:00,2023-01-14 18:43:00,1,0.64,1,N,217,211,1,20.42,2.5,0.5,7.33,0.0,1.0,34.25,2.5,0.0
1,2023-01-14 19:10:00,2023-01-14 19:33:00,3,6.4,1,N,100,57,1,32.88,3.5,0.5,0.2,0.0,1.0,40.58,2.5,0.0
1,2023-01-14 20:55:00,2023-01-14 21:10:00,4,2.91,1,N,260,60,1,14.12,3.5,0.5,1.84,0.0,1.0,25.21,2.5,1.75
1,2023-01-14 21:59:00,2023-01-14 22:07:00,1,12.94,1,N,170,102,1,5.38,0.0,0.5,5.46,6.55,1.0,21.39,2.5,0.0
1,2023-01-14 22:16:00,2023-01-14 22:41:00,1,1.38,1,N,254,123,1,29.42,1.0,0.5,1.86,6.55,1.0,40.33,0.0,0.0
2,2023-01-14 22:34:00,2023-01-14 23:32:00,1,2.21,1,N,170,45,2,6.57,3.5,0.5,12.31,0.0,1.0,23.88,0.0,0.0
2,2023-01-15 02:43:00,2023-01-15 03:33:00,1,1.41,1,N,67,135,1,8.57,0.5,0.5,1.33,0.0,1.0,14.4,2.5,0.0
2,2023-01-15 03:49:00,2023-01-15 04:25:00,1,3.4,1,N,209,130,4,3.15,1.0,0.5,0.29,0.0,1.0,8.44,2.5,0.0
1,2023-01-15 11:35:00,2023-01-15 11:56:00,3,6.55,1,N,160,258,2,13.39,0.0,0.5,3.0,0.0,1.0,17.89,0.0,0.0
2,2023-01-15 12:43:00,2023-01-15 12:50:00,1,2.16,1,N,81,87,1,11.48,0.5,0.5,0.44,0.0,1.0,13.92,0.0,0.0
1,2023-01-15 14:42:00,2023-01-15 15:05:00,1,2.54,1,N,229,95,1,11.94,3.5,0.5,0.75,0.0,1.0,20.19,2.5,0.0
1,2023-01-15 15:07:00,2023-01-15 15:49:00,1,0.68,1,N,257,68,1,32.36,3.5,0.5,2.74,0.0,1.0,44.35,2.5,1.75
2,2023-01-15 16:52:00,2023-01-15 17:09:00,1,1.98,1,N,150,190,2,10.17,2.5,0.5,1.0,6.55,1.0,21.72,0.0,0.0
1,2023-01-15 18:13:00,2023-01-15 18:18:00,1,3.33,1,Y,180,174,2,30.06,0.0,0.5,0.19,0.0,1.0,34.25,2.5,0.0
2,2023-01-15 18:41:00,2023-01-15 18:59:00,1,0.85,1,N,50,200,1,10.25,3.5,0.5,1.63,6.55,1.0,25.93,2.5,0.0
1,2023-01-15 20:38:00,2023-01-15 20:58:00,1,3.16,1,N,85,104,1,9.15,2.5,0.5,1.5,0.0,1.0,16.4,0.0,1.75
2,2023-01-16 00:50:00,2023-01-16 01:26:00,1,1.09,1,N,40,224,2,31.73,3.5,0.5,0.1,6.55,1.0,45.13,0.0,1.75
1,2023-01-16 05:59:00,2023-01-16 06:17:00,2,1.95,1,N,206,95,1,42.43,3.5,0.5,2.45,6.55,1.0,56.43,0.0,0.0
2,2023-01-16 07:11:00,2023-01-16 07:47:00,1,1.68,1,N,4,90,2,21.17,1.0,0.5,6.6,0.0,1.0,32.77,2.5,0.0
2,2023-01-16 12:17:00,2023-01-16 12:25:00,3,0.64,1,N,168,60,1,20.48,0.0,0.5,0.82,0.0,1.0,22.8,0.0,0.0
2,2023-01-16 13:51:00,2023-01-16 14:22:00,1,7.78,1,N,242,126,1,4.77,2.5,0.5,0.73,0.0,1.0,12.0,2.5,0.0
2,2023-01-16 14:50:00,2023-01-16 15:01:00,1,1.11,1,N,5,36,1,6.24,1.0,0.5,11.21,6.55,1.0,29.0,2.5,0.0
1,2023-01-16 14:59:00,2023-01-16 15:04:00,1,8.84,1,N,231,159,1,17.07,0.5,0.5,6.22,0.0,1.0,25.29,0.0,0.0
2,2023-01-16 16:41:00,2023-01-16 17:22:00,3,1.0,1,N,195,192,1,14.02,2.5,0.5,0.8,0.0,1.0,23.07,2.5,1.75
2,2023-01-16 16:56:00,2023-01-16 17:53:00,1,8.36,4,N,247,23,1,11.55,1.0,0.5,1.79,0.0,1.0,18.34,2.5,0.0
2,2023-01-16 17:51:00,2023-01-16 18:47:00,3,1.65,1,N,59,78,2,14.87,1.0,0.5,12.64,0.0,1.0,34.26,2.5,1.75
2,2023-01-16 18:12:00,2023-01-16 18:36:00,1,2.02,1,N,18,150,1,25.54,1.0,0.5,1.64,0.0,1.0,33.93,2.5,1.75
2,2023-01-17 00:51:00,2023-01-17 01:30:00,1,4.56,1,N,125,1,2,3.23,3.5,0.5,0.94,0.0,1.0,9.17,0.0,0.0
2,2023-01-17 02:39:00,2023-01-17 03:31:00,2,2.47,1,N,25,103,1,5.71,0.0,0.5,1.48,6.55,1.0,15.24,0.0,0.0
2,2023-01-17 03:16:00,2023-01-17 04:08:00,1,0.74,1,N,58,120,1,23.7,1.0,0.5,3.35,6.55,1.0,38.6,2.5,0.0
2,2023-01-17 03:27:00,2023-01-17 03:39:00,1,0.92,1,N,163,29,1,19.92,2.5,0.5,0.85,6.55,1.0,31.32,0.0,0.0
1,2023-01-17 03:28:00,2023-01-17 03:55:00,2,3.45,2,N,11,184,1,3.62,1.0,0.5,7.27,6.55,1.0,22.44,2.5,0.0
2,2023-01-17 03:55:00,2023-01-17 04:38:00,1,2.76,1,N,199,173,1,18.28,1.0,0.5,2.24,0.0,1.0,25.52,2.5,0.0
1,2023-01-17 04:04:00,2023-01-17 04:14:00,2,1.57,1,N,168,164,1,3.61,0.0,0.5,2.97,6.55,1.0,17.13,2.5,0.0
1,2023-01-17 04:32:00,2023-01-17 05:01:00,1,2.23,1,N,23,163,2,18.15,2.5,0.5,0.48,0.0,1.0,25.13,2.5,0.0
2,2023-01-17 04:41:00,2023-01-17 05:13:00,5,0.41,2,N,119,205,1,24.59,2.5,0.5,0.01,0.0,1.0,31.1,2.5,0.0
2,2023-01-17 05:46:00,2023-01-17 05:55:00,1,4.32,1,N,60,53,1,10.46,3.5,0.5,1.57,6.55,1.0,26.08,2.5,0.0
2,2023-01-17 05:47:00,2023-01-17 06:29:00,1,1.86,1,N,21,237,1,7.19,0.5,0.5,0.64,0.0,1.0,12.33,2.5,0.0
1,2023-01-17 06:08:00,2023-01-17 06:52:00,1,0.68,1,N,199,207,1,9.15,0.5,0.5,0.1,0.0,1.0,11.25,0.0,0.0
2,2023-01-17 06:29:00,2023-01-17 07:23:00,1,4.75,2,N,193,213,2,7.45,2.5,0.5,0.46,0.0,1.0,14.41,2.5,0.0
2,2023-01-17 08:39:00,2023-01-17 09:14:00,4,5.76,1,N,6,229,1,6.28,1.0,0.5,1.02,0.0,1.0,12.3,2.5,0.0
1,2023-01-17 09:44:00,2023-01-17 09:58:00,1,0.31,1,N,231,77,2,4.92,0.5,0.5,1.86,6.55,1.0,15.33,0.0,0.0
1,2023-01-17 11:52:00,2023-01-17 12:19:00,1,3.55,1,N,219,174,1,13.96,0.0,0.5,0.73,0.0,1.0,17.94,0.0,1.75
2,2023-01-17 12:22:00,2023-01-17 12:54:00,1,2.42,1,Y,232,74,1,6.49,3.5,0.5,2.34,6.55,1.0,20.38,0.0,0.0
2,2023-01-17 13:14:00,2023-01-17 13:35:00,1,0.45,1,N,241,221,1,32.37,0.5,0.5,1.61,0.0,1.0,40.23,2.5,1.75
2,2023-01-17 16:42:00,2023-01-17 17:03:00,1,1.57,1,N,168,222,2,9.12,3.5,0.5,0.44,6.55,1.0,23.61,2.5,0.0
2,2023-01-17 17:11:00,2023-01-17 17:40:00,4,10.28,1,N,71,264,2,8.31,0.5,0.5,0.07,0.0,1.0,12.88,2.5,0.0
1,2023-01-17 21:00:00,2023-01-17 21:47:00,1,0.43,1,Y,38,80,3,17.57,1.0,0.5,1.07,0.0,1.0,23.64,2.5,0.0
1,2023-01-17 21:54:00,2023-01-17 22:48:00,3,3.8,1,N,30,100,1,15.85,2.5,0.5,0.11,6.55,1.0,29.01,2.5,0.0
2,2023-01-17 21:54:00,2023-01-17 22:31:00,2,1.46,2,N,245,26,1,50.04,0.0,0.5,1.21,0.0,1.0,57.0,2.5,1.75
1,2023-01-18 00:58:00,2023-01-18 01:52:00,1,3.35,1,N,178,11,1,27.38,2.5,0.5,1.24,0.0,1.0,36.87,2.5,1.75
1,2023-01-18 02:48:00,2023-01-18 03:05:00,1,0.7,1,N,160,170,1,7.14,0.5,0.5,1.38,0.0,1.0,10.52,0.0,0.0
1,2023-01-18 03:40:00,2023-01-18 04:29:00,1,4.32,5,N,258,50,1,14.5,1.0,0.5,0.34,6.55,1.0,26.39,2.5,0.0
1,2023-01-18 09:33:00,2023-01-18 10:23:00,2,4.05,1,N,26,248,2,12.35,3.5,0.5,0.46,6.55,1.0,26.86,2.5,0.0
2,2023-01-18 17:17:00,2023-01-18 17:47:00,1,1.65,1,N,229,16,1,37.45,1.0,0.5,0.42,0.0,1.0,40.37,0.0,0.0
2,2023-01-18 17:25:00,2023-01-18 18:13:00,1,1.24,1,N,190,86,1,19.53,3.5,0.5,5.32,6.55,1.0,38.9,2.5,0.0
2,2023-01-18 17:59:00,2023-01-18 18:55:00,1,3.64,1,N,260,120,2,6.9,0.5,0.5,0.7,0.0,1.0,12.1,2.5,0.0
1,2023-01-18 18:32:00,2023-01-18 19:11:00,4,2.19,1,N,103,149,1,38.44,2.5,0.5,0.83,6.55,1.0,52.32,2.5,0.0
2,2023-01-18 19:55:00,2023-01-18 20:17:00,1,1.28,1,N,208,144,1,86.73,0.5,0.5,0.07,6.55,1.0,97.85,2.5,0.0
2,2023-01-18 20:59:00,2023-01-18 21:37:00,3,11.46,1,N,33,26,2,4.59,2.5,0.5,8.2,6.55,1.0,25.84,2.5,0.0
2,2023-01-18 23:41:00,2023-01-19 00:33:00,1,3.05,1,N,81,35,1,5.48,0.5,0.5,0.11,6.55,1.0,16.64,2.5,0.0
1,2023-01-19 00:19:00,2023-01-19 00:36:00,2,2.56,1,N,143,262,1,26.95,1.0,0.5,1.06,6.55,1.0,37.06,0.0,0.0
2,2023-01-19 00:19:00,2023-01-19 00:26:00,1,1.1,1,N,48,199,1,18.55,3.5,0.5,5.31,0.0,1.0,33.11,2.5,1.75
2,2023-01-19 01:11:00,2023-01-19 02:00:00,1,3.77,3,N,218,227,1,5.37,0.0,0.5,0.81,0.0,1.0,7.68,0.0,0.0
1,2023-01-19 01:46:00,2023-01-19 02:10:00,1,3.64,1,N,6,227,2,25.74,3.5,0.5,2.48,6.55,1.0,42.27,2.5,0.0
1,2023-01-19 02:29:00,2023-01-19 03:17:00,1,1.58,1,N,90,169,1,16.42,0.5,0.5,1.58,0.0,1.0,22.5,2.5,0.0
2,2023-01-19 02:41:00,2023-01-19 03:35:00,1,5.14,1,N,15,92,1,3.42,0.5,0.5,4.47,0.0,1.0,12.39,2.5,0.0
2,2023-01-19 02:46:00,2023-01-19 02:57:00,1,0.87,1,N,192,41,1,29.65,2.5,0.5,8.38,6.55,1.0,48.58,0.0,0.0
2,2023-01-19 03:55:00,2023-01-19 04:37:00,1,0.8,1,N,159,47,1,26.36,0.0,0.5,1.4,0.0,1.0,31.76,2.5,0.0
1,2023-01-19 05:50:00,2023-01-19 06:28:00,1,2.39,1,N,5,174,1,26.1,0.5,0.5,3.52,6.55,1.0,40.67,2.5,0.0
1,2023-01-19 07:45:00,2023-01-19 08:03:00,1,1.53,1,N,214,51,4,3.04,0.5,0.5,1.37,6.55,1.0,15.46,2.5,0.0
2,2023-01-19 11:36:00,2023-01-19 12:10:00,1,1.48,1,N,179,248,1,56.47,2.5,0.5,0.05,6.55,1.0,69.57,2.5,0.0
1,2023-01-19 12:14:00,2023-01-19 12:34:00,5,2.67,1,N,125,96,1,3.01,1.0,0.5,0.51,0.0,1.0,8.52,2.5,0.0
2,2023-01-19 13:34:00,2023-01-19 13:59:00,1,1.42,1,N,258,42,1,3.96,1.0,0.5,0.18,6.55,1.0,15.69,2.5,0.0
1,2023-01-19 14:30:00,2023-01-19 15:01:00,2,3.8,1,N,64,237,2,3.95,3.5,0.5,1.07,0.0,1.0,12.52,2.5,0.0
1,2023-01-19 14:46:00,2023-01-19 14:55:00,1,1.21,3,N,78,203,1,12.83,0.0,0.5,1.86,6.55,1.0,25.24,2.5,0.0
1,2023-01-20 04:32:00,2023-01-20 04:53:00,3,1.33,1,N,148,177,1,6.97,3.5,0.5,1.27,0.0,1.0,17.49,2.5,1.75
2,2023-01-20 05:52:00,2023-01-20 06:17:00,1,1.43,1,N,250,226,1,5.93,1.0,0.5,6.12,6.55,1.0,25.35,2.5,1.75
1,2023-01-20 06:03:00,2023-01-20 06:54:00,1,6.35,1,N,205,231,1,7.17,3.5,0.5,5.31,0.0,1.0,19.98,2.5,0.0
2,2023-01-20 07:18:00,2023-01-20 07:49:00,3,0.93,1,N,17,2,2,21.33,0.0,0.5,6.71,0.0,1.0,32.04,2.5,0.0
1,2023-01-20 08:16:00,2023-01-20 08:21:00,1,1.31,1,N,16,215,1,9.19,2.5,0.5,0.25,0.0,1.0,17.69,2.5,1.75
2,2023-01-20 13:01:00,2023-01-20 13:36:00,1,1.31,1,N,212,146,2,7.7,0.0,0.5,4.13,6.55,1.0,22.38,2.5,0.0
2,2023-01-20 14:02:00,2023-01-20 14:32:00,5,6.16,1,N,82,10,1,26.44,1.0,0.5,3.89,0.0,1.0,37.08,2.5,1.75
2,2023-01-20 14:51:00,2023-01-20 14:56:00,4,0.36,1,N,81,118,1,11.32,0.0,0.5,1.11,0.0,1.0,16.43,2.5,0.0
2,2023-01-20 15:35:00,2023-01-20 16:23:00,1,1.84,1,N,202,69,3,14.83,2.5,0.5,2.13,0.0,1.0,23.46,2.5,0.0
2,2023-01-20 16:08:00,2023-01-20 16:30:00,1,1.3,1,N,150,43,1,13.18,3.5,0.5,3.85,0.0,1.0,22.03,0.0,0.0
2,2023-01-20 16:45:00,2023-01-20 17:05:00,1,0.86,1,N,43,71,1,10.67,0.5,0.5,4.08,0.0,1.0,19.25,2.5,0.0
1,2023-01-20 17:00:00,2023-01-20 17:45:00,1,4.02,1,N,111,76,2,14.51,3.5,0.5,1.55,6.55,1.0,30.11,2.5,0.0
1,2023-01-20 21:05:00,2023-01-20 21:24:00,3,2.84,1,N,93,169,1,50.25,0.0,0.5,1.99,0.0,1.0,56.24,2.5,0.0
2,2023-01-20 21:13:00,2023-01-20 22:07:00,2,1.96,1,N,24,146,1,9.57,0.0,0.5,7.09,0.0,1.0,20.66,2.5,0.0
1,2023-01-21 07:37:00,2023-01-21 08:29:00,1,6.3,1,N,106,109,2,18.74,0.0,0.5,6.01,0.0,1.0,28.75,2.5,0.0
2,2023-01-21 08:21:00,2023-01-21 09:13:00,1,1.72,4,N,50,183,1,3.01,0.0,0.5,2.24,0.0,1.0,9.25,2.5,0.0
1,2023-01-21 08:56:00,2023-01-21 09:55:00,1,1.77,2,N,15,251,1,49.99,2.5,0.5,10.05,6.55,1.0,72.34,0.0,1.75
2,2023-01-21 09:05:00,2023-01-21 09:22:00,2,3.64,3,N,104,61,1,22.24,0.0,0.5,0.15,0.0,1.0,26.39,2.5,0.0
1,2023-01-21 10:02:00,2023-01-21 10:38:00,1,7.68,1,N,191,61,1,12.39,0.0,0.5,7.65,6.55,1.0,30.59,2.5,0.0
1,2023-01-21 15:25:00,2023-01-21 15:49:00,3,2.17,1,N,161,195,1,24.23,1.0,0.5,6.71,6.55,1.0,42.49,2.5,0.0
1,2023-01-21 16:53:00,2023-01-21 17:40:00,3,4.34,1,N,88,38,1,79.52,2.5,0.5,0.49,6.55,1.0,93.06,2.5,0.0
1,2023-01-21 19:16:00,2023-01-21 19:34:00,3,1.31,1,N,64,195,1,19.74,2.5,0.5,2.85,0.0,1.0,26.59,0.0,0.0
1,2023-01-21 19:44:00,2023-01-21 20:08:00,1,3.0,2,N,144,186,1,25.02,0.5,0.5,2.29,0.0,1.0,29.31,0.0,0.0
1,2023-01-21 21:03:00,2023-01-21 21:36:00,5,5.36,1,N,65,153,1,6.83,1.0,0.5,2.97,6.55,1.0,21.35,2.5,0.0
2,2023-01-21 21:39:00,2023-01-21 22:25:00,1,1.18,2,N,107,78,1,27.61,1.0,0.5,2.17,0.0,1.0,34.78,2.5,0.0
2,2023-01-22 00:17:00,2023-01-22 00:48:00,4,8.37,1,N,46,74,1,6.55,0.5,0.5,0.44,0.0,1.0,10.74,0.0,1.75
1,2023-01-22 01:55:00,2023-01-22 02:51:00,1,2.46,1,N,217,42,1,3.58,2.5,0.5,1.04,6.55,1.0,17.67,2.5,0.0
2,2023-01-22 03:27:00,2023-01-22 04:03:00,1,2.8,1,N,132,122,1,12.81,0.0,0.5,2.45,0.0,1.0,19.26,2.5,0.0
2,2023-01-22 04:55:00,2023-01-22 05:16:00,3,0.31,1,N,203,69,1,14.9,1.0,0.5,0.59,6.55,1.0,24.54,0.0,0.0
2,2023-01-22 06:51:00,2023-01-22 07:09:00,1,1.59,1,N,141,231,2,4.16,3.5,0.5,1.72,6.55,1.0,19.93,2.5,0.0
2,2023-01-22 09:11:00,2023-01-22 09:50:00,2,9.45,1,N,258,189,1,14.37,3.5,0.5,0.43,6.55,1.0,28.85,2.5,0.0
2,2023-01-22 11:49:00,2023-01-22 12:01:00,2,10.51,1,N,25,73,2,26.15,0.5,0.5,1.32,6.55,1.0,38.52,2.5,0.0
2,2023-01-22 12:47:00,2023-01-22 13:46:00,3,2.7,2,N,124,41,1,9.02,2.5,0.5,0.77,6.55,1.0,24.59,2.5,1.75
1,2023-01-22 13:04:00,2023-01-22 13:47:00,1,0.67,1,N,34,187,1,16.86,0.0,0.5,5.49,0.0,1.0,23.85,0.0,0.0
2,2023-01-22 14:05:00,2023-01-22 14:20:00,1,1.7,1,N,195,113,1,9.75,2.5,0.5,4.19,0.0,1.0,20.44,2.5,0.0
2,2023-01-22 18:28:00,2023-01-22 18:37:00,4,0.93,1,N,68,212,1,10.55,2.5,0.5,10.62,6.55,1.0,33.47,0.0,1.75
2,2023-01-22 22:25:00,2023-01-22 22:49:00,1,3.43,1,N,122,81,1,5.18,0.0,0.5,6.44,0.0,1.0,13.12,0.0,0.0
1,2023-01-22 22:38:00,2023-01-22 23:37:00,1,1.14,1,N,238,158,2,5.4,0.5,0.5,1.69,0.0,1.0,11.59,2.5,0.0
2,2023-01-23 02:52:00,2023-01-23 03:19:00,1,1.35,1,N,175,228,1,7.4,1.0,0.5,1.21,6.55,1.0,20.16,2.5,0.0
2,2023-01-23 06:57:00,2023-01-23 07:08:00,1,0.64,1,N,5,229,1,19.83,0.5,0.5,1.16,6.55,1.0,32.04,2.5,0.0
1,2023-01-23 07:01:00,2023-01-23 07:32:00,1,0.64,1,Y,156,251,1,18.14,0.0,0.5,1.9,0.0,1.0,21.54,0.0,0.0
2,2023-01-23 07:54:00,2023-01-23 08:20:00,3,3.0,1,N,167,215,1,5.79,3.5,0.5,1.9,6.55,1.0,21.74,2.5,0.0
2,2023-01-23 08:14:00,2023-01-23 08:32:00,1,10.61,1,N,243,96,1,16.16,2.5,0.5,0.02,6.55,1.0,26.73,0.0,0.0
1,2023-01-23 08:57:00,2023-01-23 09:51:00,1,0.69,5,N,159,147,1,26.89,3.5,0.5,0.49,6.55,1.0,38.93,0.0,0.0
2,2023-01-23 09:10:00,2023-01-23 09:17:00,1,4.44,1,N,176,255,4,5.78,0.5,0.5,5.66,0.0,1.0,15.94,2.5,0.0
1,2023-01-23 09:45:00,2023-01-23 10:34:00,1,1.75,1,N,208,74,2,4.14,3.5,0.5,4.38,0.0,1.0,16.02,2.5,0.0
1,2023-01-23 12:41:00,2023-01-23 13:17:00,1,4.73,1,N,205,68,1,7.19,1.0,0.5,2.81,0.0,1.0,16.75,2.5,1.75
2,2023-01-23 17:11:00,2023-01-23 17:22:00,1,0.38,1,N,118,183,1,3.22,3.5,0.5,0.97,0.0,1.0,10.94,0.0,1.75
1,2023-01-23 17:33:00,2023-01-23 17:51:00,1,1.61,1,N,3,147,1,3.59,3.5,0.5,2.13,0.0,1.0,13.22,2.5,0.0
2,2023-01-23 18:06:00,2023-01-23 18:53:00,3,1.53,1,N,147,83,1,4.04,1.0,0.5,0.16,6.55,1.0,15.75,2.5,0.0
1,2023-01-23 18:09:00,2023-01-23 18:47:00,1,0.61,1,N,26,43,1,15.61,2.5,0.5,1.49,6.55,1.0,30.15,2.5,0.0
2,2023-01-23 21:26:00,2023-01-23 21:51:00,1,1.11,1,N,255,94,1,4.5,3.5,0.5,3.01,6.55,1.0,19.06,0.0,0.0
2,2023-01-24 03:02:00,2023-01-24 03:27:00,1,1.26,1,N,68,213,1,4.24,3.5,0.5,0.25,0.0,1.0,13.74,2.5,1.75
2,2023-01-24 03:20:00,2023-01-24 03:46:00,1,2.64,1,N,164,55,1,26.25,2.5,0.5,4.29,0.0,1.0,38.79,2.5,1.75
1,2023-01-24 03:24:00,2023-01-24 04:16:00,1,5.18,1,N,146,232,1,32.46,1.0,0.5,0.1,6.55,1.0,41.61,0.0,0.0
2,2023-01-24 03:40:00,2023-01-24 03:49:00,2,0.41,1,N,169,108,2,5.48,1.0,0.5,1.56,6.55,1.0,18.59,2.5,0.0
2,2023-01-24 09:31:00,2023-01-24 09:52:00,1,4.99,1,N,185,96,1,11.01,3.5,0.5,2.74,6.55,1.0,29.55,2.5,1.75
1,2023-01-24 11:03:00,2023-01-24 11:57:00,3,3.21,1,N,39,138,1,25.52,1.0,0.5,3.09,0.0,1.0,35.36,2.5,1.75
2,2023-01-24 11:07:00,2023-01-24 11:35:00,3,0.64,1,N,147,145,1,12.98,0.0,0.5,3.18,0.0,1.0,20.16,2.5,0.0
2,2023-01-24 12:08:00,2023-01-24 13:04:00,1,2.42,1,N,51,262,2,12.24,0.0,0.5,4.3,0.0,1.0,18.04,0.0,0.0
2,2023-01-24 12:26:00,2023-01-24 12:52:00,1,0.96,1,N,4,136,1,3.44,0.5,0.5,2.44,0.0,1.0,7.88,0.0,0.0
2,2023-01-24 12:32:00,2023-01-24 13:05:00,1,0.52,1,N,237,166,1,16.79,0.5,0.5,0.84,6.55,1.0,26.18,0.0,0.0
2,2023-01-24 12:56:00,2023-01-24 13:30:00,2,0.95,1,N,59,192,1,10.47,0.5,0.5,0.18,0.0,1.0,15.15,2.5,0.0
1,2023-01-24 16:04:00,2023-01-24 16:41:00,1,5.14,1,N,146,126,1,22.48,2.5,0.5,2.0,0.0,1.0,28.48,0.0,0.0
2,2023-01-24 17:12:00,2023-01-24 18:11:00,1,2.79,1,N,34,99,1,23.43,0.5,0.5,0.27,0.0,1.0,25.7,0.0,0.0
1,2023-01-24 23:18:00,2023-01-24 23:36:00,3,0.92,1,N,66,161,2,21.87,0.0,0.5,4.2,0.0,1.0,30.07,2.5,0.0
2,2023-01-24 23:40:00,2023-01-25 00:22:00,4,0.3,1,N,239,1,1,5.04,0.5,0.5,1.03,0.0,1.0,10.57,2.5,0.0
2,2023-01-25 00:00:00,2023-01-25 00:11:00,1,1.0,1,N,207,77,1,14.64,3.5,0.5,10.12,0.0,1.0,29.76,0.0,0.0
2,2023-01-25 00:34:00,2023-01-25 01:06:00,2,0.6,1,N,110,166,1,14.87,1.0,0.5,1.87,0.0,1.0,21.74,2.5,0.0
2,2023-01-25 02:21:00,2023-01-25 02:47:00,4,1.23,1,N,134,164,3,46.46,0.5,0.5,4.55,6.55,1.0,62.06,2.5,0.0
2,2023-01-25 02:27:00,2023-01-25 03:06:00,2,0.97,1,N,223,217,1,6.44,0.5,0.5,7.03,0.0,1.0,17.97,2.5,0.0
1,2023-01-25 03:13:00,2023-01-25 03:31:00,3,1.54,1,N,116,83,1,5.98,3.5,0.5,3.25,6.55,1.0,23.28,2.5,0.0
2,2023-01-25 03:33:00,2023-01-25 03:55:00,1,3.04,1,N,248,191,1,39.74,0.0,0.5,5.16,6.55,1.0,55.45,2.5,0.0
1,2023-01-25 05:51:00,2023-01-25 06:16:00,4,1.04,4,N,121,68,1,8.47,3.5,0.5,2.11,0.0,1.0,18.08,2.5,0.0
2,2023-01-25 06:04:00,2023-01-25 06:17:00,1,1.52,1,N,35,210,1,3.89,2.5,0.5,3.8,0.0,1.0,14.19,2.5,0.0
2,2023-01-25 12:12:00,2023-01-25 13:07:00,1,4.05,1,N,158,11,2,19.34,1.0,0.5,2.95,6.55,1.0,33.84,2.5,0.0
2,2023-01-25 16:05:00,2023-01-25 16:51:00,4,1.73,2,N,252,58,1,7.09,0.0,0.5,0.86,6.55,1.0,20.25,2.5,1.75
2,2023-01-25 17:54:00,2023-01-25 18:01:00,1,5.2,1,N,74,3,1,9.91,0.5,0.5,8.25,6.55,1.0,26.71,0.0,0.0
1,2023-01-25 19:09:00,2023-01-25 19:29:00,1,1.42,1,N,151,247,1,14.78,0.5,0.5,3.59,0.0,1.0,22.87,2.5,0.0
2,2023-01-25 19:33:00,2023-01-25 19:59:00,1,2.1,1,N,62,151,1,3.13,2.5,0.5,3.62,0.0,1.0,15.0,2.5,1.75
1,2023-01-25 22:23:00,2023-01-25 22:49:00,1,1.71,1,N,95,222,1,11.37,3.5,0.5,3.99,0.0,1.0,24.61,2.5,1.75
2,2023-01-25 23:14:00,2023-01-25 23:27:00,1,3.51,1,N,221,191,1,4.73,3.5,0.5,2.14,0.0,1.0,11.87,0.0,0.0
1,2023-01-26 00:35:00,2023-01-26 01:11:00,1,0.48,1,N,24,193,1,10.42,2.5,0.5,1.0,0.0,1.0,17.92,2.5,0.0
1,2023-01-26 03:07:00,2023-01-26 03:43:00,1,1.5,2,N,56,87,4,4.09,0.5,0.5,0.61,0.0,1.0,10.95,2.5,1.75
1,2023-01-26 05:21:00,2023-01-26 05:55:00,2,0.9,1,N,58,218,1,10.03,2.5,0.5,0.49,6.55,1.0,23.57,2.5,0.0
2,2023-01-26 06:53:00,2023-01-26 07:01:00,1,0.4,1,N,254,70,1,6.62,1.0,0.5,1.02,0.0,1.0,12.64,2.5,0.0
1,2023-01-26 07:48:00,2023-01-26 07:59:00,1,2.08,2,N,76,248,2,16.69,0.0,0.5,3.79,0.0,1.0,24.48,2.5,0.0
2,2023-01-26 08:07:00,2023-01-26 08:48:00,2,5.33,3,Y,193,182,1,15.93,1.0,0.5,2.05,0.0,1.0,20.48,0.0,0.0
1,2023-01-26 10:31:00,2023-01-26 11:27:00,2,3.68,1,N,246,66,1,3.11,1.0,0.5,2.4,0.0,1.0,10.51,2.5,0.0
2,2023-01-26 11:08:00,2023-01-26 11:19:00,4,0.7,4,N,196,174,2,8.51,2.5,0.5,7.04,6.55,1.0,28.6,2.5,0.0
1,2023-01-26 11:23:00,2023-01-26 12:02:00,1,6.72,1,N,50,177,2,28.73,1.0,0.5,3.16,0.0,1.0,36.89,2.5,0.0
2,2023-01-26 16:59:00,2023-01-26 17:35:00,2,5.3,1,N,144,79,1,4.0,0.0,0.5,0.56,6.55,1.0,12.61,0.0,0.0
2,2023-01-26 17:14:00,2023-01-26 17:59:00,1,0.91,1,N,138,246,1,4.05,2.5,0.5,6.32,6.55,1.0,23.42,2.5,0.0
1,2023-01-26 21:05:00,2023-01-26 21:22:00,3,3.99,1,N,258,165,1,18.28,0.0,0.5,0.03,0.0,1.0,22.31,2.5,0.0
2,2023-01-26 23:14:00,2023-01-26 23:46:00,1,0.38,1,N,135,63,1,16.97,3.5,0.5,6.06,6.55,1.0,37.08,2.5,0.0
2,2023-01-27 03:21:00,2023-01-27 03:47:00,1,2.44,1,N,175,248,3,11.1,2.5,0.5,0.37,6.55,1.0,24.52,2.5,0.0
1,2023-01-27 10:27:00,2023-01-27 10:59:00,1,3.44,1,N,66,134,4,7.48,3.5,0.5,1.91,0.0,1.0,16.89,2.5,0.0
2,2023-01-27 11:02:00,2023-01-27 11:08:00,1,1.61,1,N,108,99,1,5.72,0.0,0.5,0.3,0.0,1.0,7.52,0.0,0.0
2,2023-01-27 12:51:00,2023-01-27 13:05:00,5,0.97,4,N,30,242,1,8.9,0.0,0.5,1.1,0.0,1.0,11.5,0.0,0.0
2,2023-01-27 14:24:00,2023-01-27 15:21:00,1,7.82,1,N,249,20,1,14.87,1.0,0.5,2.45,6.55,1.0,28.12,0.0,1.75
1,2023-01-27 17:07:00,2023-01-27 17:35:00,4,0.5,1,N,144,256,2,10.95,1.0,0.5,1.31,0.0,1.0,17.26,2.5,0.0
1,2023-01-27 18:27:00,2023-01-27 19:09:00,1,5.84,1,N,247,199,2,28.24,3.5,0.5,2.35,0.0,1.0,38.09,2.5,0.0
2,2023-01-27 18:58:00,2023-01-27 19:50:00,4,2.51,1,N,31,143,1,22.21,0.0,0.5,2.03,6.55,1.0,34.79,2.5,0.0
2,2023-01-27 19:55:00,2023-01-27 20:20:00,4,0.69,1,N,54,36,2,12.21,3.5,0.5,0.92,0.0,1.0,19.88,0.0,1.75
2,2023-01-27 22:05:00,2023-01-27 22:47:00,1,3.34,1,N,106,29,1,16.44,3.5,0.5,1.79,6.55,1.0,29.78,0.0,0.0
1,2023-01-28 03:02:00,2023-01-28 03:32:00,1,9.78,1,N,17,92,1,4.6,0.0,0.5,0.0,6.55,1.0,15.15,2.5,0.0
1,2023-01-28 03:21:00,2023-01-28 03:41:00,1,0.38,1,N,145,50,1,14.08,3.5,0.5,0.76,6.55,1.0,28.89,2.5,0.0
2,2023-01-28 03:44:00,2023-01-28 03:59:00,1,6.31,1,N,8,56,1,6.23,1.0,0.5,0.78,0.0,1.0,12.01,2.5,0.0
2,2023-01-28 06:39:00,2023-01-28 07:03:00,1,0.93,4,N,260,116,1,9.76,0.0,0.5,3.04,0.0,1.0,18.55,2.5,1.75
2,2023-01-28 07:53:00,2023-01-28 08:13:00,1,12.97,1,N,243,149,1,52.97,0.0,0.5,3.2,0.0,1.0,57.67,0.0,0.0
2,2023-01-28 10:19:00,2023-01-28 10:36:00,1,0.48,1,N,148,134,4,6.17,3.5,0.5,1.67,0.0,1.0,15.34,2.5,0.0
2,2023-01-28 11:13:00,2023-01-28 12:03:00,1,5.44,1,N,176,225,1,24.25,0.5,0.5,0.14,6.55,1.0,35.44,2.5,0.0
2,2023-01-28 13:51:00,2023-01-28 14:24:00,1,0.93,1,N,11,78,1,50.49,0.5,0.5,4.54,0.0,1.0,61.28,2.5,1.75
2,2023-01-28 17:01:00,2023-01-28 17:58:00,1,3.77,1,N,16,124,1,6.08,2.5,0.5,2.41,6.55,1.0,21.54,2.5,0.0
1,2023-01-28 18:26:00,2023-01-28 18:57:00,1,1.89,1,N,164,260,1,3.2,0.0,0.5,1.26,6.55,1.0,12.51,0.0,0.0
2,2023-01-28 21:09:00,2023-01-28 21:46:00,1,5.52,1,N,196,52,1,19.72,1.0,0.5,2.72,6.55,1.0,35.74,2.5,1.75
1,2023-01-29 01:07:00,2023-01-29 01:59:00,1,2.98,2,N,126,245,1,12.63,0.0,0.5,6.32,0.0,1.0,22.95,2.5,0.0
2,2023-01-29 03:42:00,2023-01-29 04:03:00,1,1.09,1,N,28,87,2,11.82,0.5,0.5,2.52,6.55,1.0,27.14,2.5,1.75
2,2023-01-29 06:58:00,2023-01-29 07:44:00,4,1.23,1,N,164,241,1,3.59,1.0,0.5,6.42,6.55,1.0,21.56,2.5,0.0
1,2023-01-29 08:09:00,2023-01-29 08:47:00,1,4.25,1,N,130,254,1,4.62,0.5,0.5,0.86,0.0,1.0,7.48,0.0,0.0
2,2023-01-29 12:50:00,2023-01-29 12:58:00,1,8.11,1,N,106,72,1,4.45,1.0,0.5,2.97,0.0,1.0,12.42,2.5,0.0
1,2023-01-29 19:45:00,2023-01-29 20:15:00,2,3.87,3,N,204,157,1,33.76,0.5,0.5,6.69,6.55,1.0,49.0,0.0,0.0
1,2023-01-29 23:43:00,2023-01-29 23:54:00,3,2.11,1,N,167,28,1,27.94,1.0,0.5,2.19,0.0,1.0,35.13,2.5,0.0
1,2023-01-30 00:17:00,2023-01-30 00:45:00,1,0.91,1,N,54,132,1,17.0,3.5,0.5,1.08,6.55,1.0,31.38,0.0,1.75
2,2023-01-30 01:49:00,2023-01-30 02:06:00,1,1.0,1,N,25,11,2,7.92,1.0,0.5,0.47,0.0,1.0,13.39,2.5,0.0
2,2023-01-30 03:31:00,2023-01-30 04:12:00,1,0.66,1,N,234,232,1,7.18,0.0,0.5,5.16,0.0,1.0,16.34,2.5,0.0
1,2023-01-30 04:56:00,2023-01-30 05:33:00,4,1.31,1,N,106,27,2,15.69,0.5,0.5,0.07,6.55,1.0,24.31,0.0,0.0
1,2023-01-30 05:18:00,2023-01-30 05:28:00,1,1.96,2,N,119,29,1,11.81,2.5,0.5,4.34,6.55,1.0,26.7,0.0,0.0
2,2023-01-30 05:32:00,2023-01-30 05:39:00,1,0.47,1,N,85,85,1,3.42,2.5,0.5,0.66,6.55,1.0,14.63,0.0,0.0
1,2023-01-30 06:17:00,2023-01-30 07:04:00,1,0.34,1,N,83,123,1,14.84,1.0,0.5,0.59,0.0,1.0,20.43,2.5,0.0
2,2023-01-30 07:49:00,2023-01-30 08:27:00,1,1.51,1,N,141,119,1,19.63,3.5,0.5,1.39,6.55,1.0,32.57,0.0,0.0
1,2023-01-30 08:51:00,2023-01-30 09:25:00,1,1.3,1,N,44,39,1,12.97,3.5,0.5,1.27,6.55,1.0,28.29,2.5,0.0
2,2023-01-30 12:54:00,2023-01-30 13:05:00,1,10.16,1,N,140,149,2,12.45,0.0,0.5,0.88,0.0,1.0,14.83,0.0,0.0
2,2023-01-30 13:58:00,2023-01-30 14:42:00,4,3.02,1,N,1,51,1,24.93,3.5,0.5,0.26,0.0,1.0,30.19,0.0,0.0
2,2023-01-30 15:14:00,2023-01-30 15:48:00,1,3.77,1,N,170,32,1,3.48,3.5,0.5,0.47,0.0,1.0,11.45,2.5,0.0
2,2023-01-30 16:07:00,2023-01-30 16:21:00,1,0.53,1,N,86,130,2,9.58,0.0,0.5,0.26,0.0,1.0,13.84,2.5,0.0
2,2023-01-30 17:48:00,2023-01-30 18:25:00,1,0.88,1,N,203,121,1,15.42,0.5,0.5,3.14,6.55,1.0,27.11,0.0,0.0
2,2023-01-30 20:41:00,2023-01-30 21:07:00,1,1.04,1,N,18,235,1,48.98,0.5,0.5,1.85,6.55,1.0,63.63,2.5,1.75
2,2023-01-30 23:29:00,2023-01-31 00:25:00,2,5.81,1,N,256,60,1,17.75,2.5,0.5,0.24,0.0,1.0,21.99,0.0,0.0
1,2023-01-31 04:19:00,2023-01-31 04:37:00,1,2.55,1,N,162,171,1,8.41,2.5,0.5,0.59,0.0,1.0,15.5,2.5,0.0
2,2023-01-31 04:21:00,2023-01-31 05:20:00,1,2.52,1,N,186,198,1,11.09,0.5,0.5,0.45,0.0,1.0,13.54,0.0,0.0
1,2023-01-31 06:25:00,2023-01-31 07:24:00,4,11.17,1,N,18,73,2,9.08,0.0,0.5,2.81,0.0,1.0,17.64,2.5,1.75
2,2023-01-31 07:22:00,2023-01-31 07:51:00,4,0.78,1,N,193,168,1,40.09,0.5,0.5,0.22,6.55,1.0,53.11,2.5,1.75
2,2023-01-31 09:24:00,2023-01-31 10:01:00,1,2.15,1,N,234,49,1,45.66,0.0,0.5,7.27,0.0,1.0,56.93,2.5,0.0
1,2023-01-31 10:56:00,2023-01-31 11:30:00,1,1.52,1,N,41,99,1,17.71,2.5,0.5,1.49,0.0,1.0,25.7,2.5,0.0
1,2023-01-31 12:05:00,2023-01-31 12:47:00,4,1.75,3,N,28,63,2,8.72,0.0,0.5,4.26,0.0,1.0,14.48,0.0,0.0
1,2023-01-31 13:56:00,2023-01-31 14:50:00,2,0.97,1,N,36,40,1,33.76,0.0,0.5,1.4,6.55,1.0,43.21,0.0,0.0
1,2023-01-31 14:01:00,2023-01-31 14:12:00,1,2.77,1,N,175,243,3,11.72,0.5,0.5,1.5,0.0,1.0,15.22,0.0,0.0
2,2023-01-31 15:30:00,2023-01-31 16:25:00,1,4.33,1,N,116,200,1,4.45,0.5,0.5,0.33,6.55,1.0,17.58,2.5,1.75
1,2023-01-31 17:18:00,2023-01-31 18:09:00,1,2.82,2,N,62,100,1,35.51,3.5,0.5,7.31,0.0,1.0,50.32,2.5,0.0
2,2023-01-31 18:51:00,2023-01-31 18:57:00,1,2.43,1,N,135,143,1,22.99,1.0,0.5,1.2,0.0,1.0,29.19,2.5,0.0
2,2023-01-31 20:39:00,2023-01-31 21:37:00,1,1.8,4,N,72,101,1,5.38,0.5,0.5,1.05,0.0,1.0,10.93,2.5,0.0
2,2023-02-01 01:38:00,2023-02-01 01:47:00,2,3.25,1,N,130,219,1,25.68,0.0,0.5,5.51,0.0,1.0,35.19,2.5,0.0
1,2023-02-01 02:00:00,2023-02-01 02:58:00,1,4.2,1,N,109,198,1,36.13,0.5,0.5,1.33,6.55,1.0,46.01,0.0,0.0
1,2023-02-01 02:29:00,2023-02-01 03:00:00,1,2.37,1,N,116,186,2,14.89,1.0,0.5,0.82,6.55,1.0,27.26,2.5,0.0
1,2023-02-01 02:53:00,2023-02-01 02:59:00,2,3.82,1,N,103,168,1,8.97,3.5,0.5,5.18,0.0,1.0,21.65,2.5,0.0
1,2023-02-01 02:56:00,2023-02-01 03:17:00,1,1.3,3,N,105,82,1,5.08,0.5,0.5,2.69,6.55,1.0,20.57,2.5,1.75
1,2023-02-01 04:20:00,2023-02-01 04:47:00,4,2.18,1,N,39,232,1,30.41,1.0,0.5,1.5,0.0,1.0,38.66,2.5,1.75
2,2023-02-01 04:56:00,2023-02-01 05:21:00,1,0.83,1,N,127,58,1,21.33,0.0,0.5,1.53,0.0,1.0,26.86,2.5,0.0
2,2023-02-01 06:02:00,2023-02-01 07:01:00,1,3.71,1,N,221,69,3,3.5,0.5,0.5,2.71,6.55,1.0,16.51,0.0,1.75
2,2023-02-01 06:33:00,2023-02-01 06:42:00,1,0.44,1,N,125,174,1,19.87,1.0,0.5,1.49,6.55,1.0,30.41,0.0,0.0
2,2023-02-01 07:35:00,2023-02-01 08:30:00,1,6.25,4,N,7,239,1,7.09,1.0,0.5,0.72,6.55,1.0,19.36,2.5,0.0
1,2023-02-01 09:06:00,2023-02-01 09:54:00,1,3.07,1,N,45,210,1,16.07,0.0,0.5,2.49,6.55,1.0,29.11,2.5,0.0
1,2023-02-01 09:52:00,2023-02-01 10:44:00,1,0.8,1,N,10,216,1,19.42,2.5,0.5,3.62,6.55,1.0,33.59,0.0,0.0
2,2023-02-01 10:16:00,2023-02-01 10:30:00,1,3.32,1,Y,79,215,1,17.08,2.5,0.5,3.47,6.55,1.0,33.6,2.5,0.0
1,2023-02-01 13:55:00,2023-02-01 14:54:00,1,2.27,1,N,198,136,2,10.33,3.5,0.5,0.92,0.0,1.0,18.75,2.5,0.0
2,2023-02-01 16:19:00,2023-02-01 16:50:00,1,2.42,1,N,206,198,1,23.27,1.0,0.5,1.5,0.0,1.0,31.52,2.5,1.75
2,2023-02-01 17:54:00,2023-02-01 18:23:00,1,0.55,1,N,92,247,2,7.29,0.0,0.5,11.49,0.0,1.0,22.78,2.5,0.0
2,2023-02-01 18:20:00,2023-02-01 18:56:00,1,2.59,1,N,173,108,1,14.38,1.0,0.5,1.01,0.0,1.0,20.39,2.5,0.0
2,2023-02-01 19:53:00,2023-02-01 20:06:00,1,7.54,1,N,71,5,1,8.01,0.5,0.5,2.08,0.0,1.0,14.59,2.5,0.0
2,2023-02-01 22:42:00,2023-02-01 22:54:00,3,2.62,1,N,209,105,1,10.3,0.5,0.5,0.7,0.0,1.0,15.5,2.5,0.0
2,2023-02-01 23:12:00,2023-02-01 23:51:00,1,1.16,1,N,216,175,1,6.05,2.5,0.5,0.14,0.0,1.0,12.69,2.5,0.0
1,2023-02-02 00:21:00,2023-02-02 00:36:00,1,6.58,1,N,214,232,1,4.41,0.0,0.5,1.45,0.0,1.0,9.86,2.5,0.0
2,2023-02-02 00:41:00,2023-02-02 00:52:00,1,6.66,1,N,246,129,1,12.86,3.5,0.5,3.91,6.55,1.0,30.82,2.5,0.0
1,2023-02-02 02:50:00,2023-02-02 02:59:00,4,1.1,1,N,212,257,1,6.25,1.0,0.5,1.6,0.0,1.0,10.35,0.0,0.0
1,2023-02-02 05:23:00,2023-02-02 06:08:00,4,1.31,1,N,14,241,2,19.07,0.5,0.5,4.78,0.0,1.0,28.35,2.5,0.0
1,2023-02-02 12:50:00,2023-02-02 13:45:00,1,2.2,1,N,84,264,1,7.71,0.5,0.5,0.31,6.55,1.0,20.82,2.5,1.75
1,2023-02-02 16:17:00,2023-02-02 17:14:00,3,2.78,1,N,5,17,1,4.63,3.5,0.5,2.16,0.0,1.0,11.79,0.0,0.0
2,2023-02-02 17:11:00,2023-02-02 17:20:00,1,5.21,1,N,76,141,1,8.07,2.5,0.5,13.89,0.0,1.0,28.46,2.5,0.0
1,2023-02-03 02:05:00,2023-02-03 02:17:00,3,1.32,1,N,15,114,1,8.99,3.5,0.5,2.21,6.55,1.0,24.5,0.0,1.75
1,2023-02-03 05:17:00,2023-02-03 05:55:00,1,0.33,1,N,22,109,1,8.01,3.5,0.5,0.37,6.55,1.0,19.93,0.0,0.0
2,2023-02-03 13:20:00,2023-02-03 14:02:00,1,5.05,1,N,158,21,1,19.43,0.0,0.5,1.87,0.0,1.0,22.8,0.0,0.0
2,2023-02-03 18:39:00,2023-02-03 19:35:00,2,1.24,2,N,184,49,2,29.13,2.5,0.5,1.86,6.55,1.0,43.29,0.0,1.75
2,2023-02-03 20:57:00,2023-02-03 21:32:00,1,6.46,1,N,245,111,1,11.15,0.5,0.5,10.64,6.55,1.0,30.34,0.0,0.0
2,2023-02-03 22:34:00,2023-02-03 23:05:00,1,7.88,1,N,232,261,1,21.1,3.5,0.5,0.94,0.0,1.0,27.04,0.0,0.0
2,2023-02-04 00:24:00,2023-02-04 00:44:00,1,0.39,1,N,32,24,1,6.7,0.5,0.5,1.43,6.55,1.0,19.18,2.5,0.0
2,2023-02-04 01:47:00,2023-02-04 02:34:00,1,3.19,1,N,26,217,2,14.74,1.0,0.5,0.07,6.55,1.0,26.36,2.5,0.0
1,2023-02-04 02:24:00,2023-02-04 02:47:00,1,2.05,1,N,98,7,1,6.04,0.0,0.5,0.47,6.55,1.0,17.06,2.5,0.0
2,2023-02-04 02:35:00,2023-02-04 03:29:00,1,0.72,3,N,209,146,1,23.39,1.0,0.5,6.3,0.0,1.0,32.19,0.0,0.0
2,2023-02-04 07:40:00,2023-02-04 08:14:00,1,3.49,1,N,140,155,1,8.53,0.5,0.5,0.36,6.55,1.0,19.94,2.5,0.0
1,2023-02-04 09:22:00,2023-02-04 09:31:00,1,3.94,1,N,51,240,1,10.63,3.5,0.5,2.7,6.55,1.0,27.38,2.5,0.0
2,2023-02-04 10:29:00,2023-02-04 10:38:00,1,4.28,1,N,33,69,1,8.51,3.5,0.5,1.4,0.0,1.0,17.41,2.5,0.0
2,2023-02-04 13:28:00,2023-02-04 13:55:00,2,0.72,1,N,214,146,2,31.61,0.0,0.5,1.13,6.55,1.0,40.79,0.0,0.0
2,2023-02-04 14:12:00,2023-02-04 15:10:00,1,1.78,1,N,21,190,1,10.51,1.0,0.5,3.15,6.55,1.0,22.71,0.0,0.0
1,2023-02-04 14:47:00,2023-02-04 14:54:00,1,0.41,1,N,121,90,1,43.81,0.0,0.5,6.23,0.0,1.0,54.04,2.5,0.0
1,2023-02-04 16:56:00,2023-02-04 17:51:00,1,2.92,1,N,79,39,1,8.99,1.0,0.5,4.24,6.55,1.0,22.28,0.0,0.0
2,2023-02-04 17:33:00,2023-02-04 18:02:00,1,2.13,1,Y,152,224,2,22.48,3.5,0.5,1.2,0.0,1.0,31.18,2.5,0.0
2,2023-02-04 17:35:00,2023-02-04 18:26:00,3,8.87,1,N,7,4,1,24.1,0.0,0.5,4.27,0.0,1.0,32.37,2.5,0.0
2,2023-02-04 18:41:00,2023-02-04 19:36:00,1,2.15,1,N,71,48,1,9.49,3.5,0.5,3.1,0.0,1.0,20.09,2.5,0.0
1,2023-02-04 18:58:00,2023-02-04 19:22:00,1,3.89,1,N,223,16,4,4.45,0.0,0.5,0.29,6.55,1.0,12.79,0.0,0.0
2,2023-02-05 01:59:00,2023-02-05 02:53:00,1,1.45,1,N,111,123,1,9.44,2.5,0.5,1.51,6.55,1.0,25.75,2.5,1.75
2,2023-02-05 03:21:00,2023-02-05 03:44:00,1,0.57,1,N,179,160,1,5.2,0.5,0.5,2.6,0.0,1.0,12.3,2.5,0.0
2,2023-02-05 03:32:00,2023-02-05 04:30:00,1,0.38,1,N,253,38,1,15.04,0.0,0.5,2.73,6.55,1.0,28.32,2.5,0.0
2,2023-02-05 07:41:00,2023-02-05 08:25:00,1,1.84,1,N,1,120,1,6.95,0.0,0.5,1.33,0.0,1.0,12.28,2.5,0.0
2,2023-02-05 08:59:00,2023-02-05 09:11:00,1,0.5,1,N,162,235,1,21.59,1.0,0.5,0.98,6.55,1.0,34.12,2.5,0.0
1,2023-02-05 09:31:00,2023-02-05 09:55:00,1,1.39,1,N,154,83,1,6.84,0.0,0.5,3.81,0.0,1.0,16.4,2.5,1.75
2,2023-02-05 10:01:00,2023-02-05 10:45:00,1,4.01,3,N,174,121,1,5.17,0.5,0.5,4.86,0.0,1.0,14.53,2.5,0.0
2,2023-02-05 10:33:00,2023-02-05 11:09:00,4,0.4,1,N,218,162,1,17.78,2.5,0.5,1.2,0.0,1.0,22.98,0.0,0.0
2,2023-02-05 13:15:00,2023-02-05 13:53:00,1,4.82,1,N,227,69,1,29.58,1.0,0.5,1.33,0.0,1.0,35.91,2.5,0.0
1,2023-02-05 13:46:00,2023-02-05 14:23:00,1,0.38,1,N,103,86,2,4.83,1.0,0.5,2.08,0.0,1.0,9.41,0.0,0.0
2,2023-02-05 14:32:00,2023-02-05 15:25:00,1,2.71,1,N,164,96,1,3.17,1.0,0.5,4.22,0.0,1.0,12.39,2.5,0.0
2,2023-02-05 16:14:00,2023-02-05 17:13:00,1,0.44,1,N,26,107,1,6.77,3.5,0.5,4.94,0.0,1.0,18.46,0.0,1.75
1,2023-02-05 16:53:00,2023-02-05 17:26:00,1,0.73,1,N,111,137,1,11.55,3.5,0.5,1.28,0.0,1.0,17.83,0.0,0.0
1,2023-02-05 19:27:00,2023-02-05 20:20:00,1,3.07,1,N,163,55,1,4.74,1.0,0.5,5.47,0.0,1.0,15.21,2.5,0.0
1,2023-02-05 21:03:00,2023-02-05 21:42:00,1,0.64,1,N,83,84,1,9.25,1.0,0.5,0.56,0.0,1.0,14.81,2.5,0.0
1,2023-02-05 21:47:00,2023-02-05 22:37:00,1,3.0,1,N,109,200,2,9.97,0.5,0.5,2.04,0.0,1.0,16.51,2.5,0.0
1,2023-02-05 21:57:00,2023-02-05 22:44:00,1,0.83,1,N,162,236,2,11.32,2.5,0.5,1.74,0.0,1.0,21.31,2.5,1.75
1,2023-02-05 22:25:00,2023-02-05 23:02:00,2,4.5,1,Y,149,119,2,17.49,0.0,0.5,3.06,6.55,1.0,31.1,2.5,0.0
1,2023-02-05 23:51:00,2023-02-06 00:15:00,1,2.79,1,N,103,238,2,10.15,0.5,0.5,1.03,6.55,1.0,19.73,0.0,0.0
2,2023-02-06 01:24:00,2023-02-06 02:18:00,1,1.16,1,N,11,43,1,6.53,0.5,0.5,0.67,0.0,1.0,13.45,2.5,1.75
2,2023-02-06 01:34:00,2023-02-06 02:05:00,1,1.33,1,N,234,150,1,14.19,1.0,0.5,0.34,0.0,1.0,19.53,2.5,0.0
2,2023-02-06 02:31:00,2023-02-06 02:55:00,1,0.64,1,N,171,116,1,11.04,0.0,0.5,4.01,0.0,1.0,19.05,2.5,0.0
1,2023-02-06 08:24:00,2023-02-06 08:56:00,1,0.59,1,N,127,76,1,6.35,2.5,0.5,2.81,0.0,1.0,13.16,0.0,0.0
2,2023-02-06 09:48:00,2023-02-06 09:56:00,1,1.88,1,N,61,144,1,3.58,1.0,0.5,0.22,0.0,1.0,8.8,2.5,0.0
1,2023-02-06 10:06:00,2023-02-06 10:26:00,1,2.44,1,N,61,96,1,8.66,0.5,0.5,1.38,0.0,1.0,12.04,0.0,0.0
1,2023-02-06 11:28:00,2023-02-06 11:43:00,2,1.22,1,N,250,105,2,3.84,0.5,0.5,0.73,6.55,1.0,15.62,2.5,0.0
2,2023-02-06 14:11:00,2023-02-06 15:09:00,1,9.11,1,N,83,108,4,26.42,1.0,0.5,1.84,0.0,1.0,32.51,0.0,1.75
2,2023-02-06 18:01:00,2023-02-06 18:45:00,2,9.39,1,N,41,88,1,4.32,2.5,0.5,7.2,0.0,1.0,18.02,2.5,0.0
1,2023-02-06 18:29:00,2023-02-06 18:55:00,1,2.43,1,N,234,44,1,7.53,3.5,0.5,1.18,0.0,1.0,16.21,2.5,0.0
2,2023-02-06 20:11:00,2023-02-06 20:55:00,1,3.45,1,N,164,84,1,15.88,2.5,0.5,0.51,6.55,1.0,26.94,0.0,0.0
2,2023-02-06 20:13:00,2023-02-06 20:45:00,2,0.89,1,N,183,263,1,22.53,0.0,0.5,0.34,0.0,1.0,24.37,0.0,0.0
1,2023-02-06 20:32:00,2023-02-06 20:48:00,1,0.42,1,N,22,109,1,38.35,0.5,0.5,0.96,0.0,1.0,43.81,2.5,0.0
1,2023-02-06 23:48:00,2023-02-07 00:32:00,2,3.7,1,N,155,92,2,7.74,1.0,0.5,0.29,0.0,1.0,13.03,2.5,0.0
2,2023-02-07 00:31:00,2023-02-07 01:02:00,2,0.37,1,N,114,1,2,28.07,2.5,0.5,0.47,0.0,1.0,35.04,2.5,0.0
2,2023-02-07 01:12:00,2023-02-07 01:26:00,1,5.54,1,N,183,179,4,11.57,3.5,0.5,5.67,0.0,1.0,24.74,2.5,0.0
2,2023-02-07 04:31:00,2023-02-07 04:50:00,1,2.09,1,N,3,5,2,11.28,1.0,0.5,4.09,0.0,1.0,17.87,0.0,0.0
1,2023-02-07 05:54:00,2023-02-07 06:27:00,1,1.47,1,N,53,132,2,20.13,2.5,0.5,1.19,6.55,1.0,34.37,2.5,0.0
1,2023-02-07 06:47:00,2023-02-07 07:12:00,1,7.46,1,N,113,194,1,15.64,0.0,0.5,0.88,0.0,1.0,20.52,2.5,0.0
1,2023-02-07 10:29:00,2023-02-07 11:10:00,1,3.07,1,N,171,131,1,48.27,1.0,0.5,0.91,0.0,1.0,54.18,2.5,0.0
1,2023-02-07 11:07:00,2023-02-07 11:59:00,1,7.61,1,N,110,86,1,18.54,0.0,0.5,4.67,6.55,1.0,31.26,0.0,0.0
2,2023-02-07 13:50:00,2023-02-07 13:58:00,1,0.51,1,N,1,127,1,51.45,0.0,0.5,3.62,6.55,1.0,65.62,2.5,0.0
2,2023-02-07 15:09:00,2023-02-07 15:17:00,1,2.34,1,N,235,211,1,16.09,0.0,0.5,1.95,0.0,1.0,21.29,0.0,1.75
2,2023-02-07 17:30:00,2023-02-07 18:16:00,1,0.53,1,N,24,155,1,6.45,0.5,0.5,2.07,6.55,1.0,17.07,0.0,0.0
2,2023-02-07 19:40:00,2023-02-07 20:16:00,3,2.36,1,N,155,260,1,8.99,3.5,0.5,1.03,0.0,1.0,17.52,2.5,0.0
2,2023-02-07 21:35:00,2023-02-07 21:42:00,2,1.03,1,N,255,22,1,26.37,1.0,0.5,15.47,0.0,1.0,46.84,2.5,0.0
1,2023-02-07 22:24:00,2023-02-07 22:46:00,1,1.37,1,N,147,91,3,32.74,0.5,0.5,7.18,0.0,1.0,44.42,2.5,0.0
1,2023-02-08 00:02:00,2023-02-08 00:15:00,2,0.67,1,N,19,166,3,3.16,2.5,0.5,6.92,0.0,1.0,16.58,2.5,0.0
2,2023-02-08 00:25:00,2023-02-08 00:48:00,1,2.78,1,N,179,104,1,9.84,3.5,0.5,1.65,6.55,1.0,25.54,2.5,0.0
2,2023-02-08 02:46:00,2023-02-08 03:07:00,1,2.69,5,N,102,155,1,14.25,0.5,0.5,2.24,6.55,1.0,27.54,2.5,0.0
1,2023-02-08 04:10:00,2023-02-08 04:30:00,1,12.86,1,N,138,31,1,19.76,0.0,0.5,0.59,0.0,1.0,24.35,2.5,0.0
2,2023-02-08 07:07:00,2023-02-08 07:41:00,2,0.51,1,N,69,262,1,6.3,2.5,0.5,1.59,6.55,1.0,20.94,2.5,0.0
1,2023-02-08 09:58:00,2023-02-08 10:49:00,1,2.22,1,N,122,12,1,27.51,3.5,0.5,1.8,6.55,1.0,43.36,2.5,0.0
2,2023-02-08 10:17:00,2023-02-08 10:41:00,2,2.1,1,N,166,33,2,19.07,0.5,0.5,3.9,6.55,1.0,34.02,2.5,0.0
2,2023-02-08 10:30:00,2023-02-08 10:43:00,1,1.84,1,N,186,107,4,6.05,1.0,0.5,0.22,6.55,1.0,17.82,2.5,0.0
2,2023-02-08 11:46:00,2023-02-08 12:30:00,1,9.92,1,N,58,113,1,12.05,3.5,0.5,5.4,0.0,1.0,24.95,2.5,0.0
2,2023-02-08 12:40:00,2023-02-08 13:10:00,2,1.63,1,N,115,27,2,3.87,0.5,0.5,0.93,6.55,1.0,15.85,2.5,0.0
2,2023-02-08 14:49:00,2023-02-08 15:44:00,1,2.8,1,N,115,166,1,53.8,1.0,0.5,0.01,0.0,1.0,60.56,2.5,1.75
1,2023-02-08 16:59:00,2023-02-08 17:53:00,1,4.04,1,N,238,146,1,7.65,0.0,0.5,9.06,0.0,1.0,20.71,2.5,0.0
2,2023-02-08 17:05:00,2023-02-08 17:14:00,1,2.53,1,N,212,1,1,3.31,0.0,0.5,1.99,0.0,1.0,9.3,2.5,0.0
2,2023-02-08 18:05:00,2023-02-08 18:17:00,1,1.18,1,N,207,249,1,3.03,3.5,0.5,1.71,0.0,1.0,12.24,2.5,0.0
2,2023-02-08 18:41:00,2023-02-08 19:10:00,1,2.77,1,N,224,39,1,29.23,2.5,0.5,3.95,6.55,1.0,43.73,0.0,0.0
1,2023-02-08 19:03:00,2023-02-08 20:00:00,1,0.49,1,N,33,238,1,8.52,2.5,0.5,0.77,0.0,1.0,15.79,2.5,0.0
1,2023-02-09 01:53:00,2023-02-09 02:50:00,3,0.82,1,N,251,68,1,11.37,2.5,0.5,0.32,0.0,1.0,19.94,2.5,1.75
2,2023-02-09 03:18:00,2023-02-09 03:39:00,1,0.56,1,N,262,80,1,5.67,0.0,0.5,5.4,6.55,1.0,21.62,2.5,0.0
2,2023-02-09 03:56:00,2023-02-09 04:29:00,1,8.13,1,N,221,123,1,5.28,2.5,0.5,3.17,0.0,1.0,14.95,2.5,0.0
1,2023-02-09 05:21:00,2023-02-09 06:14:00,1,0.83,1,N,196,218,1,3.39,1.0,0.5,7.21,0.0,1.0,13.1,0.0,0.0
2,2023-02-09 07:53:00,2023-02-09 08:37:00,1,1.33,1,N,199,141,1,24.82,1.0,0.5,0.38,0.0,1.0,27.7,0.0,0.0
2,2023-02-09 07:55:00,2023-02-09 08:34:00,2,4.7,4,N,152,18,1,3.19,0.0,0.5,1.2,0.0,1.0,8.39,2.5,0.0
1,2023-02-09 13:18:00,2023-02-09 13:41:00,3,8.8,1,N,119,174,1,9.68,1.0,0.5,2.15,0.0,1.0,14.33,0.0,0.0
2,2023-02-09 14:22:00,2023-02-09 14:41:00,3,7.3,1,N,32,234,1,5.28,1.0,0.5,5.03,0.0,1.0,14.56,0.0,1.75
2,2023-02-09 15:02:00,2023-02-09 15:11:00,1,0.98,1,N,47,253,1,8.59,3.5,0.5,2.2,0.0,1.0,18.29,2.5,0.0
2,2023-02-09 15:48:00,2023-02-09 16:30:00,1,1.69,1,N,134,112,1,4.47,2.5,0.5,1.37,0.0,1.0,12.34,2.5,0.0
2,2023-02-09 16:14:00,2023-02-09 16:42:00,1,3.55,1,N,149,131,1,12.96,0.5,0.5,2.43,0.0,1.0,19.89,2.5,0.0
1,2023-02-09 17:41:00,2023-02-09 17:46:00,1,3.74,1,N,136,179,1,3.81,2.5,0.5,1.43,6.55,1.0,18.29,2.5,0.0
2,2023-02-09 23:05:00,2023-02-09 23:22:00,2,3.82,1,N,185,153,1,3.89,3.5,0.5,3.19,6.55,1.0,21.13,2.5,0.0
1,2023-02-10 02:55:00,2023-02-10 03:47:00,1,1.39,1,N,82,226,1,19.02,0.5,0.5,0.39,0.0,1.0,21.41,0.0,0.0
1,2023-02-10 06:26:00,2023-02-10 06:48:00,1,1.15,1,N,250,50,1,29.99,0.0,0.5,0.34,6.55,1.0,40.13,0.0,1.75
1,2023-02-10 06:33:00,2023-02-10 07:18:00,2,4.36,1,N,28,164,2,17.65,2.5,0.5,2.74,0.0,1.0,24.39,0.0,0.0
1,2023-02-10 06:45:00,2023-02-10 07:42:00,1,8.64,1,N,126,69,1,34.44,0.5,0.5,0.38,6.55,1.0,45.87,2.5,0.0
2,2023-02-10 10:19:00,2023-02-10 10:59:00,2,2.05,1,N,24,24,2,12.68,1.0,0.5,5.57,0.0,1.0,23.25,2.5,0.0
1,2023-02-10 14:38:00,2023-02-10 14:47:00,1,2.05,1,N,76,211,1,8.16,1.0,0.5,0.59,0.0,1.0,13.75,2.5,0.0
2,2023-02-10 16:36:00,2023-02-10 17:30:00,1,2.12,1,N,141,190,1,12.22,3.5,0.5,1.78,6.55,1.0,28.05,2.5,0.0
1,2023-02-10 17:33:00,2023-02-10 17:54:00,3,1.07,1,N,260,144,1,4.33,0.0,0.5,4.25,0.0,1.0,14.33,2.5,1.75
2,2023-02-10 18:12:00,2023-02-10 18:33:00,1,4.94,1,N,4,256,1,9.84,3.5,0.5,4.25,0.0,1.0,21.59,2.5,0.0
2,2023-02-10 21:11:00,2023-02-10 22:01:00,1,2.85,1,N,154,21,3,42.99,0.0,0.5,0.11,0.0,1.0,44.6,0.0,0.0
1,2023-02-11 01:01:00,2023-02-11 01:43:00,2,5.26,1,N,173,149,1,3.52,2.5,0.5,3.64,6.55,1.0,19.46,0.0,1.75
2,2023-02-11 02:03:00,2023-02-11 02:17:00,2,1.27,1,N,162,56,1,22.79,0.0,0.5,1.09,0.0,1.0,29.63,2.5,1.75
1,2023-02-11 02:22:00,2023-02-11 02:51:00,1,2.36,1,N,245,139,2,18.8,0.0,0.5,8.31,6.55,1.0,35.16,0.0,0.0
2,2023-02-11 03:14:00,2023-02-11 04:07:00,1,2.14,1,N,213,13,1,3.18,0.5,0.5,4.08,6.55,1.0,15.81,0.0,0.0
2,2023-02-11 05:39:00,2023-02-11 06:08:00,1,0.75,1,N,232,138,1,4.72,0.5,0.5,3.67,0.0,1.0,12.89,2.5,0.0
2,2023-02-11 07:40:00,2023-02-11 08:16:00,1,2.79,1,N,57,231,1,21.42,3.5,0.5,1.31,0.0,1.0,30.23,2.5,0.0
1,2023-02-11 07:40:00,2023-02-11 08:29:00,1,2.14,1,N,147,197,1,25.98,3.5,0.5,1.96,0.0,1.0,35.44,2.5,0.0
1,2023-02-11 10:36:00,2023-02-11 11:01:00,1,0.41,1,N,36,183,1,3.68,3.5,0.5,1.01,0.0,1.0,9.69,0.0,0.0
2,2023-02-11 12:18:00,2023-02-11 12:24:00,5,3.05,1,N,81,78,2,4.36,0.0,0.5,1.58,0.0,1.0,11.69,2.5,1.75
2,2023-02-11 12:47:00,2023-02-11 12:55:00,1,0.35,1,N,9,191,1,13.24,0.5,0.5,0.33,6.55,1.0,24.62,2.5,0.0
1,2023-02-11 13:01:00,2023-02-11 13:45:00,1,4.23,1,N,214,144,2,18.73,1.0,0.5,1.33,6.55,1.0,33.36,2.5,1.75
2,2023-02-11 13:51:00,2023-02-11 13:56:00,1,6.2,1,N,219,29,1,6.37,3.5,0.5,5.29,6.55,1.0,25.71,2.5,0.0
2,2023-02-11 18:08:00,2023-02-11 18:23:00,1,1.52,1,N,109,6,1,6.46,0.5,0.5,0.94,6.55,1.0,17.7,0.0,1.75
1,2023-02-11 20:32:00,2023-02-11 21:29:00,1,6.09,1,N,30,128,3,20.8,0.5,0.5,8.03,6.55,1.0,37.38,0.0,0.0
2,2023-02-11 23:08:00,2023-02-11 23:23:00,1,1.83,1,N,221,76,2,4.56,0.5,0.5,0.57,6.55,1.0,16.18,2.5,0.0
2,2023-02-12 01:05:00,2023-02-12 01:45:00,1,1.1,1,N,118,87,2,9.3,0.0,0.5,6.66,0.0,1.0,19.96,2.5,0.0
2,2023-02-12 03:32:00,2023-02-12 04:23:00,1,6.15,1,N,145,244,1,7.91,2.5,0.5,1.57,0.0,1.0,15.98,2.5,0.0
1,2023-02-12 09:43:00,2023-02-12 10:25:00,1,4.81,1,N,247,132,1,6.56,0.5,0.5,5.19,6.55,1.0,22.8,2.5,0.0
1,2023-02-12 10:07:00,2023-02-12 10:29:00,1,0.86,1,N,57,112,1,9.19,0.5,0.5,1.87,0.0,1.0,15.56,2.5,0.0
2,2023-02-12 12:15:00,2023-02-12 12:40:00,1,0.84,1,N,63,171,1,18.27,2.5,0.5,1.08,0.0,1.0,25.1,0.0,1.75
2,2023-02-12 12:40:00,2023-02-12 13:21:00,3,0.67,4,N,191,245,1,3.96,0.5,0.5,1.36,6.55,1.0,13.87,0.0,0.0
2,2023-02-12 14:47:00,2023-02-12 15:45:00,1,2.32,1,N,4,100,2,8.66,0.0,0.5,1.27,0.0,1.0,13.93,2.5,0.0
2,2023-02-12 16:36:00,2023-02-12 17:24:00,2,2.21,1,N,102,18,3,33.56,2.5,0.5,4.59,6.55,1.0,48.7,0.0,0.0
2,2023-02-12 18:42:00,2023-02-12 19:18:00,3,9.47,1,N,243,28,1,5.4,1.0,0.5,2.7,0.0,1.0,10.6,0.0,0.0
1,2023-02-12 19:09:00,2023-02-12 20:01:00,2,3.6,1,N,131,51,1,4.49,0.5,0.5,2.28,0.0,1.0,8.77,0.0,0.0
2,2023-02-12 19:45:00,2023-02-12 19:51:00,2,0.93,1,N,83,46,1,4.46,2.5,0.5,2.43,0.0,1.0,10.89,0.0,0.0
1,2023-02-12 21:13:00,2023-02-12 21:35:00,1,2.77,1,N,99,137,1,32.67,0.5,0.5,2.88,0.0,1.0,40.05,2.5,0.0
2,2023-02-12 22:13:00,2023-02-12 23:06:00,1,0.56,1,N,85,186,1,8.21,0.0,0.5,1.07,0.0,1.0,13.28,2.5,0.0
2,2023-02-12 22:42:00,2023-02-12 23:11:00,1,2.38,4,N,131,66,1,26.74,2.5,0.5,0.88,6.55,1.0,40.67,2.5,0.0
1,2023-02-12 22:44:00,2023-02-12 23:27:00,1,0.33,1,N,14,185,1,3.57,0.0,0.5,2.41,0.0,1.0,9.98,2.5,0.0
2,2023-02-12 23:08:00,2023-02-12 23:57:00,1,1.39,1,N,96,71,1,3.82,0.0,0.5,3.75,0.0,1.0,11.57,2.5,0.0
2,2023-02-13 00:09:00,2023-02-13 00:38:00,1,1.78,1,N,114,217,1,11.63,2.5,0.5,0.52,6.55,1.0,25.2,2.5,0.0
2,2023-02-13 01:41:00,2023-02-13 02:08:00,1,2.64,1,N,262,148,1,25.39,1.0,0.5,0.58,0.0,1.0,30.97,2.5,0.0
2,2023-02-13 02:28:00,2023-02-13 03:23:00,1,1.52,1,N,30,27,2,11.56,1.0,0.5,4.46,0.0,1.0,21.02,2.5,0.0
1,2023-02-13 06:07:00,2023-02-13 06:43:00,1,1.21,1,N,94,234,1,31.52,3.5,0.5,2.13,6.55,1.0,47.7,2.5,0.0
2,2023-02-13 06:12:00,2023-02-13 06:39:00,1,5.9,1,N,197,126,1,20.72,1.0,0.5,1.28,6.55,1.0,31.05,0.0,0.0
1,2023-02-13 08:33:00,2023-02-13 08:58:00,1,1.17,1,N,164,30,1,29.02,2.5,0.5,6.74,0.0,1.0,44.01,2.5,1.75
1,2023-02-13 09:47:00,2023-02-13 10:11:00,2,0.31,1,N,146,216,2,18.39,1.0,0.5,5.17,6.55,1.0,36.86,2.5,1.75
2,2023-02-13 10:31:00,2023-02-13 11:23:00,1,4.94,1,N,125,219,2,5.56,2.5,0.5,0.46,0.0,1.0,12.52,2.5,0.0
1,2023-02-13 12:59:00,2023-02-13 13:28:00,2,1.75,1,N,105,141,1,7.8,3.5,0.5,4.17,6.55,1.0,26.02,2.5,0.0
2,2023-02-13 13:12:00,2023-02-13 13:50:00,1,8.78,1,N,238,83,1,9.04,1.0,0.5,1.5,0.0,1.0,13.04,0.0,0.0
2,2023-02-13 14:20:00,2023-02-13 14:41:00,2,1.61,1,N,11,173,1,40.66,0.5,0.5,3.69,0.0,1.0,46.35,0.0,0.0
2,2023-02-13 18:14:00,2023-02-13 18:51:00,1,0.74,2,N,11,173,1,7.03,1.0,0.5,3.27,6.55,1.0,21.85,2.5,0.0
2,2023-02-13 18:37:00,2023-02-13 19:20:00,2,7.63,1,N,1,151,1,8.08,3.5,0.5,0.66,6.55,1.0,22.79,2.5,0.0
2,2023-02-13 19:35:00,2023-02-13 20:29:00,1,9.91,2,N,228,102,1,7.19,3.5,0.5,1.84,0.0,1.0,16.53,2.5,0.0
2,2023-02-14 02:50:00,2023-02-14 02:55:00,1,5.7,1,N,85,69,1,5.46,0.0,0.5,2.16,6.55,1.0,18.17,2.5,0.0
2,2023-02-14 04:10:00,2023-02-14 04:45:00,1,10.33,1,N,231,251,2,19.69,0.0,0.5,1.98,6.55,1.0,32.22,2.5,0.0
1,2023-02-14 04:46:00,2023-02-14 05:34:00,1,1.93,1,N,110,1,2,6.3,3.5,0.5,0.72,0.0,1.0,14.52,2.5,0.0
1,2023-02-14 09:36:00,2023-02-14 09:46:00,1,1.43,1,N,58,113,2,12.42,3.5,0.5,3.61,0.0,1.0,23.53,2.5,0.0
2,2023-02-14 10:05:00,2023-02-14 10:29:00,2,1.14,1,N,51,30,1,16.86,0.0,0.5,8.07,6.55,1.0,35.48,2.5,0.0
1,2023-02-14 10:12:00,2023-02-14 10:39:00,1,5.48,1,N,91,34,1,39.61,3.5,0.5,2.62,0.0,1.0,47.23,0.0,0.0
1,2023-02-14 11:24:00,2023-02-14 12:04:00,1,5.97,1,N,237,230,2,3.68,1.0,0.5,1.51,6.55,1.0,14.24,0.0,0.0
2,2023-02-14 14:00:00,2023-02-14 14:46:00,1,2.95,1,N,231,8,1,30.37,0.0,0.5,1.11,0.0,1.0,35.48,2.5,0.0
1,2023-02-14 15:28:00,2023-02-14 15:37:00,2,3.09,1,N,264,221,1,14.0,0.5,0.5,0.63,0.0,1.0,16.63,0.0,0.0
2,2023-02-14 16:03:00,2023-02-14 16:50:00,1,1.12,1,N,145,196,1,3.27,1.0,0.5,0.7,0.0,1.0,8.97,2.5,0.0
2,2023-02-14 17:04:00,2023-02-14 18:02:00,4,1.36,1,N,29,168,2,6.52,1.0,0.5,4.07,0.0,1.0,13.09,0.0,0.0
1,2023-02-14 23:32:00,2023-02-15 00:14:00,1,3.68,1,N,204,194,2,14.4,2.5,0.5,5.51,6.55,1.0,34.71,2.5,1.75
2,2023-02-15 00:20:00,2023-02-15 00:32:00,1,0.62,1,N,126,168,1,24.46,3.5,0.5,2.43,6.55,1.0,40.94,2.5,0.0
2,2023-02-15 02:05:00,2023-02-15 02:37:00,1,6.0,1,N,136,13,2,16.39,0.5,0.5,6.29,0.0,1.0,27.18,2.5,0.0
1,2023-02-15 05:49:00,2023-02-15 05:56:00,1,3.54,1,N,97,161,1,35.91,2.5,0.5,2.15,0.0,1.0,42.06,0.0,0.0
1,2023-02-15 08:38:00,2023-02-15 09:14:00,1,7.56,1,N,217,171,1,13.22,0.0,0.5,2.88,6.55,1.0,26.65,2.5,0.0
1,2023-02-15 12:04:00,2023-02-15 12:28:00,1,1.25,1,N,105,131,1,3.79,0.5,0.5,0.53,6.55,1.0,15.37,2.5,0.0
2,2023-02-15 14:39:00,2023-02-15 15:04:00,1,2.24,3,N,138,12,1,11.27,1.0,0.5,4.74,0.0,1.0,22.76,2.5,1.75
2,2023-02-15 15:25:00,2023-02-15 15:37:00,1,2.91,1,N,23,229,1,9.17,0.0,0.5,1.78,0.0,1.0,14.95,2.5,0.0
1,2023-02-15 15:26:00,2023-02-15 15:58:00,1,1.21,1,N,57,34,1,24.2,0.0,0.5,0.99,6.55,1.0,35.74,2.5,0.0
1,2023-02-15 15:56:00,2023-02-15 16:44:00,1,1.78,1,N,34,96,1,5.76,1.0,0.5,1.96,0.0,1.0,11.97,0.0,1.75
1,2023-02-15 19:02:00,2023-02-15 19:41:00,1,4.19,2,N,43,87,2,27.52,1.0,0.5,1.93,0.0,1.0,34.45,2.5,0.0
1,2023-02-15 19:13:00,2023-02-15 19:37:00,2,0.93,1,N,129,24,2,52.21,3.5,0.5,1.5,6.55,1.0,67.76,2.5,0.0
1,2023-02-15 20:17:00,2023-02-15 21:07:00,1,1.08,1,N,84,56,4,23.09,3.5,0.5,0.13,6.55,1.0,39.02,2.5,1.75
2,2023-02-15 22:30:00,2023-02-15 22:49:00,1,3.9,1,N,123,84,2,3.32,2.5,0.5,2.09,6.55,1.0,20.21,2.5,1.75
1,2023-02-15 23:17:00,2023-02-15 23:59:00,1,9.54,1,N,230,131,2,17.42,0.0,0.5,0.67,6.55,1.0,26.14,0.0,0.0
1,2023-02-15 23:23:00,2023-02-16 00:22:00,2,1.22,1,N,242,162,1,28.68,3.5,0.5,10.11,0.0,1.0,46.29,2.5,0.0
2,2023-02-15 23:54:00,2023-02-16 00:17:00,1,0.59,1,N,76,202,1,5.9,1.0,0.5,0.49,6.55,1.0,15.44,0.0,0.0
1,2023-02-16 00:13:00,2023-02-16 00:26:00,4,1.23,1,N,232,30,1,11.02,3.5,0.5,2.21,0.0,1.0,18.23,0.0,0.0
1,2023-02-16 00:22:00,2023-02-16 01:02:00,1,3.26,1,N,87,140,1,9.86,1.0,0.5,0.51,6.55,1.0,19.42,0.0,0.0
2,2023-02-16 01:58:00,2023-02-16 02:14:00,1,0.82,1,N,39,56,1,4.18,0.0,0.5,0.61,0.0,1.0,8.79,2.5,0.0
2,2023-02-16 07:08:00,2023-02-16 07:36:00,1,3.97,1,N,152,248,1,33.9,0.0,0.5,1.02,6.55,1.0,45.47,2.5,0.0
2,2023-02-16 07:47:00,2023-02-16 08:11:00,2,0.32,1,N,92,98,1,10.51,0.5,0.5,0.64,0.0,1.0,14.9,0.0,1.75
2,2023-02-16 11:12:00,2023-02-16 11:50:00,1,0.75,1,N,35,77,1,13.09,1.0,0.5,1.06,0.0,1.0,19.15,2.5,0.0
1,2023-02-16 12:25:00,2023-02-16 13:04:00,1,1.57,1,N,81,178,1,11.69,2.5,0.5,2.87,6.55,1.0,26.86,0.0,1.75
2,2023-02-16 15:15:00,2023-02-16 15:29:00,3,0.87,1,N,244,57,1,19.25,0.5,0.5,2.29,6.55,1.0,30.09,0.0,0.0
2,2023-02-16 16:15:00,2023-02-16 17:11:00,2,1.39,1,N,184,246,2,38.6,0.0,0.5,0.14,0.0,1.0,42.74,2.5,0.0
2,2023-02-16 17:00:00,2023-02-16 17:30:00,1,1.02,1,N,101,161,1,8.09,3.5,0.5,1.32,0.0,1.0,14.41,0.0,0.0
1,2023-02-16 19:31:00,2023-02-16 20:06:00,1,2.83,1,N,239,84,1,21.12,3.5,0.5,1.78,0.0,1.0,30.4,2.5,0.0
2,2023-02-16 23:22:00,2023-02-17 00:14:00,3,0.47,1,N,188,124,1,25.9,2.5,0.5,0.79,0.0,1.0,33.19,2.5,0.0
1,2023-02-16 23:41:00,2023-02-17 00:20:00,3,1.09,1,N,50,99,1,10.57,1.0,0.5,0.75,0.0,1.0,15.57,0.0,1.75
1,2023-02-17 00:15:00,2023-02-17 00:42:00,1,1.27,1,N,252,191,1,9.13,0.0,0.5,0.12,0.0,1.0,13.25,2.5,0.0
2,2023-02-17 05:28:00,2023-02-17 06:16:00,1,1.46,1,N,104,43,2,6.95,0.5,0.5,0.11,6.55,1.0,18.11,2.5,0.0
2,2023-02-17 06:59:00,2023-02-17 07:11:00,1,3.22,1,N,236,234,1,12.58,0.5,0.5,1.03,6.55,1.0,22.16,0.0,0.0
1,2023-02-17 07:48:00,2023-02-17 08:25:00,1,0.56,1,N,62,147,1,6.33,2.5,0.5,7.19,6.55,1.0,26.57,2.5,0.0
2,2023-02-17 08:47:00,2023-02-17 09:12:00,1,6.35,1,N,62,4,1,5.58,1.0,0.5,2.21,6.55,1.0,19.34,2.5,0.0
1,2023-02-17 10:43:00,2023-02-17 11:18:00,1,1.24,1,N,230,182,1,7.39,3.5,0.5,0.74,0.0,1.0,15.63,2.5,0.0
2,2023-02-17 11:48:00,2023-02-17 11:59:00,2,2.9,2,N,135,30,1,7.31,0.5,0.5,4.83,0.0,1.0,14.14,0.0,0.0
1,2023-02-17 12:31:00,2023-02-17 12:44:00,1,9.54,1,N,197,68,1,11.36,3.5,0.5,1.21,0.0,1.0,17.57,0.0,0.0
1,2023-02-17 13:27:00,2023-02-17 13:41:00,1,5.1,1,N,246,61,2,12.48,0.0,0.5,0.66,0.0,1.0,17.14,2.5,0.0
2,2023-02-17 15:39:00,2023-02-17 15:51:00,1,1.31,1,N,18,188,2,30.05,3.5,0.5,1.09,6.55,1.0,45.19,2.5,0.0
1,2023-02-17 18:38:00,2023-02-17 18:50:00,1,3.94,1,N,96,164,1,6.38,3.5,0.5,1.2,6.55,1.0,21.63,2.5,0.0
1,2023-02-17 18:43:00,2023-02-17 19:25:00,2,6.62,1,N,213,189,1,15.69,0.0,0.5,1.57,0.0,1.0,21.26,2.5,0.0
1,2023-02-17 20:40:00,2023-02-17 21:10:00,1,3.86,3,N,151,135,3,3.72,2.5,0.5,0.6,0.0,1.0,8.32,0.0,0.0
1,2023-02-17 20:46:00,2023-02-17 21:19:00,1,2.74,1,N,71,262,1,22.77,1.0,0.5,1.35,6.55,1.0,33.17,0.0,0.0
1,2023-02-17 21:28:00,2023-02-17 22:15:00,1,1.55,1,N,81,101,4,5.98,0.5,0.5,0.8,0.0,1.0,8.78,0.0,0.0
1,2023-02-17 23:27:00,2023-02-17 23:55:00,2,0.87,1,N,72,51,1,15.24,0.5,0.5,0.2,6.55,1.0,26.49,2.5,0.0
2,2023-02-18 00:02:00,2023-02-18 00:57:00,4,2.34,1,N,154,262,1,26.21,0.0,0.5,0.13,0.0,1.0,30.34,2.5,0.0
2,2023-02-18 02:34:00,2023-02-18 03:01:00,1,2.64,1,N,105,222,1,5.36,0.0,0.5,0.07,0.0,1.0,6.93,0.0,0.0
1,2023-02-18 02:46:00,2023-02-18 03:42:00,1,2.76,1,N,7,9,1,24.91,3.5,0.5,0.17,0.0,1.0,32.58,2.5,0.0
1,2023-02-18 03:00:00,2023-02-18 03:13:00,1,2.49,2,N,181,231,1,22.62,3.5,0.5,1.7,6.55,1.0,38.37,2.5,0.0
2,2023-02-18 06:38:00,2023-02-18 07:29:00,1,1.68,1,N,264,61,1,11.43,3.5,0.5,0.17,0.0,1.0,19.1,2.5,0.0
2,2023-02-18 06:39:00,2023-02-18 07:01:00,1,0.39,1,N,84,35,2,5.1,2.5,0.5,4.77,0.0,1.0,16.37,2.5,0.0
1,2023-02-18 07:50:00,2023-02-18 08:20:00,1,1.65,1,N,220,259,1,3.32,1.0,0.5,5.66,6.55,1.0,20.53,2.5,0.0
1,2023-02-18 08:39:00,2023-02-18 09:26:00,1,3.48,1,N,212,39,1,19.03,1.0,0.5,8.57,6.55,1.0,39.15,2.5,0.0
1,2023-02-18 15:01:00,2023-02-18 15:06:00,1,3.93,1,N,119,60,1,7.71,3.5,0.5,1.99,6.55,1.0,25.5,2.5,1.75
2,2023-02-18 16:39:00,2023-02-18 16:53:00,1,1.55,1,Y,45,261,1,5.66,1.0,0.5,2.26,0.0,1.0,12.92,2.5,0.0
1,2023-02-18 18:02:00,2023-02-18 18:25:00,1,4.6,1,N,144,70,1,18.35,0.5,0.5,2.38,6.55,1.0,31.78,2.5,0.0
1,2023-02-18 19:45:00,2023-02-18 20:44:00,1,3.18,1,N,111,150,1,36.71,2.5,0.5,2.53,0.0,1.0,43.24,0.0,0.0
2,2023-02-18 19:53:00,2023-02-18 20:07:00,2,9.11,1,N,252,20,1,19.53,3.5,0.5,0.1,6.55,1.0,31.18,0.0,0.0
1,2023-02-18 20:06:00,2023-02-18 20:55:00,1,2.17,3,N,196,116,2,27.85,1.0,0.5,1.34,6.55,1.0,40.74,2.5,0.0
2,2023-02-18 21:10:00,2023-02-18 21:50:00,1,0.6,1,N,263,54,2,5.71,0.5,0.5,0.38,0.0,1.0,10.59,2.5,0.0
1,2023-02-18 22:23:00,2023-02-18 22:52:00,1,1.52,1,N,206,78,1,9.27,0.0,0.5,3.36,6.55,1.0,23.18,2.5,0.0
1,2023-02-18 22:27:00,2023-02-18 23:05:00,4,6.64,1,N,156,169,4,22.34,0.0,0.5,3.37,6.55,1.0,33.76,0.0,0.0
2,2023-02-18 22:34:00,2023-02-18 23:06:00,1,4.29,1,N,222,236,1,11.67,0.5,0.5,1.07,0.0,1.0,14.74,0.0,0.0
1,2023-02-19 01:20:00,2023-02-19 01:25:00,1,2.2,1,N,117,227,1,5.35,0.5,0.5,1.56,0.0,1.0,11.41,2.5,0.0
1,2023-02-19 06:14:00,2023-02-19 07:09:00,1,2.1,1,N,87,218,2,31.64,1.0,0.5,0.4,0.0,1.0,34.54,0.0,0.0
1,2023-02-19 12:15:00,2023-02-19 12:33:00,1,6.36,1,N,161,183,1,11.97,3.5,0.5,1.43,0.0,1.0,20.9,2.5,0.0
2,2023-02-19 13:46:00,2023-02-19 14:32:00,1,0.55,1,N,99,123,2,16.35,0.5,0.5,1.53,0.0,1.0,24.13,2.5,1.75
2,2023-02-19 16:17:00,2023-02-19 16:25:00,1,4.29,1,N,74,68,1,15.8,0.5,0.5,7.65,6.55,1.0,34.5,2.5,0.0
1,2023-02-19 22:27:00,2023-02-19 23:05:00,1,8.83,1,N,209,43,1,34.98,1.0,0.5,1.64,6.55,1.0,48.17,2.5,0.0
2,2023-02-19 22:36:00,2023-02-19 22:49:00,1,7.27,1,N,98,36,1,3.12,0.5,0.5,3.32,0.0,1.0,10.94,2.5,0.0
2,2023-02-19 23:07:00,2023-02-19 23:31:00,1,4.97,1,N,199,105,1,8.52,0.5,0.5,0.92,6.55,1.0,20.49,2.5,0.0
1,2023-02-20 01:35:00,2023-02-20 02:26:00,1,2.32,1,N,104,64,2,5.99,0.0,0.5,2.62,0.0,1.0,12.61,2.5,0.0
2,2023-02-20 03:47:00,2023-02-20 04:37:00,1,3.84,1,N,78,136,2,10.55,0.5,0.5,2.18,0.0,1.0,18.98,2.5,1.75
2,2023-02-20 04:00:00,2023-02-20 04:11:00,1,2.26,1,N,250,144,1,15.55,3.5,0.5,0.39,0.0,1.0,23.44,2.5,0.0
2,2023-02-20 05:03:00,2023-02-20 05:58:00,1,1.18,2,N,150,95,1,20.39,3.5,0.5,1.06,6.55,1.0,33.0,0.0,0.0
1,2023-02-20 09:48:00,2023-02-20 10:37:00,1,1.84,1,N,115,213,1,11.78,1.0,0.5,0.67,6.55,1.0,21.5,0.0,0.0
2,2023-02-20 11:24:00,2023-02-20 11:52:00,1,2.96,1,N,120,60,2,10.19,3.5,0.5,1.34,6.55,1.0,23.08,0.0,0.0
2,2023-02-20 11:32:00,2023-02-20 11:45:00,2,7.85,1,N,233,33,1,7.15,3.5,0.5,5.74,0.0,1.0,17.89,0.0,0.0
1,2023-02-20 11:55:00,2023-02-20 12:20:00,1,1.85,1,N,198,234,1,11.76,1.0,0.5,0.17,0.0,1.0,16.93,2.5,0.0
2,2023-02-20 16:31:00,2023-02-20 17:04:00,1,0.4,1,N,178,166,1,9.81,0.0,0.5,2.64,0.0,1.0,13.95,0.0,0.0
2,2023-02-21 01:23:00,2023-02-21 01:52:00,2,3.06,1,N,239,167,1,13.19,2.5,0.5,1.08,6.55,1.0,24.82,0.0,0.0
2,2023-02-21 02:31:00,2023-02-21 03:06:00,2,1.41,1,N,259,256,1,50.61,1.0,0.5,3.96,0.0,1.0,59.57,2.5,0.0
2,2023-02-21 04:06:00,2023-02-21 04:57:00,1,3.37,1,N,25,246,1,40.22,0.5,0.5,8.73,0.0,1.0,50.95,0.0,0.0
2,2023-02-21 07:01:00,2023-02-21 07:15:00,1,0.66,4,N,167,9,1,5.4,2.5,0.5,0.82,0.0,1.0,10.22,0.0,0.0
1,2023-02-21 07:09:00,2023-02-21 07:48:00,2,2.32,4,N,97,98,1,15.35,0.0,0.5,0.45,0.0,1.0,19.8,2.5,0.0
1,2023-02-21 07:10:00,2023-02-21 07:24:00,1,4.3,1,N,224,28,1,53.02,0.5,0.5,0.62,6.55,1.0,64.69,2.5,0.0
2,2023-02-21 09:17:00,2023-02-21 09:51:00,1,0.61,1,N,100,27,2,13.55,1.0,0.5,0.68,0.0,1.0,19.23,2.5,0.0
2,2023-02-21 10:31:00,2023-02-21 11:29:00,1,6.62,1,N,11,217,1,11.57,2.5,0.5,3.71,0.0,1.0,21.78,2.5,0.0
1,2023-02-21 17:00:00,2023-02-21 17:59:00,3,20.54,1,N,40,60,2,10.13,3.5,0.5,11.07,0.0,1.0,26.2,0.0,0.0
2,2023-02-21 18:33:00,2023-02-21 19:01:00,1,0.32,1,N,43,104,1,3.94,2.5,0.5,14.2,0.0,1.0,24.64,2.5,0.0
1,2023-02-21 18:47:00,2023-02-21 19:46:00,1,2.36,1,N,57,244,1,4.0,1.0,0.5,7.99,0.0,1.0,14.49,0.0,0.0
2,2023-02-21 19:21:00,2023-02-21 20:01:00,1,1.5,3,N,220,183,1,5.21,0.5,0.5,0.09,6.55,1.0,18.1,2.5,1.75
2,2023-02-21 20:54:00,2023-02-21 21:43:00,1,4.57,1,N,232,199,1,30.98,2.5,0.5,5.61,0.0,1.0,40.59,0.0,0.0
2,2023-02-21 21:40:00,2023-02-21 22:36:00,1,3.15,1,N,120,138,1,11.28,3.5,0.5,7.23,0.0,1.0,26.01,2.5,0.0
2,2023-02-21 22:53:00,2023-02-21 23:19:00,1,7.73,1,N,77,195,1,24.29,0.0,0.5,1.88,0.0,1.0,27.67,0.0,0.0
1,2023-02-22 06:37:00,2023-02-22 07:31:00,1,2.71,1,N,244,164,1,13.18,2.5,0.5,1.15,6.55,1.0,27.38,2.5,0.0
2,2023-02-22 08:28:00,2023-02-22 09:16:00,1,2.19,1,N,1,95,1,62.62,0.5,0.5,0.97,0.0,1.0,68.09,2.5,0.0
1,2023-02-22 08:43:00,2023-02-22 09:16:00,1,1.39,1,N,106,102,1,5.89,1.0,0.5,1.01,0.0,1.0,11.9,2.5,0.0
1,2023-02-22 08:58:00,2023-02-22 09:42:00,1,2.06,1,N,200,201,1,10.76,1.0,0.5,3.16,0.0,1.0,18.17,0.0,1.75
2,2023-02-22 09:31:00,2023-02-22 10:03:00,1,0.55,1,N,257,105,1,7.26,0.5,0.5,1.21,6.55,1.0,19.52,2.5,0.0
1,2023-02-22 13:53:00,2023-02-22 14:41:00,1,0.55,1,N,99,171,1,31.49,1.0,0.5,0.49,0.0,1.0,38.73,2.5,1.75
2,2023-02-22 14:46:00,2023-02-22 14:52:00,1,7.01,1,N,95,76,1,4.06,0.0,0.5,3.0,0.0,1.0,11.06,2.5,0.0
2,2023-02-22 19:57:00,2023-02-22 20:33:00,3,1.07,1,N,130,169,1,3.61,3.5,0.5,3.05,6.55,1.0,18.21,0.0,0.0
2,2023-02-22 22:18:00,2023-02-22 23:07:00,2,0.71,1,N,250,101,1,11.09,1.0,0.5,0.58,6.55,1.0,20.72,0.0,0.0
1,2023-02-22 22:40:00,2023-02-22 23:24:00,1,7.3,1,N,245,199,1,4.09,2.5,0.5,1.45,6.55,1.0,18.59,2.5,0.0
2,2023-02-22 22:56:00,2023-02-22 23:33:00,1,0.38,1,N,227,49,1,7.51,0.5,0.5,0.45,6.55,1.0,18.26,0.0,1.75
2,2023-02-22 23:30:00,2023-02-23 00:27:00,1,1.65,1,N,132,227,3,9.96,0.5,0.5,0.41,6.55,1.0,18.92,0.0,0.0
2,2023-02-23 00:09:00,2023-02-23 00:24:00,1,3.16,1,N,35,239,1,3.84,1.0,0.5,0.24,0.0,1.0,9.08,2.5,0.0
2,2023-02-23 00:41:00,2023-02-23 01:39:00,1,4.67,3,N,101,173,1,19.22,1.0,0.5,0.95,6.55,1.0,33.47,2.5,1.75
2,2023-02-23 00:53:00,2023-02-23 01:12:00,1,0.57,1,N,251,215,1,13.26,0.0,0.5,2.86,0.0,1.0,20.12,2.5,0.0
2,2023-02-23 06:29:00,2023-02-23 07:19:00,2,6.56,1,N,33,196,1,9.54,1.0,0.5,0.01,6.55,1.0,18.6,0.0,0.0
1,2023-02-23 08:48:00,2023-02-23 09:35:00,3,5.35,1,N,215,217,1,12.78,3.5,0.5,1.37,0.0,1.0,19.15,0.0,0.0
1,2023-02-23 09:38:00,2023-02-23 10:29:00,1,5.31,1,N,142,260,1,13.96,0.0,0.5,1.85,6.55,1.0,26.36,2.5,0.0
2,2023-02-23 14:15:00,2023-02-23 14:54:00,3,7.62,1,N,20,256,1,5.62,3.5,0.5,2.9,0.0,1.0,16.02,2.5,0.0
1,2023-02-23 18:54:00,2023-02-23 19:35:00,1,0.58,1,N,12,138,1,8.63,2.5,0.5,0.05,0.0,1.0,15.18,2.5,0.0
1,2023-02-23 19:45:00,2023-02-23 20:30:00,2,1.84,1,N,106,102,1,16.54,0.5,0.5,0.83,0.0,1.0,21.87,2.5,0.0
1,2023-02-23 19:46:00,2023-02-23 20:24:00,1,2.78,1,N,140,175,1,10.51,3.5,0.5,1.53,0.0,1.0,21.29,2.5,1.75
2,2023-02-23 20:05:00,2023-02-23 20:47:00,4,1.92,1,N,152,130,1,21.13,1.0,0.5,1.23,0.0,1.0,26.61,0.0,1.75
2,2023-02-23 21:26:00,2023-02-23 22:01:00,1,2.84,1,N,69,52,1,12.38,3.5,0.5,1.18,6.55,1.0,26.86,0.0,1.75
2,2023-02-24 00:34:00,2023-02-24 01:02:00,2,1.53,1,N,79,176,2,15.69,1.0,0.5,1.82,0.0,1.0,22.51,2.5,0.0
2,2023-02-24 01:22:00,2023-02-24 01:29:00,1,4.99,1,N,23,44,2,5.6,0.0,0.5,0.02,0.0,1.0,9.62,2.5,0.0
2,2023-02-24 05:17:00,2023-02-24 05:58:00,4,1.96,1,N,56,228,1,15.43,3.5,0.5,0.19,0.0,1.0,23.12,2.5,0.0
2,2023-02-24 05:56:00,2023-02-24 06:01:00,1,2.46,1,N,100,263,1,14.59,3.5,0.5,0.63,6.55,1.0,29.27,2.5,0.0
2,2023-02-24 07:42:00,2023-02-24 08:20:00,1,3.44,1,N,10,150,1,12.07,2.5,0.5,0.66,6.55,1.0,25.78,2.5,0.0
2,2023-02-24 08:09:00,2023-02-24 08:42:00,1,3.68,1,N,46,228,1,18.12,1.0,0.5,0.17,0.0,1.0,20.79,0.0,0.0
2,2023-02-24 12:53:00,2023-02-24 13:39:00,2,2.05,2,N,167,145,2,9.99,2.5,0.5,0.66,0.0,1.0,17.15,2.5,0.0
2,2023-02-24 12:57:00,2023-02-24 13:19:00,1,1.6,1,N,251,122,1,5.91,1.0,0.5,0.67,0.0,1.0,9.08,0.0,0.0
1,2023-02-24 14:23:00,2023-02-24 15:06:00,1,0.73,1,N,228,152,2,5.68,2.5,0.5,4.9,0.0,1.0,17.08,2.5,0.0
2,2023-02-24 17:01:00,2023-02-24 17:13:00,1,3.72,1,N,131,151,1,21.09,0.5,0.5,3.49,0.0,1.0,29.08,2.5,0.0
1,2023-02-24 22:03:00,2023-02-24 22:34:00,1,2.0,5,N,122,11,1,16.91,1.0,0.5,1.12,0.0,1.0,22.28,0.0,1.75
1,2023-02-24 23:01:00,2023-02-24 23:14:00,2,1.74,1,N,86,197,1,16.21,0.0,0.5,1.37,6.55,1.0,25.63,0.0,0.0
2,2023-02-25 00:11:00,2023-02-25 00:19:00,3,1.05,1,N,141,222,2,17.85,3.5,0.5,1.61,6.55,1.0,33.51,2.5,0.0
2,2023-02-25 04:19:00,2023-02-25 04:48:00,1,3.91,1,N,111,50,1,14.48,1.0,0.5,1.57,6.55,1.0,27.6,2.5,0.0
2,2023-02-25 09:55:00,2023-02-25 10:48:00,2,1.88,1,N,45,170,1,8.79,2.5,0.5,2.46,0.0,1.0,15.25,0.0,0.0
1,2023-02-25 10:18:00,2023-02-25 11:10:00,2,1.33,1,N,91,261,1,10.62,0.0,0.5,1.56,6.55,1.0,22.73,2.5,0.0
2,2023-02-25 12:53:00,2023-02-25 13:11:00,1,5.54,1,N,7,255,1,7.39,2.5,0.5,0.6,0.0,1.0,14.49,2.5,0.0
2,2023-02-25 14:33:00,2023-02-25 15:28:00,4,2.64,1,N,27,185,1,71.85,1.0,0.5,1.7,0.0,1.0,78.55,2.5,0.0
2,2023-02-25 15:02:00,2023-02-25 15:15:00,2,1.23,1,N,109,258,1,4.79,3.5,0.5,0.36,0.0,1.0,10.15,0.0,0.0
2,2023-02-25 15:52:00,2023-02-25 16:01:00,1,8.09,1,N,143,6,4,13.98,0.5,0.5,0.43,6.55,1.0,25.46,2.5,0.0
2,2023-02-25 17:37:00,2023-02-25 17:46:00,2,2.62,1,N,109,127,1,9.24,2.5,0.5,0.96,0.0,1.0,18.45,2.5,1.75
2,2023-02-25 19:48:00,2023-02-25 20:06:00,3,3.06,1,N,233,35,2,25.68,0.0,0.5,0.25,0.0,1.0,29.93,2.5,0.0
1,2023-02-25 20:28:00,2023-02-25 21:17:00,2,1.53,1,N,230,9,1,8.33,3.5,0.5,1.73,0.0,1.0,17.56,2.5,0.0
2,2023-02-26 02:51:00,2023-02-26 03:05:00,1,0.98,1,N,207,217,2,4.4,1.0,0.5,1.13,6.55,1.0,17.08,2.5,0.0
1,2023-02-26 10:17:00,2023-02-26 11:07:00,1,3.4,1,N,133,16,1,3.47,3.5,0.5,6.55,0.0,1.0,15.02,0.0,0.0
1,2023-02-26 10:24:00,2023-02-26 10:33:00,2,5.34,2,N,185,11,2,29.01,2.5,0.5,3.0,0.0,1.0,36.01,0.0,0.0
2,2023-02-26 13:21:00,2023-02-26 13:26:00,1,4.6,1,N,247,22,1,7.62,0.0,0.5,5.87,0.0,1.0,19.24,2.5,1.75
2,2023-02-26 19:36:00,2023-02-26 19:49:00,3,1.49,1,N,96,40,1,16.69,1.0,0.5,1.47,0.0,1.0,20.66,0.0,0.0
2,2023-02-26 22:12:00,2023-02-26 22:55:00,3,0.8,2,N,248,179,4,31.23,3.5,0.5,9.32,6.55,1.0,54.6,2.5,0.0
1,2023-02-26 23:54:00,2023-02-27 00:46:00,1,1.49,2,N,26,243,1,15.37,2.5,0.5,8.56,6.55,1.0,36.98,2.5,0.0
2,2023-02-27 01:40:00,2023-02-27 02:08:00,2,3.07,1,N,240,144,1,22.82,3.5,0.5,3.44,6.55,1.0,40.31,2.5,0.0
2,2023-02-27 02:03:00,2023-02-27 02:53:00,4,2.07,1,N,144,180,2,13.64,1.0,0.5,3.19,0.0,1.0,19.33,0.0,0.0
2,2023-02-27 03:19:00,2023-02-27 03:56:00,1,3.3,1,N,215,151,1,11.19,2.5,0.5,0.42,0.0,1.0,19.86,2.5,1.75
2,2023-02-27 03:29:00,2023-02-27 04:10:00,3,1.66,1,N,78,209,1,8.18,0.5,0.5,3.79,0.0,1.0,13.97,0.0,0.0
2,2023-02-27 05:29:00,2023-02-27 05:39:00,1,6.81,1,N,129,106,1,3.2,1.0,0.5,2.41,0.0,1.0,10.61,2.5,0.0
1,2023-02-27 11:05:00,2023-02-27 11:46:00,2,0.66,1,N,164,89,2,22.05,1.0,0.5,0.13,0.0,1.0,27.18,2.5,0.0
2,2023-02-27 12:06:00,2023-02-27 12:36:00,3,2.7,1,N,93,219,1,22.61,0.0,0.5,3.11,0.0,1.0,29.72,2.5,0.0
1,2023-02-27 12:44:00,2023-02-27 12:54:00,1,3.37,1,N,240,43,1,29.06,1.0,0.5,2.09,6.55,1.0,42.7,2.5,0.0
1,2023-02-27 15:07:00,2023-02-27 15:24:00,2,10.07,1,N,204,249,1,8.74,3.5,0.5,0.96,6.55,1.0,21.25,0.0,0.0
2,2023-02-27 15:09:00,2023-02-27 15:31:00,1,2.01,1,N,2,254,1,3.81,2.5,0.5,4.01,6.55,1.0,22.62,2.5,1.75
1,2023-02-27 17:23:00,2023-02-27 17:44:00,1,8.95,1,N,88,86,1,17.83,1.0,0.5,0.39,6.55,1.0,29.77,2.5,0.0
2,2023-02-27 18:26:00,2023-02-27 18:51:00,4,5.13,1,N,30,60,2,25.93,0.0,0.5,0.66,0.0,1.0,32.34,2.5,1.75
2,2023-02-27 20:11:00,2023-02-27 20:54:00,1,1.32,1,N,255,193,2,3.12,3.5,0.5,1.03,0.0,1.0,11.65,2.5,0.0
2,2023-02-27 20:20:00,2023-02-27 21:05:00,2,1.29,1,N,16,149,2,3.93,1.0,0.5,6.36,0.0,1.0,15.29,2.5,0.0
2,2023-02-27 21:29:00,2023-02-27 21:34:00,1,2.75,1,N,240,125,2,14.26,0.5,0.5,2.1,6.55,1.0,29.16,2.5,1.75
1,2023-02-27 21:44:00,2023-02-27 22:19:00,1,2.53,1,N,132,185,1,19.96,0.0,0.5,2.01,6.55,1.0,32.52,2.5,0.0
2,2023-02-28 00:35:00,2023-02-28 01:28:00,4,2.09,1,N,36,61,1,3.64,0.5,0.5,7.04,6.55,1.0,19.23,0.0,0.0
1,2023-02-28 00:40:00,2023-02-28 00:56:00,2,0.49,1,N,219,87,1,4.76,0.0,0.5,2.27,0.0,1.0,11.03,2.5,0.0
1,2023-02-28 04:31:00,2023-02-28 04:44:00,1,3.26,1,N,166,210,1,6.36,0.5,0.5,2.07,6.55,1.0,19.48,2.5,0.0
2,2023-02-28 04:33:00,2023-02-28 04:45:00,1,0.99,1,N,206,212,1,7.43,0.5,0.5,1.01,6.55,1.0,19.49,2.5,0.0
2,2023-02-28 09:20:00,2023-02-28 09:29:00,4,2.66,1,N,75,171,1,20.07,1.0,0.5,0.35,6.55,1.0,31.97,2.5,0.0
1,2023-02-28 09:22:00,2023-02-28 09:52:00,1,1.06,1,N,52,93,2,32.06,0.5,0.5,0.32,6.55,1.0,43.43,2.5,0.0
2,2023-02-28 12:51:00,2023-02-28 13:04:00,1,0.3,1,N,238,69,1,19.18,2.5,0.5,0.3,0.0,1.0,27.73,2.5,1.75
1,2023-02-28 14:21:00,2023-02-28 15:17:00,1,9.12,1,N,186,250,1,21.03,1.0,0.5,0.52,0.0,1.0,26.55,2.5,0.0
2,2023-02-28 17:37:00,2023-02-28 18:02:00,1,1.02,1,N,191,66,2,45.5,3.5,0.5,0.47,0.0,1.0,53.47,2.5,0.0
2,2023-02-28 18:07:00,2023-02-28 18:12:00,4,1.32,1,N,57,142,1,8.46,2.5,0.5,1.09,0.0,1.0,16.05,2.5,0.0
2,2023-02-28 18:54:00,2023-02-28 19:53:00,1,1.98,1,N,262,108,1,17.52,2.5,0.5,3.33,0.0,1.0,24.85,0.0,0.0
2,2023-02-28 19:40:00,2023-02-28 20:29:00,2,15.14,1,N,231,256,2,17.1,3.5,0.5,0.05,0.0,1.0,22.15,0.0,0.0
2,2023-02-28 19:43:00,2023-02-28 20:01:00,1,1.77,1,N,69,106,1,10.6,0.5,0.5,0.9,0.0,1.0,16.0,2.5,0.0
1,2023-02-28 20:34:00,2023-02-28 21:04:00,1,1.29,1,N,68,220,1,30.13,0.0,0.5,2.86,6.55,1.0,41.04,0.0,0.0
2,2023-02-28 20:41:00,2023-02-28 20:52:00,1,2.46,1,N,264,153,1,3.08,0.5,0.5,3.43,6.55,1.0,17.56,2.5,0.0
2,2023-02-28 21:31:00,2023-02-28 21:43:00,1,2.41,1,N,80,149,1,8.79,0.5,0.5,3.99,0.0,1.0,17.28,2.5,0.0
2,2023-02-28 21:37:00,2023-02-28 21:46:00,3,0.51,1,N,177,260,1,52.67,0.5,0.5,0.16,6.55,1.0,65.63,2.5,1.75
2,2023-02-28 22:56:00,2023-02-28 23:23:00,1,0.71,1,N,163,246,1,4.66,3.5,0.5,0.41,6.55,1.0,19.12,2.5,0.0
2,2023-03-01 01:38:00,2023-03-01 01:46:00,1,2.21,1,N,68,147,1,29.24,2.5,0.5,1.5,0.0,1.0,34.74,0.0,0.0
2,2023-03-01 03:26:00,2023-03-01 04:17:00,1,2.1,1,N,112,211,2,13.64,0.5,0.5,2.96,0.0,1.0,21.1,2.5,0.0
2,2023-03-01 03:38:00,2023-03-01 03:55:00,1,0.64,3,N,23,178,1,22.71,1.0,0.5,3.44,0.0,1.0,31.15,2.5,0.0
1,2023-03-01 08:17:00,2023-03-01 08:23:00,1,4.29,1,N,121,19,4,9.34,0.0,0.5,3.49,0.0,1.0,14.33,0.0,0.0
1,2023-03-01 09:30:00,2023-03-01 09:38:00,1,6.39,1,N,147,12,1,12.14,0.0,0.5,1.11,0.0,1.0,17.25,2.5,0.0
2,2023-03-01 13:34:00,2023-03-01 14:21:00,1,0.61,1,N,190,235,2,17.65,3.5,0.5,4.08,0.0,1.0,29.23,2.5,0.0
1,2023-03-01 17:19:00,2023-03-01 17:42:00,1,2.3,1,N,2,76,2,6.22,3.5,0.5,2.47,0.0,1.0,16.19,2.5,0.0
1,2023-03-01 19:24:00,2023-03-01 20:23:00,1,7.35,1,N,103,260,1,13.69,1.0,0.5,0.16,6.55,1.0,25.4,2.5,0.0
2,2023-03-01 20:28:00,2023-03-01 20:59:00,1,0.45,1,N,2,147,1,21.71,0.0,0.5,4.25,0.0,1.0,29.96,2.5,0.0
2,2023-03-01 21:11:00,2023-03-01 21:28:00,1,0.43,1,N,79,48,1,5.06,0.5,0.5,3.45,0.0,1.0,13.01,2.5,0.0
2,2023-03-01 23:06:00,2023-03-01 23:50:00,1,0.48,1,N,254,16,2,6.19,3.5,0.5,0.31,6.55,1.0,18.05,0.0,0.0
2,2023-03-01 23:25:00,2023-03-01 23:50:00,1,0.96,1,N,7,181,1,7.39,0.5,0.5,2.42,0.0,1.0,14.31,2.5,0.0
2,2023-03-02 01:56:00,2023-03-02 02:44:00,1,0.58,1,N,76,260,2,42.01,0.0,0.5,1.42,0.0,1.0,47.43,2.5,0.0
2,2023-03-02 04:12:00,2023-03-02 04:45:00,2,4.84,2,N,121,173,1,11.51,2.5,0.5,1.17,0.0,1.0,18.43,0.0,1.75
2,2023-03-02 04:32:00,2023-03-02 04:57:00,1,0.35,1,N,11,183,1,31.47,2.5,0.5,0.39,0.0,1.0,38.36,2.5,0.0
2,2023-03-02 04:54:00,2023-03-02 05:24:00,1,1.04,1,N,62,247,3,4.73,2.5,0.5,4.84,0.0,1.0,17.82,2.5,1.75
2,2023-03-02 05:24:00,2023-03-02 05:45:00,3,0.71,2,N,105,158,2,5.12,1.0,0.5,3.17,6.55,1.0,19.84,2.5,0.0
1,2023-03-02 06:35:00,2023-03-02 06:59:00,1,5.75,1,N,127,40,2,14.05,0.5,0.5,2.23,0.0,1.0,20.03,0.0,1.75
2,2023-03-02 06:43:00,2023-03-02 07:17:00,1,0.56,1,N,75,124,1,5.04,0.5,0.5,4.88,0.0,1.0,13.67,0.0,1.75
1,2023-03-02 09:48:00,2023-03-02 10:16:00,1,11.02,1,N,237,195,2,3.69,2.5,0.5,1.39,0.0,1.0,11.58,2.5,0.0
2,2023-03-02 10:51:00,2023-03-02 11:14:00,1,8.5,1,N,118,235,1,7.8,0.5,0.5,1.37,0.0,1.0,13.67,2.5,0.0
2,2023-03-02 12:58:00,2023-03-02 13:08:00,2,3.94,1,N,27,197,1,14.19,0.5,0.5,1.91,6.55,1.0,27.15,2.5,0.0
2,2023-03-02 14:25:00,2023-03-02 14:35:00,1,4.31,1,Y,118,175,1,7.99,1.0,0.5,5.43,0.0,1.0,17.67,0.0,1.75
1,2023-03-02 16:28:00,2023-03-02 17:24:00,1,1.23,1,N,118,130,1,10.26,1.0,0.5,5.68,0.0,1.0,20.94,2.5,0.0
2,2023-03-02 17:48:00,2023-03-02 18:11:00,1,0.3,1,N,235,162,1,16.37,1.0,0.5,1.39,0.0,1.0,20.26,0.0,0.0
1,2023-03-02 18:18:00,2023-03-02 18:26:00,3,0.53,1,N,188,225,2,7.17,2.5,0.5,0.82,0.0,1.0,11.99,0.0,0.0
1,2023-03-02 19:52:00,2023-03-02 20:03:00,1,3.92,1,N,80,46,1,13.25,2.5,0.5,3.21,6.55,1.0,29.51,2.5,0.0
1,2023-03-02 19:53:00,2023-03-02 20:16:00,2,6.34,1,N,172,56,1,24.76,3.5,0.5,1.3,0.0,1.0,33.56,2.5,0.0
2,2023-03-03 01:55:00,2023-03-03 02:37:00,1,1.04,1,N,211,161,2,43.1,0.5,0.5,1.89,6.55,1.0,53.54,0.0,0.0
1,2023-03-03 02:20:00,2023-03-03 02:27:00,1,0.7,2,N,10,131,1,3.72,2.5,0.5,4.97,0.0,1.0,12.69,0.0,0.0
1,2023-03-03 03:39:00,2023-03-03 03:50:00,2,10.29,1,N,180,134,3,4.99,0.5,0.5,0.94,0.0,1.0,10.43,2.5,0.0
2,2023-03-03 07:42:00,2023-03-03 08:11:00,3,0.79,1,N,51,218,1,9.29,2.5,0.5,1.54,6.55,1.0,23.88,2.5,0.0
2,2023-03-03 09:42:00,2023-03-03 10:36:00,1,1.25,1,N,232,47,1,4.58,0.5,0.5,0.98,0.0,1.0,10.06,2.5,0.0
1,2023-03-03 13:48:00,2023-03-03 14:12:00,1,2.82,1,N,128,214,1,29.16,0.0,0.5,1.44,0.0,1.0,32.1,0.0,0.0
2,2023-03-03 16:35:00,2023-03-03 17:02:00,1,0.3,4,N,26,200,1,10.78,0.0,0.5,1.38,6.55,1.0,20.21,0.0,0.0
1,2023-03-03 19:57:00,2023-03-03 20:09:00,1,0.92,1,Y,84,138,4,13.85,2.5,0.5,3.4,0.0,1.0,23.0,0.0,1.75
1,2023-03-03 21:16:00,2023-03-03 22:09:00,1,2.07,1,N,88,252,1,19.33,2.5,0.5,7.37,0.0,1.0,34.95,2.5,1.75
2,2023-03-03 23:22:00,2023-03-04 00:16:00,1,7.96,1,N,33,195,1,5.05,0.5,0.5,1.67,0.0,1.0,11.22,2.5,0.0
2,2023-03-04 00:32:00,2023-03-04 01:04:00,1,1.92,1,N,155,173,2,47.85,3.5,0.5,0.18,0.0,1.0,55.53,2.5,0.0
2,2023-03-04 01:13:00,2023-03-04 01:46:00,5,0.55,1,N,247,197,1,13.55,0.0,0.5,3.79,6.55,1.0,27.89,2.5,0.0
2,2023-03-04 01:20:00,2023-03-04 01:47:00,2,0.5,1,N,22,170,1,13.29,0.5,0.5,0.49,0.0,1.0,18.28,2.5,0.0
2,2023-03-04 03:04:00,2023-03-04 03:57:00,1,6.35,1,N,221,115,1,39.89,3.5,0.5,4.2,6.55,1.0,55.64,0.0,0.0
2,2023-03-04 05:33:00,2023-03-04 06:09:00,1,4.99,1,N,42,261,1,14.4,0.5,0.5,3.04,6.55,1.0,28.49,2.5,0.0
2,2023-03-04 08:20:00,2023-03-04 09:06:00,1,1.45,1,N,14,40,1,5.9,0.0,0.5,2.24,0.0,1.0,12.14,2.5,0.0
2,2023-03-04 10:50:00,2023-03-04 11:16:00,2,9.87,1,N,152,132,1,6.3,3.5,0.5,3.4,6.55,1.0,23.75,2.5,0.0
2,2023-03-04 12:09:00,2023-03-04 12:58:00,2,0.32,1,N,158,45,1,37.39,3.5,0.5,1.46,6.55,1.0,52.9,2.5,0.0
2,2023-03-04 13:33:00,2023-03-04 14:29:00,1,2.13,1,N,260,185,2,6.12,0.5,0.5,1.78,0.0,1.0,12.4,2.5,0.0
2,2023-03-04 14:20:00,2023-03-04 14:54:00,1,2.47,1,N,220,154,2,15.44,3.5,0.5,1.95,6.55,1.0,31.44,2.5,0.0
2,2023-03-04 16:32:00,2023-03-04 17:06:00,1,4.65,1,N,252,133,1,8.45,2.5,0.5,1.81,6.55,1.0,23.31,2.5,0.0
1,2023-03-04 17:06:00,2023-03-04 17:41:00,1,3.98,1,N,91,196,1,16.98,0.0,0.5,0.29,0.0,1.0,21.27,2.5,0.0
2,2023-03-04 18:57:00,2023-03-04 19:34:00,1,0.76,1,N,229,2,1,44.96,2.5,0.5,1.95,6.55,1.0,57.46,0.0,0.0
2,2023-03-05 04:46:00,2023-03-05 05:22:00,1,2.63,1,N,222,84,1,3.49,2.5,0.5,8.77,6.55,1.0,25.31,2.5,0.0
2,2023-03-05 06:08:00,2023-03-05 06:55:00,1,6.72,1,N,231,224,2,12.12,3.5,0.5,0.15,6.55,1.0,26.32,2.5,0.0
2,2023-03-05 07:36:00,2023-03-05 07:54:00,2,2.75,1,N,192,25,1,3.58,2.5,0.5,0.18,6.55,1.0,16.81,2.5,0.0
2,2023-03-05 08:18:00,2023-03-05 09:05:00,1,0.96,1,N,233,38,2,26.56,0.5,0.5,0.38,0.0,1.0,31.44,2.5,0.0
2,2023-03-05 08:29:00,2023-03-05 08:48:00,1,2.72,1,N,21,67,1,8.26,0.0,0.5,1.33,0.0,1.0,13.59,2.5,0.0
1,2023-03-05 10:01:00,2023-03-05 10:52:00,1,3.36,1,N,117,264,1,26.61,0.0,0.5,1.25,0.0,1.0,31.86,2.5,0.0
2,2023-03-05 10:08:00,2023-03-05 10:18:00,1,1.23,1,N,110,99,1,4.58,0.5,0.5,4.76,0.0,1.0,13.84,2.5,0.0
2,2023-03-05 10:33:00,2023-03-05 11:22:00,1,8.17,1,N,70,98,1,8.39,1.0,0.5,2.07,0.0,1.0,15.46,2.5,0.0
1,2023-03-05 14:03:00,2023-03-05 14:13:00,1,5.14,1,N,134,230,1,4.21,3.5,0.5,2.05,0.0,1.0,15.51,2.5,1.75
1,2023-03-05 15:38:00,2023-03-05 15:57:00,5,0.93,1,N,32,215,1,4.58,1.0,0.5,5.69,0.0,1.0,15.27,2.5,0.0
2,2023-03-05 17:11:00,2023-03-05 18:05:00,3,0.44,4,N,188,158,1,18.92,3.5,0.5,2.6,0.0,1.0,29.02,2.5,0.0
2,2023-03-05 19:05:00,2023-03-05 19:23:00,3,4.52,2,N,258,102,2,13.86,0.5,0.5,1.84,0.0,1.0,20.2,2.5,0.0
2,2023-03-05 19:13:00,2023-03-05 19:26:00,1,2.45,1,N,40,131,1,22.88,1.0,0.5,3.19,0.0,1.0,30.32,0.0,1.75
2,2023-03-05 19:51:00,2023-03-05 20:48:00,1,9.21,1,N,226,85,1,32.82,0.0,0.5,3.39,0.0,1.0,40.21,2.5,0.0
1,2023-03-05 21:56:00,2023-03-05 22:18:00,1,1.47,1,N,5,40,1,21.12,0.0,0.5,0.77,6.55,1.0,32.44,2.5,0.0
2,2023-03-06 00:12:00,2023-03-06 01:02:00,1,0.36,1,N,80,240,1,13.36,0.5,0.5,0.44,0.0,1.0,18.3,2.5,0.0
1,2023-03-06 00:33:00,2023-03-06 00:38:00,1,5.21,1,N,213,141,1,23.05,1.0,0.5,0.37,0.0,1.0,28.42,2.5,0.0
1,2023-03-06 01:43:00,2023-03-06 02:19:00,3,2.25,1,N,151,92,1,15.59,2.5,0.5,0.82,0.0,1.0,22.91,2.5,0.0
2,2023-03-06 01:48:00,2023-03-06 02:25:00,1,2.95,1,N,3,154,1,20.53,0.5,0.5,4.86,6.55,1.0,35.69,0.0,1.75
2,2023-03-06 02:44:00,2023-03-06 03:39:00,1,1.14,1,N,232,7,1,8.5,0.5,0.5,0.28,6.55,1.0,19.83,2.5,0.0
1,2023-03-06 05:33:00,2023-03-06 06:23:00,2,2.61,1,N,229,54,1,36.72,3.5,0.5,2.13,0.0,1.0,46.35,2.5,0.0
1,2023-03-06 06:58:00,2023-03-06 07:21:00,1,1.52,2,N,7,215,1,25.68,0.0,0.5,3.32,6.55,1.0,39.55,2.5,0.0
2,2023-03-06 07:21:00,2023-03-06 07:53:00,1,1.16,1,N,197,147,1,40.92,0.0,0.5,1.29,0.0,1.0,43.71,0.0,0.0
1,2023-03-06 10:04:00,2023-03-06 10:47:00,1,6.61,1,N,234,5,1,24.57,2.5,0.5,0.52,0.0,1.0,31.59,2.5,0.0
1,2023-03-06 10:09:00,2023-03-06 11:07:00,1,0.76,1,N,152,55,1,6.2,2.5,0.5,2.93,6.55,1.0,22.18,2.5,0.0
1,2023-03-06 11:30:00,2023-03-06 12:03:00,1,0.93,1,N,63,117,2,13.85,2.5,0.5,2.97,0.0,1.0,20.82,0.0,0.0
2,2023-03-06 11:56:00,2023-03-06 12:10:00,1,4.32,1,N,211,136,2,15.0,2.5,0.5,5.99,0.0,1.0,26.74,0.0,1.75
1,2023-03-06 15:10:00,2023-03-06 15:50:00,1,3.26,1,N,201,140,2,3.92,2.5,0.5,3.17,6.55,1.0,19.39,0.0,1.75
1,2023-03-06 15:18:00,2023-03-06 16:02:00,1,2.18,1,N,131,233,1,7.46,3.5,0.5,2.55,0.0,1.0,17.51,2.5,0.0
2,2023-03-06 18:24:00,2023-03-06 18:55:00,3,2.42,1,N,80,45,1,4.18,1.0,0.5,2.47,0.0,1.0,11.65,2.5,0.0
2,2023-03-06 18:29:00,2023-03-06 19:04:00,1,1.52,1,N,93,24,2,15.94,1.0,0.5,0.09,0.0,1.0,21.03,2.5,0.0
1,2023-03-06 19:30:00,2023-03-06 19:49:00,2,2.96,1,N,199,45,2,3.85,2.5,0.5,1.0,6.55,1.0,19.65,2.5,1.75
1,2023-03-06 22:20:00,2023-03-06 22:47:00,1,8.67,1,N,68,20,1,6.15,1.0,0.5,6.87,0.0,1.0,15.52,0.0,0.0
2,2023-03-06 22:21:00,2023-03-06 22:34:00,3,0.81,2,N,246,243,1,26.28,1.0,0.5,0.05,0.0,1.0,31.33,2.5,0.0
2,2023-03-06 22:46:00,2023-03-06 23:24:00,2,2.06,1,N,217,87,1,9.85,3.5,0.5,0.78,0.0,1.0,18.13,2.5,0.0
2,2023-03-07 03:28:00,2023-03-07 04:25:00,1,3.49,1,N,251,106,2,5.02,1.0,0.5,5.9,0.0,1.0,13.42,0.0,0.0
1,2023-03-07 04:08:00,2023-03-07 04:50:00,1,3.58,2,N,55,195,1,21.73,0.5,0.5,0.57,6.55,1.0,33.35,2.5,0.0
2,2023-03-07 05:48:00,2023-03-07 06:23:00,4,0.61,1,N,149,63,1,5.33,0.5,0.5,1.62,0.0,1.0,8.95,0.0,0.0
2,2023-03-07 06:58:00,2023-03-07 07:40:00,1,0.4,1,N,130,130,1,4.78,1.0,0.5,0.85,6.55,1.0,17.18,2.5,0.0
2,2023-03-07 07:51:00,2023-03-07 08:43:00,1,0.86,1,N,221,17,1,16.65,3.5,0.5,0.83,0.0,1.0,24.98,2.5,0.0
2,2023-03-07 11:10:00,2023-03-07 11:48:00,1,0.57,1,N,172,244,1,18.19,0.5,0.5,1.22,6.55,1.0,27.96,0.0,0.0
2,2023-03-07 12:57:00,2023-03-07 13:48:00,1,2.64,1,N,98,2,1,8.82,3.5,0.5,0.43,6.55,1.0,23.3,2.5,0.0
1,2023-03-07 14:35:00,2023-03-07 15:18:00,4,5.57,1,N,111,140,1,13.61,0.0,0.5,2.01,0.0,1.0,17.12,0.0,0.0
2,2023-03-07 14:36:00,2023-03-07 15:21:00,1,4.32,1,N,143,252,1,6.85,2.5,0.5,0.62,6.55,1.0,20.52,2.5,0.0
2,2023-03-07 20:37:00,2023-03-07 21:00:00,1,1.61,1,N,214,180,1,10.93,1.0,0.5,5.92,6.55,1.0,28.4,2.5,0.0
1,2023-03-07 21:21:00,2023-03-07 22:02:00,1,1.69,1,N,52,13,1,5.26,3.5,0.5,0.45,0.0,1.0,10.71,0.0,0.0
2,2023-03-07 21:53:00,2023-03-07 22:02:00,1,1.34,1,N,157,75,1,3.03,1.0,0.5,0.43,0.0,1.0,8.46,2.5,0.0
2,2023-03-07 21:54:00,2023-03-07 22:15:00,2,0.68,1,N,11,92,1,3.85,1.0,0.5,0.27,0.0,1.0,9.12,2.5,0.0
2,2023-03-07 23:48:00,2023-03-08 00:42:00,1,0.36,1,N,117,240,2,14.83,0.0,0.5,1.36,6.55,1.0,24.24,0.0,0.0
2,2023-03-08 00:31:00,2023-03-08 00:45:00,1,0.31,1,N,180,184,2,11.16,2.5,0.5,3.51,0.0,1.0,18.67,0.0,0.0
1,2023-03-08 00:41:00,2023-03-08 01:00:00,1,2.5,1,N,263,209,1,17.25,0.5,0.5,0.0,6.55,1.0,28.3,2.5,0.0
2,2023-03-08 03:37:00,2023-03-08 04:09:00,3,4.94,1,N,16,43,1,15.85,0.5,0.5,1.89,0.0,1.0,23.99,2.5,1.75
2,2023-03-08 07:02:00,2023-03-08 07:47:00,1,1.0,1,N,136,133,1,16.26,0.5,0.5,5.43,0.0,1.0,26.19,2.5,0.0
2,2023-03-08 08:36:00,2023-03-08 08:41:00,1,8.21,1,N,215,41,1,20.61,1.0,0.5,1.24,0.0,1.0,24.35,0.0,0.0
2,2023-03-08 08:38:00,2023-03-08 09:24:00,4,13.14,1,N,7,9,1,16.13,0.5,0.5,1.72,6.55,1.0,26.4,0.0,0.0
1,2023-03-08 10:25:00,2023-03-08 10:37:00,4,3.84,1,N,213,63,1,9.64,3.5,0.5,1.14,0.0,1.0,15.78,0.0,0.0
2,2023-03-08 12:01:00,2023-03-08 12:08:00,4,6.17,1,N,76,88,4,9.03,0.0,0.5,3.57,0.0,1.0,16.6,2.5,0.0
2,2023-03-08 12:30:00,2023-03-08 12:54:00,1,1.38,1,N,195,20,1,18.56,0.0,0.5,5.71,6.55,1.0,34.82,2.5,0.0
1,2023-03-08 16:44:00,2023-03-08 17:32:00,1,0.52,1,N,19,249,2,6.53,1.0,0.5,0.76,6.55,1.0,18.84,2.5,0.0
2,2023-03-08 18:23:00,2023-03-08 18:56:00,1,0.86,1,N,230,26,1,4.61,0.5,0.5,0.77,0.0,1.0,9.88,2.5,0.0
2,2023-03-08 22:33:00,2023-03-08 23:21:00,1,0.58,1,N,92,241,2,12.77,2.5,0.5,0.14,6.55,1.0,25.96,2.5,0.0
2,2023-03-08 23:06:00,2023-03-08 23:30:00,5,4.26,1,N,190,173,1,10.13,1.0,0.5,0.7,0.0,1.0,15.83,2.5,0.0
1,2023-03-09 00:22:00,2023-03-09 00:51:00,2,2.4,1,N,102,245,3,49.31,2.5,0.5,0.46,6.55,1.0,62.82,2.5,0.0
1,2023-03-09 02:46:00,2023-03-09 03:24:00,1,2.16,1,N,140,196,1,10.76,0.0,0.5,0.28,0.0,1.0,15.04,2.5,0.0
1,2023-03-09 04:02:00,2023-03-09 04:39:00,1,4.6,1,N,14,248,1,27.81,2.5,0.5,3.61,0.0,1.0,37.92,2.5,0.0
2,2023-03-09 12:06:00,2023-03-09 12:27:00,2,1.03,1,N,193,184,1,13.77,0.0,0.5,0.24,6.55,1.0,24.56,2.5,0.0
1,2023-03-09 14:39:00,2023-03-09 14:47:00,1,1.02,1,N,214,184,1,13.49,1.0,0.5,0.15,0.0,1.0,18.64,2.5,0.0
1,2023-03-09 15:26:00,2023-03-09 15:57:00,1,17.43,1,N,88,47,1,3.22,1.0,0.5,1.13,0.0,1.0,9.35,2.5,0.0
2,2023-03-09 16:22:00,2023-03-09 16:44:00,1,1.95,4,N,60,241,1,5.78,3.5,0.5,3.86,0.0,1.0,14.64,0.0,0.0
1,2023-03-09 19:08:00,2023-03-09 19:53:00,1,1.78,1,N,164,157,1,6.56,0.5,0.5,0.95,0.0,1.0,12.01,2.5,0.0
1,2023-03-09 19:41:00,2023-03-09 20:29:00,2,2.77,1,N,227,115,1,4.61,0.5,0.5,7.19,0.0,1.0,16.3,2.5,0.0
1,2023-03-09 21:16:00,2023-03-09 22:15:00,1,2.84,1,N,237,153,1,25.02,2.5,0.5,8.6,6.55,1.0,46.67,2.5,0.0
2,2023-03-09 21:59:00,2023-03-09 22:32:00,1,0.78,1,N,100,250,1,11.16,1.0,0.5,0.49,0.0,1.0,16.65,2.5,0.0
1,2023-03-09 22:52:00,2023-03-09 23:34:00,1,3.66,1,N,220,36,1,14.31,2.5,0.5,1.59,0.0,1.0,19.9,0.0,0.0
1,2023-03-10 02:24:00,2023-03-10 03:21:00,3,7.47,2,N,75,84,1,13.38,0.5,0.5,2.48,6.55,1.0,26.91,2.5,0.0
2,2023-03-10 05:14:00,2023-03-10 06:01:00,1,2.45,5,N,28,230,1,5.04,1.0,0.5,2.22,6.55,1.0,18.06,0.0,1.75
1,2023-03-10 09:51:00,2023-03-10 10:25:00,1,4.75,1,N,35,181,2,22.52,1.0,0.5,0.09,0.0,1.0,27.61,2.5,0.0
2,2023-03-10 10:18:00,2023-03-10 11:01:00,1,3.01,1,N,43,243,2,4.86,3.5,0.5,0.44,6.55,1.0,19.35,2.5,0.0
2,2023-03-10 10:20:00,2023-03-10 10:45:00,5,1.24,1,N,37,113,1,14.0,1.0,0.5,1.61,6.55,1.0,27.16,2.5,0.0
1,2023-03-10 12:56:00,2023-03-10 13:25:00,1,0.84,1,N,152,227,1,15.78,0.5,0.5,6.01,6.55,1.0,32.84,2.5,0.0
2,2023-03-10 13:23:00,2023-03-10 13:42:00,5,5.8,1,N,62,108,1,19.25,0.0,0.5,0.66,6.55,1.0,27.96,0.0,0.0
1,2023-03-10 14:58:00,2023-03-10 15:55:00,1,2.37,1,N,193,86,3,10.16,0.5,0.5,2.38,0.0,1.0,14.54,0.0,0.0
1,2023-03-10 17:30:00,2023-03-10 17:51:00,1,3.12,1,N,59,77,1,4.99,2.5,0.5,1.01,6.55,1.0,19.05,2.5,0.0
2,2023-03-10 18:03:00,2023-03-10 18:17:00,1,2.33,1,N,61,66,1,7.18,0.0,0.5,0.01,0.0,1.0,8.69,0.0,0.0
1,2023-03-10 19:11:00,2023-03-10 19:56:00,1,2.06,1,N,158,203,2,22.37,0.5,0.5,1.56,0.0,1.0,28.43,2.5,0.0
1,2023-03-10 21:59:00,2023-03-10 22:15:00,1,1.23,1,N,179,66,1,10.0,0.0,0.5,2.36,0.0,1.0,16.36,2.5,0.0
1,2023-03-11 04:16:00,2023-03-11 05:08:00,1,1.9,1,N,100,150,1,10.77,2.5,0.5,2.03,0.0,1.0,21.05,2.5,1.75
1,2023-03-11 10:17:00,2023-03-11 10:22:00,1,1.8,1,N,13,51,1,23.33,0.0,0.5,0.53,0.0,1.0,27.86,2.5,0.0
2,2023-03-11 13:18:00,2023-03-11 14:11:00,1,1.31,1,N,11,262,1,8.17,1.0,0.5,2.53,0.0,1.0,15.7,2.5,0.0
2,2023-03-11 14:35:00,2023-03-11 15:22:00,1,0.89,1,N,45,97,1,4.63,2.5,0.5,5.07,6.55,1.0,22.75,2.5,0.0
1,2023-03-11 15:00:00,2023-03-11 15:40:00,1,2.45,1,N,120,125,2,6.68,0.0,0.5,0.96,0.0,1.0,9.14,0.0,0.0
1,2023-03-11 17:37:00,2023-03-11 18:36:00,3,0.59,4,N,192,80,1,6.29,1.0,0.5,0.06,6.55,1.0,15.4,0.0,0.0
2,2023-03-11 19:46:00,2023-03-11 20:24:00,1,0.67,1,N,75,49,1,36.15,0.5,0.5,1.91,0.0,1.0,42.56,2.5,0.0
2,2023-03-11 22:09:00,2023-03-11 22:56:00,1,2.1,1,N,48,94,1,8.29,0.5,0.5,1.14,0.0,1.0,13.93,2.5,0.0
2,2023-03-11 22:26:00,2023-03-11 22:42:00,3,3.68,1,N,64,33,1,10.56,3.5,0.5,0.4,0.0,1.0,18.46,2.5,0.0
1,2023-03-11 22:54:00,2023-03-11 23:14:00,1,2.16,1,N,108,81,1,9.99,2.5,0.5,0.18,0.0,1.0,16.67,2.5,0.0
1,2023-03-12 05:58:00,2023-03-12 06:40:00,1,3.86,1,N,172,17,1,7.36,3.5,0.5,1.07,0.0,1.0,15.93,2.5,0.0
1,2023-03-12 09:31:00,2023-03-12 10:27:00,1,1.59,1,N,214,154,2,9.37,1.0,0.5,0.07,0.0,1.0,16.19,2.5,1.75
1,2023-03-12 09:36:00,2023-03-12 09:47:00,2,2.05,2,N,2,13,1,16.15,3.5,0.5,1.5,6.55,1.0,31.7,2.5,0.0
2,2023-03-12 10:07:00,2023-03-12 10:49:00,1,3.42,1,N,233,73,1,3.7,2.5,0.5,1.2,6.55,1.0,15.45,0.0,0.0
2,2023-03-12 10:59:00,2023-03-12 11:32:00,1,0.68,1,N,140,47,1,13.69,0.0,0.5,3.15,0.0,1.0,22.59,2.5,1.75
2,2023-03-12 12:00:00,2023-03-12 12:09:00,4,3.45,1,N,100,88,1,11.05,3.5,0.5,4.18,0.0,1.0,20.23,0.0,0.0
1,2023-03-12 18:14:00,2023-03-12 19:04:00,1,0.33,1,N,106,181,2,14.57,0.5,0.5,0.03,0.0,1.0,19.1,2.5,0.0
1,2023-03-12 19:08:00,2023-03-12 20:07:00,1,9.62,1,N,45,105,2,9.56,1.0,0.5,4.23,6.55,1.0,25.34,2.5,0.0
1,2023-03-12 22:46:00,2023-03-12 23:15:00,1,0.33,1,N,89,62,1,8.28,2.5,0.5,0.64,0.0,1.0,15.42,2.5,0.0
1,2023-03-12 23:59:00,2023-03-13 00:57:00,1,3.1,1,N,73,199,1,12.32,2.5,0.5,4.36,6.55,1.0,29.73,2.5,0.0
1,2023-03-13 02:52:00,2023-03-13 02:59:00,1,0.78,1,N,235,227,1,4.18,1.0,0.5,1.27,6.55,1.0,14.5,0.0,0.0
1,2023-03-13 03:01:00,2023-03-13 03:50:00,1,2.6,1,N,235,66,2,11.81,0.0,0.5,2.3,0.0,1.0,18.11,2.5,0.0
1,2023-03-13 03:56:00,2023-03-13 04:03:00,1,2.48,3,N,218,5,1,17.22,0.5,0.5,0.7,0.0,1.0,19.92,0.0,0.0
2,2023-03-13 03:58:00,2023-03-13 04:14:00,3,1.28,1,N,163,213,1,6.19,0.5,0.5,4.41,6.55,1.0,21.65,2.5,0.0
1,2023-03-13 09:00:00,2023-03-13 09:17:00,2,0.86,1,N,263,191,1,27.6,1.0,0.5,2.53,0.0,1.0,36.88,2.5,1.75
2,2023-03-13 09:48:00,2023-03-13 10:25:00,1,2.24,1,N,155,232,1,46.07,1.0,0.5,0.71,0.0,1.0,53.53,2.5,1.75
2,2023-03-13 12:14:00,2023-03-13 12:57:00,1,3.59,2,N,88,155,1,20.01,0.5,0.5,1.4,6.55,1.0,32.46,2.5,0.0
2,2023-03-13 17:46:00,2023-03-13 18:08:00,1,0.79,1,N,181,225,1,5.56,0.5,0.5,1.01,0.0,1.0,8.57,0.0,0.0
1,2023-03-13 18:35:00,2023-03-13 19:10:00,2,0.39,2,N,195,106,1,7.07,3.5,0.5,1.81,6.55,1.0,22.93,2.5,0.0
2,2023-03-13 21:33:00,2023-03-13 21:45:00,1,2.44,2,N,150,45,1,4.66,3.5,0.5,0.76,0.0,1.0,12.92,2.5,0.0
2,2023-03-14 01:11:00,2023-03-14 02:06:00,1,5.67,1,N,150,61,1,13.24,3.5,0.5,0.71,0.0,1.0,18.95,0.0,0.0
2,2023-03-14 02:44:00,2023-03-14 03:18:00,1,0.85,4,Y,156,102,1,6.96,0.0,0.5,0.86,0.0,1.0,9.32,0.0,0.0
1,2023-03-14 03:04:00,2023-03-14 03:50:00,1,2.75,1,N,191,80,1,25.03,0.5,0.5,2.18,0.0,1.0,31.71,2.5,0.0
2,2023-03-14 03:32:00,2023-03-14 03:51:00,1,2.52,1,N,137,111,1,9.87,2.5,0.5,1.56,6.55,1.0,21.98,0.0,0.0
1,2023-03-14 07:27:00,2023-03-14 07:52:00,1,1.62,1,N,56,170,2,6.52,0.5,0.5,0.08,6.55,1.0,17.65,2.5,0.0
1,2023-03-14 08:28:00,2023-03-14 09:11:00,1,5.69,1,N,167,203,1,28.29,0.0,0.5,0.32,0.0,1.0,32.61,2.5,0.0
2,2023-03-14 08:35:00,2023-03-14 09:03:00,4,1.81,1,N,257,229,1,3.82,0.5,0.5,2.93,0.0,1.0,8.75,0.0,0.0
1,2023-03-14 08:51:00,2023-03-14 08:57:00,4,3.65,1,N,118,125,1,22.18,2.5,0.5,1.92,0.0,1.0,30.6,2.5,0.0
2,2023-03-14 08:55:00,2023-03-14 09:00:00,1,1.74,1,N,28,188,1,17.66,3.5,0.5,3.32,6.55,1.0,32.53,0.0,0.0
2,2023-03-14 12:28:00,2023-03-14 12:59:00,1,1.34,1,N,260,5,2,4.29,0.0,0.5,2.38,6.55,1.0,17.22,2.5,0.0
2,2023-03-14 14:17:00,2023-03-14 15:08:00,1,1.52,1,N,29,117,1,10.3,0.5,0.5,0.68,6.55,1.0,22.03,2.5,0.0
2,2023-03-14 14:35:00,2023-03-14 15:15:00,3,0.62,5,N,165,167,1,13.12,2.5,0.5,2.2,0.0,1.0,21.82,2.5,0.0
2,2023-03-14 16:08:00,2023-03-14 16:18:00,1,1.06,1,N,44,199,1,26.81,0.5,0.5,0.78,0.0,1.0,32.09,2.5,0.0
2,2023-03-14 17:00:00,2023-03-14 17:59:00,1,6.99,1,N,49,152,1,4.1,1.0,0.5,0.98,0.0,1.0,11.83,2.5,1.75
2,2023-03-14 20:47:00,2023-03-14 21:22:00,1,1.92,3,N,148,82,1,20.3,3.5,0.5,8.64,6.55,1.0,42.99,2.5,0.0
2,2023-03-14 23:12:00,2023-03-14 23:51:00,1,10.64,1,N,3,232,1,34.82,0.0,0.5,0.83,0.0,1.0,41.4,2.5,1.75
2,2023-03-14 23:51:00,2023-03-15 00:08:00,1,4.8,1,N,135,96,4,12.77,3.5,0.5,1.61,6.55,1.0,28.43,2.5,0.0
2,2023-03-15 01:48:00,2023-03-15 02:46:00,1,8.49,1,N,122,186,1,25.64,0.0,0.5,0.03,6.55,1.0,36.22,2.5,0.0
1,2023-03-15 03:15:00,2023-03-15 03:45:00,1,4.64,1,N,149,43,1,14.17,1.0,0.5,0.71,0.0,1.0,19.88,2.5,0.0
2,2023-03-15 04:40:00,2023-03-15 05:02:00,3,3.04,1,N,157,6,1,7.89,3.5,0.5,1.89,6.55,1.0,21.33,0.0,0.0
1,2023-03-15 05:03:00,2023-03-15 05:37:00,1,3.64,3,N,145,113,1,32.35,1.0,0.5,0.48,0.0,1.0,37.83,2.5,0.0
2,2023-03-15 07:30:00,2023-03-15 07:42:00,1,6.48,1,N,121,238,2,15.56,3.5,0.5,2.62,0.0,1.0,27.43,2.5,1.75
2,2023-03-15 07:33:00,2023-03-15 07:49:00,3,0.76,1,N,3,4,4,7.51,3.5,0.5,2.22,0.0,1.0,17.23,2.5,0.0
2,2023-03-15 09:26:00,2023-03-15 09:32:00,1,4.02,1,N,235,232,1,12.04,1.0,0.5,1.43,6.55,1.0,25.02,2.5,0.0
2,2023-03-15 12:08:00,2023-03-15 13:01:00,3,0.81,1,N,118,9,1,4.54,2.5,0.5,2.78,6.55,1.0,22.12,2.5,1.75
1,2023-03-15 12:38:00,2023-03-15 13:36:00,1,2.78,1,N,14,73,2,10.63,2.5,0.5,4.18,0.0,1.0,21.31,2.5,0.0
2,2023-03-15 15:02:00,2023-03-15 15:10:00,1,4.64,1,N,114,152,1,6.81,1.0,0.5,2.01,6.55,1.0,20.37,2.5,0.0
2,2023-03-15 16:01:00,2023-03-15 16:27:00,1,9.89,1,N,2,208,1,9.59,0.5,0.5,3.38,6.55,1.0,24.02,2.5,0.0
2,2023-03-15 16:22:00,2023-03-15 17:03:00,1,0.53,1,N,74,97,1,11.05,0.5,0.5,2.81,0.0,1.0,15.86,0.0,0.0
2,2023-03-15 16:41:00,2023-03-15 17:08:00,1,4.07,1,N,205,195,1,9.26,2.5,0.5,8.24,6.55,1.0,30.55,2.5,0.0
2,2023-03-15 23:30:00,2023-03-15 23:53:00,2,3.45,1,N,165,64,2,33.11,0.5,0.5,3.48,0.0,1.0,41.09,2.5,0.0
2,2023-03-16 00:51:00,2023-03-16 01:28:00,4,0.66,1,N,72,185,1,4.23,0.0,0.5,2.74,6.55,1.0,17.52,2.5,0.0
1,2023-03-16 08:01:00,2023-03-16 08:34:00,1,0.8,1,N,214,131,3,22.31,3.5,0.5,0.44,0.0,1.0,30.25,2.5,0.0
2,2023-03-16 08:56:00,2023-03-16 09:31:00,1,2.39,5,N,262,219,1,18.27,2.5,0.5,9.61,6.55,1.0,40.93,2.5,0.0
2,2023-03-16 13:17:00,2023-03-16 14:02:00,5,0.34,2,N,13,253,1,11.39,0.0,0.5,7.96,6.55,1.0,29.9,2.5,0.0
1,2023-03-16 14:49:00,2023-03-16 14:57:00,1,4.27,1,N,62,35,1,30.6,0.0,0.5,9.99,6.55,1.0,48.64,0.0,0.0
1,2023-03-16 14:50:00,2023-03-16 15:20:00,1,2.12,1,N,171,44,1,9.64,0.0,0.5,1.41,0.0,1.0,14.3,0.0,1.75
1,2023-03-16 15:47:00,2023-03-16 16:37:00,1,0.39,3,N,150,30,1,10.76,0.0,0.5,1.66,6.55,1.0,22.22,0.0,1.75
1,2023-03-16 15:52:00,2023-03-16 16:24:00,1,10.61,1,N,24,70,1,6.32,1.0,0.5,2.68,6.55,1.0,20.55,2.5,0.0
1,2023-03-16 16:04:00,2023-03-16 16:30:00,1,1.68,1,N,190,187,1,18.39,1.0,0.5,0.61,0.0,1.0,24.0,2.5,0.0
1,2023-03-16 16:53:00,2023-03-16 17:34:00,1,1.85,1,N,186,99,2,6.73,3.5,0.5,1.99,0.0,1.0,16.22,2.5,0.0
2,2023-03-16 17:35:00,2023-03-16 17:55:00,1,1.81,1,N,66,124,1,18.64,3.5,0.5,2.52,0.0,1.0,28.66,2.5,0.0
2,2023-03-16 20:32:00,2023-03-16 21:22:00,1,0.84,1,N,204,30,2,14.38,1.0,0.5,1.89,0.0,1.0,21.27,2.5,0.0
2,2023-03-17 00:42:00,2023-03-17 01:38:00,1,3.92,1,N,133,240,1,8.38,0.5,0.5,0.15,6.55,1.0,19.58,2.5,0.0
1,2023-03-17 14:32:00,2023-03-17 14:51:00,1,1.21,1,N,86,244,1,3.52,2.5,0.5,4.05,0.0,1.0,13.32,0.0,1.75
2,2023-03-17 15:40:00,2023-03-17 16:33:00,2,0.88,1,N,116,229,1,4.73,0.5,0.5,2.52,0.0,1.0,9.25,0.0,0.0
2,2023-03-17 15:44:00,2023-03-17 16:01:00,1,1.38,1,N,188,232,4,7.2,2.5,0.5,2.69,0.0,1.0,16.39,2.5,0.0
2,2023-03-17 15:46:00,2023-03-17 16:36:00,1,0.79,1,N,150,5,2,3.06,0.5,0.5,4.83,6.55,1.0,18.94,2.5,0.0
2,2023-03-17 17:59:00,2023-03-17 18:27:00,1,0.76,1,N,197,40,2,5.75,1.0,0.5,0.76,0.0,1.0,13.26,2.5,1.75
1,2023-03-17 19:22:00,2023-03-17 20:03:00,1,1.1,1,N,203,187,1,16.94,1.0,0.5,0.84,6.55,1.0,31.08,2.5,1.75
2,2023-03-17 22:53:00,2023-03-17 23:09:00,2,3.73,1,N,226,214,1,7.93,0.5,0.5,4.55,6.55,1.0,23.53,2.5,0.0
2,2023-03-18 01:56:00,2023-03-18 02:27:00,2,0.55,1,N,86,162,2,9.33,2.5,0.5,1.65,6.55,1.0,21.53,0.0,0.0
1,2023-03-18 02:15:00,2023-03-18 02:28:00,1,1.78,1,N,82,210,1,6.26,1.0,0.5,0.48,0.0,1.0,9.24,0.0,0.0
1,2023-03-18 05:11:00,2023-03-18 05:28:00,2,3.64,1,N,148,141,1,5.01,0.5,0.5,0.31,6.55,1.0,15.62,0.0,1.75
2,2023-03-18 05:27:00,2023-03-18 06:16:00,1,1.49,1,N,225,85,1,5.39,0.5,0.5,0.45,0.0,1.0,7.84,0.0,0.0
2,2023-03-18 05:39:00,2023-03-18 05:50:00,1,0.31,1,N,229,52,1,15.23,1.0,0.5,7.59,6.55,1.0,34.37,2.5,0.0
1,2023-03-18 06:47:00,2023-03-18 07:14:00,1,5.33,1,N,91,47,1,25.91,0.5,0.5,0.04,0.0,1.0,30.45,2.5,0.0
1,2023-03-18 08:25:00,2023-03-18 08:57:00,1,1.77,1,N,259,149,1,5.23,3.5,0.5,0.15,0.0,1.0,12.88,2.5,0.0
2,2023-03-18 09:16:00,2023-03-18 09:59:00,1,0.36,1,N,253,114,1,16.3,0.0,0.5,4.63,6.55,1.0,28.98,0.0,0.0
2,2023-03-18 09:37:00,2023-03-18 09:50:00,1,0.82,3,N,247,207,1,15.45,2.5,0.5,0.26,0.0,1.0,22.21,2.5,0.0
2,2023-03-18 10:38:00,2023-03-18 11:29:00,1,3.3,1,N,178,37,1,25.16,1.0,0.5,2.34,6.55,1.0,36.55,0.0,0.0
1,2023-03-18 11:30:00,2023-03-18 11:54:00,1,2.03,1,N,108,12,1,15.84,0.5,0.5,0.42,0.0,1.0,20.76,2.5,0.0
1,2023-03-18 11:55:00,2023-03-18 12:01:00,1,18.2,1,N,40,131,1,17.79,1.0,0.5,2.83,0.0,1.0,23.12,0.0,0.0
1,2023-03-18 13:48:00,2023-03-18 14:30:00,1,2.52,3,N,4,223,1,12.86,0.0,0.5,0.85,6.55,1.0,21.76,0.0,0.0
1,2023-03-18 17:29:00,2023-03-18 18:26:00,4,1.14,1,N,176,157,2,13.79,2.5,0.5,0.47,0.0,1.0,20.76,2.5,0.0
1,2023-03-18 20:47:00,2023-03-18 21:36:00,5,1.57,1,N,7,104,1,7.35,0.0,0.5,3.18,0.0,1.0,12.03,0.0,0.0
1,2023-03-18 22:16:00,2023-03-18 23:12:00,1,4.17,1,N,175,144,1,31.77,0.5,0.5,3.59,6.55,1.0,43.91,0.0,0.0
2,2023-03-19 01:17:00,2023-03-19 02:05:00,2,3.1,1,N,118,197,1,12.47,0.5,0.5,1.68,0.0,1.0,18.65,2.5,0.0
2,2023-03-19 02:32:00,2023-03-19 03:18:00,1,5.71,1,N,10,259,1,8.45,1.0,0.5,6.02,0.0,1.0,16.97,0.0,0.0
2,2023-03-19 03:26:00,2023-03-19 04:00:00,1,2.9,1,N,173,48,1,7.73,2.5,0.5,11.23,0.0,1.0,27.21,2.5,1.75
2,2023-03-19 05:15:00,2023-03-19 05:23:00,4,1.73,1,N,42,151,1,19.05,1.0,0.5,6.22,0.0,1.0,30.27,2.5,0.0
1,2023-03-19 08:01:00,2023-03-19 08:44:00,1,3.76,1,N,148,197,1,9.19,0.0,0.5,0.11,6.55,1.0,19.85,2.5,0.0
2,2023-03-19 08:02:00,2023-03-19 08:20:00,2,1.23,1,N,224,22,1,8.35,3.5,0.5,0.08,0.0,1.0,15.18,0.0,1.75
2,2023-03-19 09:06:00,2023-03-19 09:42:00,3,1.16,1,N,136,37,1,32.85,0.5,0.5,0.52,0.0,1.0,37.87,2.5,0.0
2,2023-03-19 09:15:00,2023-03-19 09:33:00,1,1.6,1,N,229,139,1,23.22,1.0,0.5,3.71,0.0,1.0,31.93,2.5,0.0
2,2023-03-19 09:33:00,2023-03-19 09:43:00,1,0.97,1,N,48,59,2,15.85,1.0,0.5,2.35,6.55,1.0,29.75,2.5,0.0
2,2023-03-19 09:42:00,2023-03-19 10:27:00,1,1.99,1,N,92,111,2,15.65,0.0,0.5,1.12,0.0,1.0,20.77,2.5,0.0
2,2023-03-19 11:01:00,2023-03-19 11:44:00,2,8.33,1,N,89,57,2,4.05,0.5,0.5,2.82,6.55,1.0,15.42,0.0,0.0
2,2023-03-19 11:36:00,2023-03-19 12:32:00,1,2.57,2,N,8,21,1,7.01,3.5,0.5,1.91,0.0,1.0,16.42,2.5,0.0
2,2023-03-19 13:12:00,2023-03-19 14:02:00,1,1.74,1,N,259,14,1,7.1,3.5,0.5,3.76,6.55,1.0,24.91,2.5,0.0
2,2023-03-19 13:55:00,2023-03-19 14:44:00,1,9.53,1,N,103,160,2,19.5,0.5,0.5,0.58,0.0,1.0,24.58,2.5,0.0
2,2023-03-19 13:58:00,2023-03-19 14:19:00,1,4.4,1,N,108,202,1,6.47,1.0,0.5,1.88,0.0,1.0,13.35,2.5,0.0
2,2023-03-19 20:58:00,2023-03-19 21:08:00,1,1.65,1,N,194,166,2,7.94,0.5,0.5,1.76,0.0,1.0,11.7,0.0,0.0
2,2023-03-19 22:17:00,2023-03-19 22:36:00,1,0.58,1,Y,93,174,1,5.12,3.5,0.5,0.47,6.55,1.0,19.64,2.5,0.0
1,2023-03-19 22:17:00,2023-03-19 22:50:00,1,6.53,1,N,109,257,1,10.71,2.5,0.5,1.01,0.0,1.0,18.22,2.5,0.0
1,2023-03-19 22:21:00,2023-03-19 22:59:00,1,3.63,1,N,241,243,1,5.76,0.0,0.5,14.68,0.0,1.0,24.44,2.5,0.0
2,2023-03-20 00:36:00,2023-03-20 00:54:00,3,3.38,1,N,102,92,1,30.08,2.5,0.5,0.29,0.0,1.0,34.37,0.0,0.0
2,2023-03-20 02:52:00,2023-03-20 03:04:00,1,2.46,1,N,44,67,1,34.56,3.5,0.5,0.52,6.55,1.0,49.13,2.5,0.0
2,2023-03-20 03:47:00,2023-03-20 04:08:00,1,1.47,1,N,39,204,1,26.55,3.5,0.5,1.89,0.0,1.0,35.94,2.5,0.0
1,2023-03-20 04:04:00,2023-03-20 04:31:00,1,3.18,1,N,158,145,2,7.1,1.0,0.5,3.64,6.55,1.0,22.29,2.5,0.0
2,2023-03-20 04:21:00,2023-03-20 04:33:00,1,2.51,1,N,118,86,1,40.32,1.0,0.5,3.07,0.0,1.0,47.64,0.0,1.75
2,2023-03-20 05:49:00,2023-03-20 06:34:00,5,2.73,1,N,226,93,1,3.57,0.0,0.5,0.8,6.55,1.0,12.42,0.0,0.0
2,2023-03-20 06:21:00,2023-03-20 06:35:00,3,0.77,1,N,132,165,2,20.27,3.5,0.5,2.5,6.55,1.0,34.32,0.0,0.0
2,2023-03-20 07:12:00,2023-03-20 07:45:00,4,1.38,1,N,200,100,2,3.41,0.5,0.5,5.21,0.0,1.0,13.12,2.5,0.0
2,2023-03-20 07:42:00,2023-03-20 08:39:00,1,13.43,1,N,129,23,2,4.63,1.0,0.5,1.16,6.55,1.0,17.34,2.5,0.0
1,2023-03-20 08:16:00,2023-03-20 09:08:00,1,0.52,1,N,123,200,2,4.98,1.0,0.5,12.33,0.0,1.0,22.31,2.5,0.0
2,2023-03-20 10:15:00,2023-03-20 10:36:00,4,3.39,2,N,209,162,1,18.31,3.5,0.5,1.56,0.0,1.0,24.87,0.0,0.0
2,2023-03-20 11:10:00,2023-03-20 11:47:00,1,10.47,1,N,63,2,2,10.52,1.0,0.5,0.48,6.55,1.0,20.05,0.0,0.0
2,2023-03-20 11:20:00,2023-03-20 11:59:00,1,6.45,1,N,126,194,2,3.16,2.5,0.5,1.56,6.55,1.0,17.77,2.5,0.0
1,2023-03-20 20:30:00,2023-03-20 20:35:00,1,0.61,1,N,242,81,1,10.19,1.0,0.5,3.31,6.55,1.0,25.05,2.5,0.0
1,2023-03-20 21:24:00,2023-03-20 21:59:00,1,3.21,1,N,240,83,1,6.53,3.5,0.5,1.19,0.0,1.0,12.72,0.0,0.0
2,2023-03-20 21:33:00,2023-03-20 21:41:00,1,0.83,1,N,221,3,1,17.21,3.5,0.5,2.82,0.0,1.0,27.53,2.5,0.0
1,2023-03-20 21:47:00,2023-03-20 22:38:00,1,1.77,1,N,18,144,1,12.58,0.5,0.5,1.16,0.0,1.0,19.99,2.5,1.75
1,2023-03-20 21:52:00,2023-03-20 22:36:00,1,1.4,1,N,54,47,1,16.14,0.0,0.5,0.7,0.0,1.0,20.84,2.5,0.0
1,2023-03-20 22:48:00,2023-03-20 23:22:00,1,4.92,1,N,207,198,1,7.39,3.5,0.5,0.09,6.55,1.0,23.28,2.5,1.75
1,2023-03-21 00:16:00,2023-03-21 00:30:00,4,2.72,1,N,8,192,1,30.34,2.5,0.5,0.22,6.55,1.0,42.86,0.0,1.75
2,2023-03-21 00:33:00,2023-03-21 01:02:00,1,2.52,1,N,107,225,1,5.98,1.0,0.5,2.59,0.0,1.0,13.57,2.5,0.0
2,2023-03-21 02:56:00,2023-03-21 03:09:00,1,1.25,1,N,143,171,1,13.16,0.0,0.5,4.9,0.0,1.0,22.06,2.5,0.0
1,2023-03-21 03:38:00,2023-03-21 04:08:00,2,1.45,1,N,149,242,1,22.34,0.0,0.5,0.07,6.55,1.0,30.46,0.0,0.0
2,2023-03-21 04:03:00,2023-03-21 05:00:00,2,2.41,3,N,248,165,1,17.29,0.5,0.5,0.33,6.55,1.0,28.67,2.5,0.0
1,2023-03-21 04:10:00,2023-03-21 04:17:00,3,2.3,2,N,141,1,1,4.13,1.0,0.5,1.92,0.0,1.0,11.05,2.5,0.0
2,2023-03-21 05:31:00,2023-03-21 05:37:00,2,1.17,1,N,8,108,1,8.28,1.0,0.5,3.58,6.55,1.0,25.16,2.5,1.75
2,2023-03-21 09:52:00,2023-03-21 10:40:00,1,2.79,1,N,129,230,1,3.21,0.5,0.5,0.3,0.0,1.0,5.51,0.0,0.0
1,2023-03-21 10:37:00,2023-03-21 11:20:00,3,2.63,1,N,81,28,2,17.39,0.5,0.5,0.03,6.55,1.0,25.97,0.0,0.0
2,2023-03-21 11:36:00,2023-03-21 12:17:00,3,1.65,2,N,253,121,2,6.75,2.5,0.5,2.98,0.0,1.0,16.23,2.5,0.0
2,2023-03-21 13:46:00,2023-03-21 13:58:00,1,2.15,1,N,262,14,1,8.67,0.0,0.5,1.38,0.0,1.0,14.05,2.5,0.0
1,2023-03-21 13:49:00,2023-03-21 14:17:00,2,0.75,1,N,35,198,1,34.08,0.0,0.5,0.85,0.0,1.0,40.68,2.5,1.75
2,2023-03-21 17:13:00,2023-03-21 17:24:00,1,0.37,1,N,139,79,1,9.14,1.0,0.5,2.78,0.0,1.0,16.92,2.5,0.0
1,2023-03-21 19:14:00,2023-03-21 20:04:00,2,0.99,1,N,199,5,1,14.48,0.5,0.5,0.01,0.0,1.0,18.99,2.5,0.0
2,2023-03-22 01:34:00,2023-03-22 02:02:00,2,1.78,1,N,260,177,2,5.18,2.5,0.5,0.91,0.0,1.0,10.09,0.0,0.0
1,2023-03-22 02:39:00,2023-03-22 02:59:00,1,0.89,1,N,202,105,1,53.29,2.5,0.5,0.64,6.55,1.0,64.48,0.0,0.0
1,2023-03-22 02:54:00,2023-03-22 03:10:00,1,5.99,1,N,138,68,2,14.88,0.5,0.5,4.69,0.0,1.0,24.07,2.5,0.0
1,2023-03-22 02:55:00,2023-03-22 03:45:00,1,1.65,1,N,44,250,1,23.43,0.0,0.5,2.97,6.55,1.0,34.45,0.0,0.0
1,2023-03-22 06:38:00,2023-03-22 07:06:00,4,5.24,1,N,211,251,1,17.97,0.0,0.5,1.46,0.0,1.0,20.93,0.0,0.0
2,2023-03-22 07:37:00,2023-03-22 08:05:00,2,4.63,1,N,115,173,1,6.14,3.5,0.5,4.16,0.0,1.0,19.55,2.5,1.75
2,2023-03-22 16:54:00,2023-03-22 17:27:00,1,2.62,1,N,95,34,2,4.11,1.0,0.5,0.99,6.55,1.0,16.65,2.5,0.0
2,2023-03-22 16:59:00,2023-03-22 17:30:00,1,7.68,1,N,51,19,2,3.52,0.0,0.5,1.68,0.0,1.0,9.2,2.5,0.0
2,2023-03-22 17:00:00,2023-03-22 17:28:00,3,0.71,1,N,155,249,2,9.32,3.5,0.5,2.11,0.0,1.0,18.93,2.5,0.0
2,2023-03-22 19:41:00,2023-03-22 19:50:00,1,4.18,1,N,190,53,1,11.12,0.5,0.5,14.64,0.0,1.0,27.76,0.0,0.0
2,2023-03-22 20:21:00,2023-03-22 20:59:00,1,2.97,1,N,225,19,1,4.46,0.0,0.5,3.71,0.0,1.0,12.17,2.5,0.0
2,2023-03-22 21:32:00,2023-03-22 21:46:00,1,1.78,1,N,56,23,1,17.44,3.5,0.5,5.55,6.55,1.0,37.04,2.5,0.0
1,2023-03-22 22:25:00,2023-03-22 23:09:00,1,1.13,1,N,157,121,1,5.16,0.0,0.5,0.23,0.0,1.0,6.89,0.0,0.0
1,2023-03-22 22:27:00,2023-03-22 22:52:00,1,6.96,1,N,212,102,1,40.26,3.5,0.5,2.44,0.0,1.0,50.2,2.5,0.0
1,2023-03-22 23:02:00,2023-03-22 23:50:00,1,12.16,1,N,97,1,1,25.33,1.0,0.5,0.42,6.55,1.0,34.8,0.0,0.0
2,2023-03-23 00:16:00,2023-03-23 01:09:00,3,2.52,1,N,98,183,1,15.54,0.5,0.5,0.16,6.55,1.0,26.75,2.5,0.0
2,2023-03-23 01:39:00,2023-03-23 02:02:00,1,1.0,1,N,66,67,1,46.3,2.5,0.5,0.85,0.0,1.0,53.65,2.5,0.0
2,2023-03-23 03:21:00,2023-03-23 03:58:00,1,2.23,1,N,27,213,2,13.59,3.5,0.5,1.82,0.0,1.0,22.91,2.5,0.0
2,2023-03-23 05:13:00,2023-03-23 05:45:00,1,0.63,1,N,261,49,1,18.61,2.5,0.5,1.89,0.0,1.0,24.5,0.0,0.0
2,2023-03-23 09:55:00,2023-03-23 10:52:00,1,3.11,1,N,180,129,1,3.42,0.0,0.5,1.71,6.55,1.0,13.18,0.0,0.0
1,2023-03-23 11:22:00,2023-03-23 12:11:00,1,1.27,1,N,189,168,1,5.02,1.0,0.5,0.61,0.0,1.0,8.13,0.0,0.0
2,2023-03-23 13:53:00,2023-03-23 14:09:00,1,7.21,1,N,226,44,1,16.58,2.5,0.5,1.13,6.55,1.0,30.76,2.5,0.0
2,2023-03-23 18:49:00,2023-03-23 19:29:00,1,6.08,1,N,63,128,1,17.7,1.0,0.5,5.95,6.55,1.0,35.2,2.5,0.0
2,2023-03-23 19:16:00,2023-03-23 19:42:00,1,0.86,1,Y,212,96,1,5.41,2.5,0.5,7.3,0.0,1.0,19.21,2.5,0.0
2,2023-03-23 19:17:00,2023-03-23 19:56:00,1,5.74,1,N,69,65,2,5.6,0.5,0.5,2.42,0.0,1.0,12.52,2.5,0.0
2,2023-03-23 20:46:00,2023-03-23 21:05:00,3,0.61,1,N,186,10,2,3.89,2.5,0.5,0.73,0.0,1.0,11.12,2.5,0.0
2,2023-03-23 22:52:00,2023-03-23 23:37:00,2,1.01,1,N,18,104,2,8.59,2.5,0.5,3.44,0.0,1.0,18.53,2.5,0.0
2,2023-03-23 22:55:00,2023-03-23 23:15:00,1,0.43,1,N,180,38,1,11.13,0.5,0.5,0.03,6.55,1.0,22.21,2.5,0.0
1,2023-03-23 23:13:00,2023-03-23 23:29:00,2,3.58,3,N,75,144,1,5.52,0.0,0.5,2.25,6.55,1.0,18.32,2.5,0.0
2,2023-03-24 00:14:00,2023-03-24 00:42:00,2,1.2,1,N,147,156,1,29.46,1.0,0.5,7.25,6.55,1.0,48.26,2.5,0.0
1,2023-03-24 05:33:00,2023-03-24 05:39:00,1,2.7,1,N,212,44,1,18.21,2.5,0.5,5.61,0.0,1.0,32.07,2.5,1.75
1,2023-03-24 06:11:00,2023-03-24 06:35:00,1,4.25,1,N,239,51,1,11.05,0.0,0.5,2.05,6.55,1.0,23.65,2.5,0.0
2,2023-03-24 07:33:00,2023-03-24 08:08:00,1,6.7,1,N,188,183,1,5.71,1.0,0.5,2.52,6.55,1.0,17.28,0.0,0.0
2,2023-03-24 07:42:00,2023-03-24 08:04:00,1,1.41,1,N,207,180,2,8.66,0.5,0.5,0.81,0.0,1.0,13.97,2.5,0.0
2,2023-03-24 08:21:00,2023-03-24 09:15:00,3,4.88,1,N,44,152,1,8.3,2.5,0.5,1.35,0.0,1.0,13.65,0.0,0.0
2,2023-03-24 10:16:00,2023-03-24 10:45:00,1,0.91,1,N,253,172,1,3.49,3.5,0.5,3.91,0.0,1.0,14.9,2.5,0.0
2,2023-03-24 12:34:00,2023-03-24 13:18:00,1,0.75,1,N,230,236,1,19.73,0.5,0.5,0.66,6.55,1.0,28.94,0.0,0.0
2,2023-03-24 12:43:00,2023-03-24 13:28:00,1,1.67,1,N,70,263,2,13.12,2.5,0.5,0.36,0.0,1.0,19.98,2.5,0.0
2,2023-03-24 14:00:00,2023-03-24 14:37:00,4,1.68,1,N,222,146,1,7.67,2.5,0.5,1.97,6.55,1.0,22.69,2.5,0.0
2,2023-03-24 18:16:00,2023-03-24 18:40:00,1,2.08,1,N,62,231,1,12.72,3.5,0.5,0.07,0.0,1.0,20.29,2.5,0.0
1,2023-03-24 18:20:00,2023-03-24 19:00:00,2,1.28,1,N,242,226,2,18.97,3.5,0.5,7.0,0.0,1.0,33.47,2.5,0.0
2,2023-03-24 21:52:00,2023-03-24 22:48:00,3,1.72,5,N,87,130,1,12.3,1.0,0.5,1.5,6.55,1.0,25.35,2.5,0.0
2,2023-03-25 03:35:00,2023-03-25 03:53:00,1,2.17,1,N,31,215,1,9.02,2.5,0.5,0.29,0.0,1.0,15.81,2.5,0.0
2,2023-03-25 05:55:00,2023-03-25 06:39:00,1,1.38,1,N,101,86,1,17.43,0.0,0.5,8.3,0.0,1.0,27.23,0.0,0.0
2,2023-03-25 07:28:00,2023-03-25 07:41:00,1,1.62,1,N,85,244,1,3.95,2.5,0.5,1.04,6.55,1.0,15.54,0.0,0.0
2,2023-03-25 08:29:00,2023-03-25 08:40:00,5,3.76,2,N,23,101,1,8.36,0.5,0.5,0.37,0.0,1.0,13.23,2.5,0.0
2,2023-03-25 09:02:00,2023-03-25 09:23:00,4,0.96,1,Y,196,64,1,11.32,0.5,0.5,1.29,0.0,1.0,17.11,2.5,0.0
2,2023-03-25 09:16:00,2023-03-25 09:35:00,1,1.94,1,N,166,210,1,9.98,2.5,0.5,0.08,0.0,1.0,16.56,2.5,0.0
2,2023-03-25 10:31:00,2023-03-25 11:26:00,1,1.44,2,N,195,199,1,18.07,1.0,0.5,2.77,0.0,1.0,25.84,2.5,0.0
2,2023-03-25 11:54:00,2023-03-25 12:18:00,1,0.95,3,N,233,186,2,13.84,0.0,0.5,2.09,0.0,1.0,19.93,2.5,0.0
2,2023-03-25 12:03:00,2023-03-25 12:51:00,4,3.67,1,N,181,233,1,15.12,1.0,0.5,0.42,6.55,1.0,27.09,2.5,0.0
2,2023-03-25 12:23:00,2023-03-25 12:44:00,4,0.98,4,N,188,5,1,14.89,2.5,0.5,5.76,0.0,1.0,24.65,0.0,0.0
2,2023-03-25 13:56:00,2023-03-25 14:50:00,1,5.67,1,N,120,241,1,4.15,0.5,0.5,0.23,0.0,1.0,8.88,2.5,0.0
1,2023-03-25 16:14:00,2023-03-25 16:36:00,1,2.16,1,N,90,195,1,19.65,0.5,0.5,2.38,0.0,1.0,26.53,2.5,0.0
2,2023-03-25 17:52:00,2023-03-25 18:36:00,1,1.95,2,N,189,253,1,3.51,1.0,0.5,0.66,6.55,1.0,13.22,0.0,0.0
2,2023-03-25 19:14:00,2023-03-25 19:56:00,1,1.84,1,N,260,2,1,5.11,3.5,0.5,1.54,0.0,1.0,14.15,2.5,0.0
2,2023-03-26 02:38:00,2023-03-26 03:27:00,3,0.48,1,N,83,54,1,26.57,0.5,0.5,2.62,0.0,1.0,31.19,0.0,0.0
2,2023-03-26 03:29:00,2023-03-26 04:11:00,1,1.81,1,N,145,174,1,17.89,3.5,0.5,1.2,0.0,1.0,26.59,2.5,0.0
2,2023-03-26 03:32:00,2023-03-26 04:00:00,1,8.12,1,N,60,259,2,22.54,1.0,0.5,2.0,6.55,1.0,37.84,2.5,1.75
2,2023-03-26 11:15:00,2023-03-26 11:29:00,3,4.24,2,N,107,260,1,6.28,2.5,0.5,3.24,6.55,1.0,22.57,2.5,0.0
2,2023-03-26 11:48:00,2023-03-26 12:26:00,1,0.32,1,N,25,83,2,27.1,0.5,0.5,1.01,0.0,1.0,32.61,2.5,0.0
2,2023-03-26 13:49:00,2023-03-26 14:21:00,1,0.57,1,N,171,68,1,7.24,2.5,0.5,3.18,6.55,1.0,25.22,2.5,1.75
1,2023-03-26 14:26:00,2023-03-26 15:13:00,2,6.39,1,N,67,123,2,3.42,0.5,0.5,7.92,0.0,1.0,13.34,0.0,0.0
2,2023-03-26 15:03:00,2023-03-26 15:48:00,4,4.67,1,N,39,131,1,15.97,2.5,0.5,0.79,6.55,1.0,27.31,0.0,0.0
2,2023-03-26 15:37:00,2023-03-26 16:23:00,1,1.7,1,N,176,208,1,49.28,0.0,0.5,4.07,6.55,1.0,63.15,0.0,1.75
2,2023-03-26 16:38:00,2023-03-26 17:01:00,1,6.74,4,N,224,40,1,11.95,2.5,0.5,3.78,6.55,1.0,28.78,2.5,0.0
1,2023-03-26 17:19:00,2023-03-26 17:40:00,1,2.43,1,N,47,73,2,10.23,0.0,0.5,1.02,6.55,1.0,23.55,2.5,1.75
2,2023-03-26 17:39:00,2023-03-26 18:12:00,3,1.17,1,N,180,109,1,15.75,2.5,0.5,2.76,0.0,1.0,24.26,0.0,1.75
2,2023-03-26 17:55:00,2023-03-26 18:47:00,4,3.92,1,N,226,217,1,7.68,0.0,0.5,5.29,0.0,1.0,14.47,0.0,0.0
2,2023-03-26 18:56:00,2023-03-26 19:55:00,2,1.4,1,N,179,72,1,4.8,2.5,0.5,1.94,0.0,1.0,14.99,2.5,1.75
2,2023-03-26 19:18:00,2023-03-26 19:39:00,2,1.4,1,N,47,161,1,7.06,1.0,0.5,1.99,0.0,1.0,14.05,2.5,0.0
2,2023-03-26 21:12:00,2023-03-26 21:45:00,5,1.54,1,N,146,187,1,5.9,0.0,0.5,0.9,0.0,1.0,12.55,2.5,1.75
2,2023-03-26 21:38:00,2023-03-26 22:24:00,3,2.71,1,N,155,254,1,3.87,0.0,0.5,0.91,0.0,1.0,8.78,2.5,0.0
2,2023-03-26 22:52:00,2023-03-26 23:35:00,4,0.8,1,Y,249,118,1,7.73,1.0,0.5,5.95,0.0,1.0,20.43,2.5,1.75
2,2023-03-27 00:02:00,2023-03-27 00:20:00,1,5.7,1,N,90,25,1,5.41,3.5,0.5,0.98,6.55,1.0,20.44,2.5,0.0
1,2023-03-27 00:09:00,2023-03-27 00:15:00,1,7.05,3,N,86,237,1,10.64,0.0,0.5,3.09,6.55,1.0,24.28,2.5,0.0
2,2023-03-27 04:32:00,2023-03-27 05:27:00,1,3.15,1,N,255,68,1,16.31,3.5,0.5,1.6,0.0,1.0,25.41,2.5,0.0
1,2023-03-27 05:44:00,2023-03-27 05:55:00,2,1.09,2,N,246,95,1,5.89,0.0,0.5,4.05,6.55,1.0,22.24,2.5,1.75
2,2023-03-27 06:15:00,2023-03-27 06:43:00,1,3.24,1,N,233,127,1,10.73,0.5,0.5,4.63,0.0,1.0,17.36,0.0,0.0
1,2023-03-27 06:28:00,2023-03-27 06:36:00,1,3.0,1,Y,57,210,1,13.79,2.5,0.5,8.5,6.55,1.0,35.34,2.5,0.0
2,2023-03-27 08:03:00,2023-03-27 08:58:00,2,13.37,1,N,218,261,1,28.52,2.5,0.5,0.62,0.0,1.0,35.64,2.5,0.0
2,2023-03-27 10:30:00,2023-03-27 11:18:00,2,2.14,1,N,218,262,1,7.7,2.5,0.5,0.92,6.55,1.0,19.17,0.0,0.0
2,2023-03-27 11:39:00,2023-03-27 12:04:00,1,0.87,1,N,29,130,1,10.43,0.5,0.5,5.99,0.0,1.0,20.92,2.5,0.0
2,2023-03-27 11:39:00,2023-03-27 12:13:00,1,7.07,1,N,123,241,1,7.35,3.5,0.5,0.2,6.55,1.0,21.6,2.5,0.0
2,2023-03-27 11:46:00,2023-03-27 12:45:00,1,5.48,1,N,3,55,2,14.24,0.0,0.5,1.91,0.0,1.0,20.15,2.5,0.0
2,2023-03-27 14:17:00,2023-03-27 15:15:00,1,0.77,2,N,149,207,2,3.79,1.0,0.5,0.53,0.0,1.0,6.82,0.0,0.0
2,2023-03-27 20:18:00,2023-03-27 20:59:00,1,2.5,1,N,148,255,1,21.07,3.5,0.5,11.44,0.0,1.0,40.01,2.5,0.0
1,2023-03-27 22:08:00,2023-03-27 22:15:00,2,1.36,1,N,230,69,1,12.24,3.5,0.5,3.68,6.55,1.0,29.97,2.5,0.0
2,2023-03-27 22:45:00,2023-03-27 23:29:00,2,3.68,1,N,34,9,1,20.8,2.5,0.5,1.53,0.0,1.0,30.58,2.5,1.75
1,2023-03-27 22:49:00,2023-03-27 23:38:00,3,2.69,1,N,58,15,1,19.16,2.5,0.5,1.09,6.55,1.0,33.3,2.5,0.0
2,2023-03-27 23:25:00,2023-03-27 23:34:00,1,3.85,1,N,24,241,1,3.02,2.5,0.5,0.4,0.0,1.0,11.67,2.5,1.75
2,2023-03-28 00:13:00,2023-03-28 00:23:00,1,5.3,1,N,260,78,2,4.81,1.0,0.5,2.81,0.0,1.0,12.62,2.5,0.0
2,2023-03-28 01:50:00,2023-03-28 02:21:00,1,5.03,1,N,187,255,3,29.04,1.0,0.5,8.82,6.55,1.0,49.41,2.5,0.0
2,2023-03-28 03:20:00,2023-03-28 03:56:00,3,1.5,1,N,25,185,1,4.6,0.5,0.5,0.63,0.0,1.0,9.73,2.5,0.0
2,2023-03-28 03:26:00,2023-03-28 03:45:00,1,2.38,1,Y,264,167,1,19.75,0.5,0.5,1.75,0.0,1.0,25.25,0.0,1.75
1,2023-03-28 04:36:00,2023-03-28 04:48:00,3,3.02,2,N,193,151,1,60.99,0.0,0.5,1.4,6.55,1.0,72.94,2.5,0.0
2,2023-03-28 04:43:00,2023-03-28 04:51:00,1,0.6,1,N,108,56,1,15.12,0.5,0.5,3.37,6.55,1.0,27.04,0.0,0.0
2,2023-03-28 10:07:00,2023-03-28 10:42:00,1,11.7,1,N,168,45,1,14.6,2.5,0.5,0.0,0.0,1.0,21.1,2.5,0.0
1,2023-03-28 10:41:00,2023-03-28 11:35:00,2,4.0,1,N,181,57,1,9.5,2.5,0.5,5.16,0.0,1.0,21.16,2.5,0.0
1,2023-03-28 12:31:00,2023-03-28 13:11:00,1,0.73,1,N,87,155,1,21.2,3.5,0.5,1.2,6.55,1.0,36.45,2.5,0.0
2,2023-03-28 18:12:00,2023-03-28 18:47:00,2,0.51,1,N,215,172,1,20.54,2.5,0.5,0.48,0.0,1.0,27.52,2.5,0.0
1,2023-03-28 19:02:00,2023-03-28 20:01:00,1,2.94,1,N,84,187,1,10.19,0.0,0.5,1.2,6.55,1.0,19.44,0.0,0.0
1,2023-03-28 20:34:00,2023-03-28 20:41:00,1,2.58,1,N,233,41,1,29.8,0.5,0.5,0.96,0.0,1.0,35.26,2.5,0.0
2,2023-03-28 21:49:00,2023-03-28 22:13:00,1,3.13,1,N,183,133,1,4.95,0.5,0.5,0.59,0.0,1.0,11.79,2.5,1.75
2,2023-03-29 01:01:00,2023-03-29 01:48:00,1,2.13,1,N,121,34,2,6.67,0.0,0.5,2.12,6.55,1.0,16.84,0.0,0.0
1,2023-03-29 01:14:00,2023-03-29 01:32:00,1,1.52,1,N,233,128,3,6.17,2.5,0.5,10.92,6.55,1.0,30.14,2.5,0.0
1,2023-03-29 01:15:00,2023-03-29 02:12:00,3,3.12,1,N,219,97,1,13.39,2.5,0.5,0.23,0.0,1.0,20.12,2.5,0.0
2,2023-03-29 02:38:00,2023-03-29 03:00:00,2,1.11,1,N,169,253,1,10.64,2.5,0.5,7.84,0.0,1.0,24.98,2.5,0.0
2,2023-03-29 06:17:00,2023-03-29 06:39:00,1,1.0,1,N,111,3,1,17.3,0.0,0.5,0.38,6.55,1.0,28.23,2.5,0.0
2,2023-03-29 06:19:00,2023-03-29 06:50:00,1,2.9,1,N,220,19,2,8.43,2.5,0.5,1.14,0.0,1.0,15.32,0.0,1.75
2,2023-03-29 09:09:00,2023-03-29 09:56:00,1,1.97,1,N,254,167,2,30.66,0.0,0.5,0.88,6.55,1.0,42.09,2.5,0.0
2,2023-03-29 09:29:00,2023-03-29 09:56:00,1,0.31,1,N,96,167,2,5.22,1.0,0.5,9.41,0.0,1.0,17.13,0.0,0.0
1,2023-03-29 10:05:00,2023-03-29 10:43:00,4,4.81,1,N,64,14,1,7.17,0.0,0.5,0.82,0.0,1.0,9.49,0.0,0.0
2,2023-03-29 10:37:00,2023-03-29 11:05:00,1,0.67,1,N,46,136,1,29.8,1.0,0.5,1.94,0.0,1.0,36.74,2.5,0.0
2,2023-03-29 11:51:00,2023-03-29 12:21:00,1,0.34,1,N,17,4,1,5.67,1.0,0.5,1.83,6.55,1.0,16.55,0.0,0.0
1,2023-03-29 11:55:00,2023-03-29 12:01:00,1,3.09,1,N,189,145,1,8.88,2.5,0.5,10.48,0.0,1.0,25.86,2.5,0.0
1,2023-03-29 13:00:00,2023-03-29 13:43:00,1,1.51,1,N,173,233,1,14.47,0.0,0.5,2.09,0.0,1.0,20.56,2.5,0.0
1,2023-03-29 13:48:00,2023-03-29 14:33:00,3,6.69,1,N,108,235,3,23.1,0.0,0.5,2.54,0.0,1.0,29.64,2.5,0.0
1,2023-03-29 14:41:00,2023-03-29 15:34:00,1,1.79,1,N,199,81,1,4.5,3.5,0.5,8.75,6.55,1.0,27.3,2.5,0.0
2,2023-03-29 15:22:00,2023-03-29 16:02:00,1,1.95,1,N,165,253,2,10.18,0.0,0.5,1.61,6.55,1.0,21.59,0.0,1.75
2,2023-03-29 15:29:00,2023-03-29 15:40:00,1,3.62,1,N,89,38,1,4.57,0.5,0.5,4.18,6.55,1.0,19.8,2.5,0.0
2,2023-03-29 16:30:00,2023-03-29 16:41:00,1,1.59,1,N,100,22,1,27.71,0.0,0.5,5.17,0.0,1.0,38.63,2.5,1.75
2,2023-03-29 17:10:00,2023-03-29 17:32:00,4,0.52,1,N,60,8,1,10.15,0.0,0.5,5.23,0.0,1.0,16.88,0.0,0.0
1,2023-03-29 19:37:00,2023-03-29 19:49:00,2,5.63,1,N,1,209,1,6.04,3.5,0.5,6.74,0.0,1.0,20.28,2.5,0.0
1,2023-03-29 19:59:00,2023-03-29 20:24:00,3,0.59,1,N,63,84,1,10.54,1.0,0.5,4.24,0.0,1.0,19.78,2.5,0.0
1,2023-03-29 20:18:00,2023-03-29 20:52:00,1,3.0,1,N,28,129,1,5.53,0.0,0.5,0.25,0.0,1.0,7.28,0.0,0.0
2,2023-03-29 22:13:00,2023-03-29 23:11:00,1,3.94,1,N,189,154,2,8.38,0.0,0.5,3.6,6.55,1.0,22.53,2.5,0.0
1,2023-03-30 04:56:00,2023-03-30 05:32:00,2,0.33,1,N,34,119,2,25.86,1.0,0.5,3.54,6.55,1.0,40.95,2.5,0.0
1,2023-03-30 05:19:00,2023-03-30 05:49:00,2,1.23,1,N,178,207,1,23.95,0.5,0.5,0.96,0.0,1.0,31.16,2.5,1.75
1,2023-03-30 09:49:00,2023-03-30 10:28:00,1,4.28,1,N,201,15,1,13.3,0.0,0.5,0.36,0.0,1.0,17.66,2.5,0.0
2,2023-03-30 14:12:00,2023-03-30 14:29:00,1,5.57,1,N,38,62,1,10.5,3.5,0.5,5.62,0.0,1.0,23.62,2.5,0.0
2,2023-03-30 17:55:00,2023-03-30 18:13:00,1,0.52,1,N,203,191,2,20.42,0.5,0.5,7.77,0.0,1.0,30.19,0.0,0.0
1,2023-03-30 18:34:00,2023-03-30 18:42:00,1,4.0,1,N,1,42,1,9.64,3.5,0.5,1.91,0.0,1.0,20.8,2.5,1.75
2,2023-03-30 20:07:00,2023-03-30 20:12:00,2,0.7,1,N,135,255,1,7.29,1.0,0.5,1.86,0.0,1.0,11.65,0.0,0.0
1,2023-03-30 20:28:00,2023-03-30 20:47:00,1,1.07,1,N,113,84,1,12.03,2.5,0.5,2.95,0.0,1.0,21.48,2.5,0.0
2,2023-03-30 21:43:00,2023-03-30 22:15:00,1,0.61,1,N,31,64,1,19.64,1.0,0.5,0.33,0.0,1.0,24.22,0.0,1.75
2,2023-03-30 22:06:00,2023-03-30 22:55:00,2,0.3,1,N,239,244,1,13.05,0.5,0.5,11.4,6.55,1.0,33.0,0.0,0.0
2,2023-03-30 23:48:00,2023-03-31 00:00:00,2,1.11,1,N,179,177,4,5.64,1.0,0.5,1.6,6.55,1.0,16.29,0.0,0.0
2,2023-03-31 00:56:00,2023-03-31 01:16:00,1,2.78,1,N,196,99,1,40.36,3.5,0.5,0.24,0.0,1.0,45.6,0.0,0.0
1,2023-03-31 01:12:00,2023-03-31 01:23:00,1,0.38,1,N,256,168,1,4.77,2.5,0.5,4.72,6.55,1.0,22.54,2.5,0.0
2,2023-03-31 02:42:00,2023-03-31 02:56:00,1,3.02,1,N,188,89,1,4.53,0.0,0.5,0.22,0.0,1.0,8.75,2.5,0.0
2,2023-03-31 03:49:00,2023-03-31 04:36:00,1,9.27,1,N,113,25,1,7.13,2.5,0.5,1.37,6.55,1.0,21.55,2.5,0.0
1,2023-03-31 03:51:00,2023-03-31 04:26:00,3,0.3,1,N,118,41,1,9.18,0.5,0.5,2.36,6.55,1.0,22.59,2.5,0.0
1,2023-03-31 04:47:00,2023-03-31 05:00:00,3,2.4,1,N,100,214,1,11.1,0.5,0.5,1.1,0.0,1.0,16.7,2.5,0.0
1,2023-03-31 08:12:00,2023-03-31 08:39:00,2,1.58,1,N,52,153,1,14.68,3.5,0.5,2.71,6.55,1.0,31.44,2.5,0.0
2,2023-03-31 10:18:00,2023-03-31 11:11:00,1,1.86,1,N,202,11,1,4.53,3.5,0.5,2.4,0.0,1.0,14.43,2.5,0.0
2,2023-03-31 19:12:00,2023-03-31 19:50:00,1,0.51,1,N,194,136,2,6.92,0.5,0.5,2.95,6.55,1.0,22.67,2.5,1.75
1,2023-03-31 19:50:00,2023-03-31 20:04:00,1,2.1,1,N,172,41,1,17.83,1.0,0.5,1.55,0.0,1.0,24.38,2.5,0.0
2,2023-03-31 21:53:00,2023-03-31 22:28:00,1,0.55,1,N,152,166,1,18.03,0.0,0.5,4.74,0.0,1.0,24.27,0.0,0.0
1,2023-04-01 02:24:00,2023-04-01 02:35:00,1,0.92,1,N,221,118,1,18.51,0.0,0.5,0.51,0.0,1.0,20.52,0.0,0.0
2,2023-04-01 04:47:00,2023-04-01 05:08:00,1,6.16,3,N,28,4,1,3.84,0.0,0.5,0.42,6.55,1.0,12.31,0.0,0.0
2,2023-04-01 06:21:00,2023-04-01 06:33:00,1,0.46,1,N,225,31,1,15.33,1.0,0.5,2.77,0.0,1.0,23.1,2.5,0.0
1,2023-04-01 12:31:00,2023-04-01 12:50:00,1,0.79,1,N,263,24,1,11.09,0.5,0.5,0.79,6.55,1.0,22.93,2.5,0.0
2,2023-04-01 12:36:00,2023-04-01 13:07:00,1,2.55,1,N,129,141,1,3.14,3.5,0.5,3.29,6.55,1.0,20.48,2.5,0.0
1,2023-04-01 15:44:00,2023-04-01 16:06:00,1,1.4,1,N,203,71,2,14.22,2.5,0.5,7.19,0.0,1.0,27.91,2.5,0.0
2,2023-04-01 16:00:00,2023-04-01 16:23:00,4,5.01,1,N,65,168,1,54.99,3.5,0.5,1.59,6.55,1.0,68.13,0.0,0.0
2,2023-04-01 23:24:00,2023-04-01 23:34:00,1,4.12,1,N,212,256,3,10.41,2.5,0.5,1.0,0.0,1.0,17.91,2.5,0.0
2,2023-04-02 02:24:00,2023-04-02 02:49:00,1,1.45,1,N,106,244,2,15.71,1.0,0.5,0.05,6.55,1.0,29.06,2.5,1.75
1,2023-04-02 05:33:00,2023-04-02 06:25:00,1,0.67,1,N,92,201,1,8.59,3.5,0.5,2.28,0.0,1.0,15.87,0.0,0.0
2,2023-04-02 05:39:00,2023-04-02 06:01:00,1,3.27,1,N,149,228,1,15.09,0.0,0.5,4.07,6.55,1.0,31.46,2.5,1.75
2,2023-04-02 07:24:00,2023-04-02 07:55:00,1,2.08,1,N,25,141,2,15.37,3.5,0.5,0.71,0.0,1.0,23.58,2.5,0.0
2,2023-04-02 08:42:00,2023-04-02 09:04:00,1,1.13,1,Y,70,206,2,24.32,0.5,0.5,4.56,6.55,1.0,37.43,0.0,0.0
2,2023-04-02 10:51:00,2023-04-02 11:00:00,1,4.41,1,N,13,114,2,4.62,3.5,0.5,17.21,0.0,1.0,29.33,2.5,0.0
1,2023-04-02 13:50:00,2023-04-02 14:27:00,3,3.2,1,N,257,161,1,11.72,3.5,0.5,0.33,6.55,1.0,27.85,2.5,1.75
1,2023-04-02 14:52:00,2023-04-02 15:27:00,3,1.55,1,N,67,174,1,33.92,3.5,0.5,0.11,0.0,1.0,39.03,0.0,0.0
1,2023-04-02 14:56:00,2023-04-02 15:20:00,1,1.14,2,N,205,247,2,38.96,1.0,0.5,4.14,6.55,1.0,54.65,2.5,0.0
1,2023-04-02 16:18:00,2023-04-02 17:12:00,1,7.55,1,N,28,197,1,4.66,0.0,0.5,1.18,6.55,1.0,13.89,0.0,0.0
1,2023-04-02 16:28:00,2023-04-02 17:09:00,1,0.4,1,Y,91,162,1,4.94,2.5,0.5,1.2,0.0,1.0,12.64,2.5,0.0
1,2023-04-02 17:19:00,2023-04-02 18:03:00,1,1.43,1,N,31,110,1,3.86,3.5,0.5,0.46,6.55,1.0,18.37,2.5,0.0
1,2023-04-02 19:21:00,2023-04-02 19:35:00,1,3.44,1,N,136,196,2,12.86,2.5,0.5,0.35,6.55,1.0,23.76,0.0,0.0
2,2023-04-02 19:32:00,2023-04-02 19:53:00,2,1.34,1,N,14,80,1,10.45,1.0,0.5,0.47,0.0,1.0,15.92,2.5,0.0
1,2023-04-02 21:11:00,2023-04-02 21:35:00,1,1.12,1,N,262,262,2,28.55,3.5,0.5,2.17,6.55,1.0,44.77,2.5,0.0
2,2023-04-02 22:11:00,2023-04-02 22:30:00,1,0.93,1,N,8,158,1,4.6,3.5,0.5,1.35,0.0,1.0,13.45,2.5,0.0
2,2023-04-03 00:23:00,2023-04-03 00:50:00,1,2.46,1,N,177,90,2,26.37,1.0,0.5,1.66,6.55,1.0,39.58,2.5,0.0
1,2023-04-03 00:54:00,2023-04-03 01:20:00,1,3.13,1,N,142,135,1,25.42,0.5,0.5,3.25,0.0,1.0,34.92,2.5,1.75
2,2023-04-03 02:32:00,2023-04-03 03:16:00,1,0.48,1,N,170,189,1,23.26,1.0,0.5,11.29,0.0,1.0,41.3,2.5,1.75
2,2023-04-03 02:59:00,2023-04-03 03:40:00,1,3.94,1,N,29,46,1,15.09,1.0,0.5,5.13,0.0,1.0,26.97,2.5,1.75
2,2023-04-03 03:57:00,2023-04-03 04:56:00,3,6.37,1,N,52,264,1,6.94,3.5,0.5,7.55,0.0,1.0,19.49,0.0,0.0
2,2023-04-03 06:46:00,2023-04-03 07:00:00,1,2.9,1,N,184,132,1,38.63,0.0,0.5,1.77,6.55,1.0,52.7,2.5,1.75
1,2023-04-03 08:44:00,2023-04-03 08:51:00,1,1.78,1,N,243,206,1,24.65,0.0,0.5,1.12,0.0,1.0,31.52,2.5,1.75
1,2023-04-03 11:32:00,2023-04-03 12:00:00,1,3.18,1,N,116,114,1,9.17,2.5,0.5,1.7,6.55,1.0,23.92,2.5,0.0
1,2023-04-03 12:41:00,2023-04-03 13:10:00,1,3.16,1,N,102,19,1,21.05,0.5,0.5,0.73,6.55,1.0,32.83,2.5,0.0
1,2023-04-03 12:48:00,2023-04-03 13:39:00,4,0.54,1,N,15,211,1,10.78,3.5,0.5,0.06,0.0,1.0,17.59,0.0,1.75
2,2023-04-03 13:12:00,2023-04-03 13:52:00,1,6.42,1,N,183,26,1,23.12,0.5,0.5,4.33,0.0,1.0,33.7,2.5,1.75
2,2023-04-03 13:36:00,2023-04-03 14:32:00,1,0.56,1,N,69,45,1,7.6,0.5,0.5,3.75,0.0,1.0,15.85,2.5,0.0
1,2023-04-03 16:58:00,2023-04-03 17:46:00,1,1.25,1,N,49,196,1,8.13,3.5,0.5,3.56,0.0,1.0,19.19,2.5,0.0
2,2023-04-03 17:15:00,2023-04-03 17:26:00,4,5.85,1,N,138,104,1,9.49,0.5,0.5,0.25,6.55,1.0,20.79,2.5,0.0
2,2023-04-03 17:41:00,2023-04-03 17:52:00,4,10.28,1,N,72,170,1,5.27,1.0,0.5,2.38,0.0,1.0,12.65,2.5,0.0
1,2023-04-03 17:54:00,2023-04-03 18:21:00,1,1.08,1,N,195,119,1,23.73,2.5,0.5,0.19,0.0,1.0,30.42,2.5,0.0
1,2023-04-03 21:27:00,2023-04-03 22:26:00,1,0.73,1,N,46,194,1,3.4,0.0,0.5,0.3,0.0,1.0,7.7,2.5,0.0
2,2023-04-03 23:23:00,2023-04-04 00:00:00,1,7.61,1,N,110,106,1,26.79,1.0,0.5,7.34,6.55,1.0,45.68,2.5,0.0
1,2023-04-04 02:15:00,2023-04-04 03:13:00,1,0.3,1,N,136,97,1,13.8,0.0,0.5,4.93,6.55,1.0,29.28,2.5,0.0
2,2023-04-04 08:15:00,2023-04-04 09:10:00,2,0.36,1,N,29,228,2,7.73,1.0,0.5,0.12,6.55,1.0,16.9,0.0,0.0
2,2023-04-04 08:45:00,2023-04-04 09:06:00,1,2.57,2,N,241,52,1,30.78,2.5,0.5,1.35,0.0,1.0,38.63,2.5,0.0
2,2023-04-04 09:48:00,2023-04-04 10:05:00,1,0.98,1,N,227,19,2,17.25,0.0,0.5,0.23,6.55,1.0,28.03,2.5,0.0
1,2023-04-04 11:53:00,2023-04-04 12:51:00,3,2.0,1,N,212,178,1,16.9,2.5,0.5,0.68,6.55,1.0,28.13,0.0,0.0
1,2023-04-04 14:34:00,2023-04-04 15:26:00,1,0.6,1,N,89,15,1,24.56,0.5,0.5,2.47,6.55,1.0,38.08,2.5,0.0
2,2023-04-04 15:12:00,2023-04-04 15:50:00,1,2.19,1,N,177,140,2,16.42,0.5,0.5,3.52,0.0,1.0,21.94,0.0,0.0
2,2023-04-04 15:49:00,2023-04-04 16:26:00,1,0.74,1,N,236,48,1,31.97,0.0,0.5,9.28,6.55,1.0,53.55,2.5,1.75
1,2023-04-04 18:44:00,2023-04-04 19:40:00,1,6.5,1,N,32,242,1,23.41,0.5,0.5,0.35,0.0,1.0,28.26,2.5,0.0
1,2023-04-04 20:30:00,2023-04-04 21:24:00,1,4.36,1,N,139,115,1,26.05,2.5,0.5,6.08,6.55,1.0,46.93,2.5,1.75
2,2023-04-04 21:09:00,2023-04-04 21:58:00,4,4.72,2,N,174,173,1,53.24,3.5,0.5,2.69,0.0,1.0,63.43,2.5,0.0
2,2023-04-04 21:23:00,2023-04-04 21:30:00,2,0.6,1,N,135,144,1,9.06,0.0,0.5,1.91,0.0,1.0,14.97,2.5,0.0
2,2023-04-04 21:50:00,2023-04-04 22:34:00,1,1.09,1,N,199,62,1,31.45,3.5,0.5,1.45,0.0,1.0,42.15,2.5,1.75
1,2023-04-04 23:27:00,2023-04-04 23:47:00,3,1.19,1,N,169,25,2,13.37,1.0,0.5,15.32,0.0,1.0,33.69,2.5,0.0
2,2023-04-05 00:10:00,2023-04-05 01:05:00,1,2.22,1,N,27,72,2,12.78,2.5,0.5,2.52,0.0,1.0,21.8,2.5,0.0
2,2023-04-05 00:33:00,2023-04-05 01:23:00,1,2.88,1,N,128,147,2,6.03,0.5,0.5,0.59,0.0,1.0,11.12,2.5,0.0
1,2023-04-05 03:25:00,2023-04-05 04:24:00,1,2.68,2,N,107,238,1,45.05,2.5,0.5,4.19,6.55,1.0,62.29,2.5,0.0
2,2023-04-05 04:39:00,2023-04-05 04:52:00,1,0.32,1,N,39,60,2,44.09,0.0,0.5,0.27,0.0,1.0,48.36,2.5,0.0
2,2023-04-05 07:52:00,2023-04-05 08:50:00,1,0.69,1,N,104,58,1,22.13,0.0,0.5,0.61,6.55,1.0,33.29,2.5,0.0
1,2023-04-05 08:30:00,2023-04-05 08:54:00,1,2.83,1,N,152,136,1,3.41,0.5,0.5,1.05,6.55,1.0,13.01,0.0,0.0
2,2023-04-05 12:29:00,2023-04-05 12:48:00,1,3.35,1,N,139,122,1,3.21,3.5,0.5,0.0,0.0,1.0,10.71,2.5,0.0
2,2023-04-05 14:13:00,2023-04-05 14:42:00,1,3.1,1,N,230,163,1,5.41,3.5,0.5,0.38,0.0,1.0,10.79,0.0,0.0
2,2023-04-05 15:25:00,2023-04-05 15:55:00,3,0.7,1,N,185,39,1,37.86,0.0,0.5,0.44,6.55,1.0,46.35,0.0,0.0
1,2023-04-05 15:59:00,2023-04-05 16:24:00,1,0.99,1,N,110,12,1,31.09,1.0,0.5,0.42,0.0,1.0,36.51,2.5,0.0
2,2023-04-05 16:10:00,2023-04-05 16:51:00,1,3.17,1,N,27,45,1,29.63,3.5,0.5,1.22,0.0,1.0,38.35,2.5,0.0
1,2023-04-05 19:35:00,2023-04-05 20:13:00,1,1.73,1,N,155,183,1,16.11,0.5,0.5,2.67,0.0,1.0,20.78,0.0,0.0
2,2023-04-05 19:54:00,2023-04-05 20:35:00,2,0.94,1,N,201,223,1,5.33,3.5,0.5,2.98,0.0,1.0,13.31,0.0,0.0
2,2023-04-05 21:23:00,2023-04-05 21:49:00,1,4.17,1,N,105,7,1,8.93,3.5,0.5,6.77,6.55,1.0,31.5,2.5,1.75
2,2023-04-05 21:25:00,2023-04-05 22:17:00,4,2.63,1,N,197,210,1,15.12,2.5,0.5,1.31,6.55,1.0,26.98,0.0,0.0
2,2023-04-05 21:48:00,2023-04-05 21:56:00,1,3.14,1,N,124,137,1,10.25,1.0,0.5,0.65,0.0,1.0,15.9,2.5,0.0
2,2023-04-06 01:57:00,2023-04-06 02:52:00,1,1.07,1,N,56,107,2,4.23,0.0,0.5,3.02,6.55,1.0,17.8,2.5,0.0
2,2023-04-06 03:18:00,2023-04-06 03:56:00,1,4.88,1,N,13,228,1,14.78,2.5,0.5,0.8,6.55,1.0,26.13,0.0,0.0
2,2023-04-06 03:43:00,2023-04-06 04:16:00,3,1.28,1,N,11,255,1,16.82,2.5,0.5,1.79,0.0,1.0,25.11,2.5,0.0
2,2023-04-06 04:40:00,2023-04-06 05:15:00,1,0.59,1,N,110,190,1,12.2,2.5,0.5,4.42,6.55,1.0,29.67,2.5,0.0
2,2023-04-06 04:44:00,2023-04-06 05:02:00,2,5.24,1,N,18,253,2,14.31,3.5,0.5,1.4,0.0,1.0,22.46,0.0,1.75
2,2023-04-06 05:03:00,2023-04-06 05:30:00,1,5.19,1,N,246,256,2,3.49,2.5,0.5,5.12,0.0,1.0,15.11,2.5,0.0
2,2023-04-06 07:24:00,2023-04-06 07:32:00,1,3.32,1,N,152,54,1,5.01,3.5,0.5,0.76,0.0,1.0,13.27,2.5,0.0
1,2023-04-06 07:43:00,2023-04-06 08:25:00,1,1.26,1,N,25,183,1,11.56,0.5,0.5,0.43,6.55,1.0,23.04,2.5,0.0
2,2023-04-06 08:57:00,2023-04-06 09:20:00,3,3.45,1,N,44,264,1,13.45,3.5,0.5,2.59,6.55,1.0,30.09,2.5,0.0
1,2023-04-06 11:18:00,2023-04-06 12:02:00,2,3.66,1,N,189,18,2,9.03,1.0,0.5,0.88,6.55,1.0,18.96,0.0,0.0
2,2023-04-06 11:28:00,2023-04-06 11:37:00,1,0.63,1,N,135,38,1,9.17,0.5,0.5,7.18,6.55,1.0,29.15,2.5,1.75
1,2023-04-06 12:21:00,2023-04-06 12:47:00,1,4.11,1,N,91,249,1,6.74,2.5,0.5,0.39,6.55,1.0,20.18,2.5,0.0
1,2023-04-06 14:13:00,2023-04-06 14:53:00,2,5.55,1,N,111,217,4,17.4,2.5,0.5,1.29,0.0,1.0,24.44,0.0,1.75
2,2023-04-06 14:46:00,2023-04-06 15:28:00,3,0.62,1,N,241,168,1,10.06,2.5,0.5,1.11,0.0,1.0,17.67,2.5,0.0
2,2023-04-06 15:17:00,2023-04-06 16:16:00,1,6.52,1,N,196,173,1,6.12,1.0,0.5,1.17,0.0,1.0,12.29,2.5,0.0
2,2023-04-06 17:28:00,2023-04-06 17:56:00,1,3.04,1,N,39,219,1,7.03,0.5,0.5,1.2,6.55,1.0,16.78,0.0,0.0
2,2023-04-06 17:34:00,2023-04-06 18:30:00,1,11.61,2,Y,216,60,2,37.35,3.5,0.5,2.59,0.0,1.0,47.44,2.5,0.0
2,2023-04-06 18:08:00,2023-04-06 18:40:00,4,0.61,1,N,255,28,1,5.1,0.5,0.5,3.33,6.55,1.0,19.48,2.5,0.0
2,2023-04-06 18:20:00,2023-04-06 18:42:00,1,6.63,1,N,149,131,1,31.93,0.5,0.5,1.62,0.0,1.0,35.55,0.0,0.0
2,2023-04-06 20:09:00,2023-04-06 20:56:00,1,0.7,1,N,130,54,1,13.22,0.5,0.5,4.28,0.0,1.0,21.25,0.0,1.75
1,2023-04-06 22:35:00,2023-04-06 23:16:00,1,3.01,1,N,25,135,1,9.38,1.0,0.5,6.94,0.0,1.0,20.57,0.0,1.75
2,2023-04-07 00:21:00,2023-04-07 00:56:00,1,1.88,1,N,149,223,1,23.2,2.5,0.5,0.54,0.0,1.0,27.74,0.0,0.0
2,2023-04-07 00:46:00,2023-04-07 01:20:00,1,3.15,1,N,233,207,1,3.12,3.5,0.5,0.43,0.0,1.0,11.05,2.5,0.0
2,2023-04-07 01:11:00,2023-04-07 02:07:00,1,1.07,1,N,122,206,1,27.11,2.5,0.5,0.5,6.55,1.0,40.66,2.5,0.0
2,2023-04-07 02:08:00,2023-04-07 02:59:00,1,5.18,1,N,96,106,1,13.66,2.5,0.5,2.14,0.0,1.0,22.3,2.5,0.0
1,2023-04-07 02:59:00,2023-04-07 03:24:00,2,0.81,1,N,83,107,1,6.01,1.0,0.5,1.63,0.0,1.0,12.64,2.5,0.0
2,2023-04-07 03:22:00,2023-04-07 04:02:00,1,1.36,1,N,79,59,1,4.4,1.0,0.5,3.04,0.0,1.0,12.44,2.5,0.0
2,2023-04-07 03:34:00,2023-04-07 04:00:00,1,2.03,1,N,204,95,1,8.54,3.5,0.5,1.22,6.55,1.0,23.06,0.0,1.75
2,2023-04-07 05:23:00,2023-04-07 05:29:00,2,1.56,1,N,197,186,1,10.99,2.5,0.5,0.27,0.0,1.0,17.76,2.5,0.0
2,2023-04-07 05:53:00,2023-04-07 06:11:00,1,8.55,1,N,85,242,1,16.13,0.0,0.5,0.25,0.0,1.0,20.38,2.5,0.0
1,2023-04-07 08:11:00,2023-04-07 08:32:00,1,0.73,1,N,75,217,2,6.17,2.5,0.5,0.35,0.0,1.0,13.02,2.5,0.0
2,2023-04-07 11:25:00,2023-04-07 12:00:00,1,1.18,1,N,254,218,1,9.29,1.0,0.5,3.52,0.0,1.0,17.81,2.5,0.0
2,2023-04-07 12:45:00,2023-04-07 13:43:00,1,1.58,1,N,133,142,1,35.0,0.0,0.5,0.03,6.55,1.0,45.58,2.5,0.0
2,2023-04-07 15:42:00,2023-04-07 16:01:00,1,7.2,1,N,205,205,1,12.24,0.5,0.5,2.44,6.55,1.0,23.23,0.0,0.0
1,2023-04-07 16:27:00,2023-04-07 17:03:00,1,2.43,1,N,149,172,1,15.77,0.0,0.5,4.78,6.55,1.0,31.1,2.5,0.0
2,2023-04-07 19:12:00,2023-04-07 20:10:00,1,0.4,1,N,44,101,1,17.22,0.0,0.5,1.25,0.0,1.0,22.47,2.5,0.0
2,2023-04-07 19:27:00,2023-04-07 20:21:00,1,3.64,1,N,69,239,2,23.33,0.0,0.5,0.25,0.0,1.0,27.58,2.5,0.0
1,2023-04-07 21:44:00,2023-04-07 22:43:00,1,1.18,1,N,164,219,2,7.81,2.5,0.5,1.77,6.55,1.0,22.63,2.5,0.0
2,2023-04-08 01:44:00,2023-04-08 02:04:00,1,1.38,1,N,7,237,1,14.57,2.5,0.5,1.55,0.0,1.0,22.62,2.5,0.0
2,2023-04-08 01:49:00,2023-04-08 01:56:00,1,0.97,1,N,185,79,1,6.1,2.5,0.5,4.71,0.0,1.0,17.31,2.5,0.0
2,2023-04-08 03:23:00,2023-04-08 03:42:00,1,5.58,1,N,42,23,1,7.88,2.5,0.5,1.03,6.55,1.0,21.96,2.5,0.0
1,2023-04-08 04:58:00,2023-04-08 05:20:00,1,0.43,1,N,21,136,1,27.01,1.0,0.5,1.22,6.55,1.0,39.78,2.5,0.0
2,2023-04-08 05:19:00,2023-04-08 06:13:00,2,1.17,1,N,105,105,1,23.73,3.5,0.5,2.13,6.55,1.0,37.41,0.0,0.0
1,2023-04-08 07:48:00,2023-04-08 08:36:00,1,0.52,1,N,196,255,1,12.06,1.0,0.5,6.62,6.55,1.0,30.23,2.5,0.0
2,2023-04-08 13:47:00,2023-04-08 14:07:00,1,6.36,1,N,9,144,4,4.33,2.5,0.5,4.98,0.0,1.0,15.81,2.5,0.0
2,2023-04-08 20:25:00,2023-04-08 21:01:00,1,6.38,1,N,232,97,1,11.24,2.5,0.5,6.58,6.55,1.0,32.62,2.5,1.75
1,2023-04-09 01:34:00,2023-04-09 02:04:00,3,0.31,1,N,233,32,1,5.16,3.5,0.5,0.3,0.0,1.0,12.96,2.5,0.0
2,2023-04-09 03:30:00,2023-04-09 04:07:00,1,2.33,1,N,107,99,1,45.11,1.0,0.5,0.14,6.55,1.0,56.8,2.5,0.0
2,2023-04-09 04:05:00,2023-04-09 04:59:00,4,4.53,1,N,208,141,1,8.1,3.5,0.5,0.95,0.0,1.0,16.55,2.5,0.0
2,2023-04-09 04:38:00,2023-04-09 04:59:00,1,2.39,1,N,106,78,1,4.49,3.5,0.5,2.79,0.0,1.0,14.78,2.5,0.0
1,2023-04-09 05:29:00,2023-04-09 05:37:00,1,6.89,1,N,5,108,1,25.35,1.0,0.5,4.94,0.0,1.0,35.29,2.5,0.0
1,2023-04-09 06:41:00,2023-04-09 06:50:00,1,1.26,1,N,147,44,1,17.19,3.5,0.5,1.24,0.0,1.0,25.93,2.5,0.0
1,2023-04-09 07:24:00,2023-04-09 07:49:00,1,0.85,1,N,47,22,1,4.55,0.5,0.5,8.06,0.0,1.0,17.11,2.5,0.0
2,2023-04-09 11:46:00,2023-04-09 11:52:00,1,3.4,1,N,151,230,1,8.92,3.5,0.5,5.01,0.0,1.0,21.43,2.5,0.0
1,2023-04-09 12:40:00,2023-04-09 12:57:00,1,0.77,1,N,177,52,2,3.65,0.0,0.5,2.74,0.0,1.0,10.39,2.5,0.0
2,2023-04-09 15:35:00,2023-04-09 15:47:00,2,3.18,1,N,150,210,3,60.27,0.0,0.5,1.42,0.0,1.0,67.44,2.5,1.75
2,2023-04-09 17:17:00,2023-04-09 17:42:00,3,5.77,1,N,192,5,3,12.5,1.0,0.5,3.76,6.55,1.0,25.31,0.0,0.0
1,2023-04-09 17:40:00,2023-04-09 18:07:00,2,5.34,1,N,30,142,1,3.46,1.0,0.5,3.09,6.55,1.0,17.35,0.0,1.75
2,2023-04-09 19:52:00,2023-04-09 20:46:00,1,2.83,1,N,120,153,1,8.62,0.5,0.5,0.08,6.55,1.0,19.75,2.5,0.0
2,2023-04-09 21:49:00,2023-04-09 22:10:00,1,0.59,1,N,245,129,2,3.92,1.0,0.5,3.15,6.55,1.0,16.12,0.0,0.0
1,2023-04-09 22:42:00,2023-04-09 22:56:00,5,0.56,1,N,187,193,1,8.06,1.0,0.5,7.88,0.0,1.0,18.44,0.0,0.0
2,2023-04-09 22:43:00,2023-04-09 23:32:00,1,1.13,1,N,219,248,1,12.7,0.0,0.5,2.32,6.55,1.0,25.57,2.5,0.0
2,2023-04-10 05:07:00,2023-04-10 05:37:00,1,9.56,2,N,44,239,1,12.86,2.5,0.5,0.43,0.0,1.0,19.79,2.5,0.0
2,2023-04-10 07:00:00,2023-04-10 07:07:00,1,0.96,1,N,259,173,1,17.56,0.5,0.5,3.16,0.0,1.0,25.22,2.5,0.0
1,2023-04-10 07:46:00,2023-04-10 08:24:00,1,4.52,1,N,166,90,2,12.73,0.5,0.5,3.71,0.0,1.0,20.94,2.5,0.0
2,2023-04-10 11:59:00,2023-04-10 12:52:00,1,1.11,2,N,112,6,1,9.46,1.0,0.5,3.63,6.55,1.0,24.64,2.5,0.0
1,2023-04-10 12:34:00,2023-04-10 13:19:00,1,1.22,1,N,102,149,1,12.14,3.5,0.5,1.35,0.0,1.0,18.49,0.0,0.0
2,2023-04-10 12:46:00,2023-04-10 13:25:00,2,1.71,1,N,239,169,1,12.47,2.5,0.5,3.48,0.0,1.0,19.95,0.0,0.0
1,2023-04-10 16:01:00,2023-04-10 16:33:00,2,1.77,4,N,16,55,2,8.49,0.0,0.5,0.85,6.55,1.0,19.89,2.5,0.0
2,2023-04-10 19:04:00,2023-04-10 19:32:00,1,6.12,1,N,210,39,2,7.47,2.5,0.5,1.65,0.0,1.0,15.62,2.5,0.0
1,2023-04-10 19:48:00,2023-04-10 20:27:00,1,1.24,1,N,46,254,2,4.24,0.5,0.5,7.83,0.0,1.0,16.57,2.5,0.0
2,2023-04-10 22:08:00,2023-04-10 22:25:00,1,0.73,1,N,154,131,1,8.04,1.0,0.5,7.62,0.0,1.0,20.66,2.5,0.0
2,2023-04-10 22:47:00,2023-04-10 22:53:00,1,4.81,1,N,196,232,1,40.29,2.5,0.5,3.06,6.55,1.0,56.4,2.5,0.0
1,2023-04-10 22:53:00,2023-04-10 23:45:00,2,3.17,1,N,246,137,1,28.6,3.5,0.5,0.73,6.55,1.0,45.13,2.5,1.75
2,2023-04-11 01:03:00,2023-04-11 01:40:00,1,2.6,1,N,30,75,1,42.48,3.5,0.5,1.01,0.0,1.0,48.49,0.0,0.0
2,2023-04-11 01:37:00,2023-04-11 02:17:00,1,3.99,1,N,38,262,1,11.27,2.5,0.5,5.2,0.0,1.0,22.97,2.5,0.0
2,2023-04-11 02:09:00,2023-04-11 02:40:00,1,3.59,1,N,111,231,1,24.4,3.5,0.5,0.69,0.0,1.0,30.09,0.0,0.0
1,2023-04-11 04:42:00,2023-04-11 04:54:00,1,6.85,1,N,10,246,1,28.96,3.5,0.5,3.81,0.0,1.0,40.27,2.5,0.0
1,2023-04-11 05:53:00,2023-04-11 06:05:00,1,8.08,1,N,53,252,3,7.57,0.0,0.5,0.05,6.55,1.0,18.17,2.5,0.0
2,2023-04-11 05:55:00,2023-04-11 06:08:00,3,1.87,1,N,82,259,1,5.26,2.5,0.5,0.22,0.0,1.0,13.73,2.5,1.75
2,2023-04-11 05:56:00,2023-04-11 06:51:00,4,13.33,1,N,237,79,2,4.77,0.5,0.5,1.25,0.0,1.0,10.52,2.5,0.0
2,2023-04-11 08:48:00,2023-04-11 09:06:00,1,3.78,1,N,242,154,2,53.92,1.0,0.5,1.24,0.0,1.0,57.66,0.0,0.0
2,2023-04-11 08:59:00,2023-04-11 09:53:00,1,5.85,1,N,191,74,1,29.39,1.0,0.5,1.33,0.0,1.0,33.22,0.0,0.0
2,2023-04-11 12:51:00,2023-04-11 13:06:00,4,6.77,1,N,252,44,1,6.71,1.0,0.5,0.2,0.0,1.0,11.91,2.5,0.0
2,2023-04-11 13:52:00,2023-04-11 14:49:00,1,0.41,1,N,10,148,1,13.3,1.0,0.5,1.12,0.0,1.0,19.42,2.5,0.0
1,2023-04-11 15:26:00,2023-04-11 15:33:00,1,3.93,1,N,37,75,1,34.48,0.0,0.5,2.28,0.0,1.0,40.76,2.5,0.0
2,2023-04-11 15:31:00,2023-04-11 16:13:00,3,1.98,1,N,237,238,1,17.89,0.0,0.5,4.27,0.0,1.0,27.91,2.5,1.75
2,2023-04-11 16:30:00,2023-04-11 17:14:00,1,1.94,1,N,161,160,2,10.26,3.5,0.5,3.58,6.55,1.0,27.89,2.5,0.0
1,2023-04-11 16:56:00,2023-04-11 17:23:00,2,1.04,1,N,193,143,1,4.23,1.0,0.5,4.26,6.55,1.0,20.04,2.5,0.0
2,2023-04-11 17:31:00,2023-04-11 17:46:00,1,0.4,1,N,232,111,1,21.48,0.0,0.5,1.9,0.0,1.0,24.88,0.0,0.0
2,2023-04-11 20:13:00,2023-04-11 20:25:00,1,2.0,1,N,50,115,1,10.43,1.0,0.5,9.98,0.0,1.0,25.41,2.5,0.0
2,2023-04-11 21:11:00,2023-04-11 21:42:00,1,0.36,1,N,47,257,1,10.12,2.5,0.5,0.08,6.55,1.0,23.25,2.5,0.0
2,2023-04-11 21:21:00,2023-04-11 22:15:00,1,1.46,1,N,86,73,1,11.99,0.5,0.5,4.97,0.0,1.0,21.46,2.5,0.0
2,2023-04-11 22:22:00,2023-04-11 22:57:00,3,1.12,1,N,233,251,1,4.21,1.0,0.5,2.17,0.0,1.0,11.38,2.5,0.0
2,2023-04-11 23:26:00,2023-04-12 00:19:00,2,1.32,1,N,58,10,1,8.23,2.5,0.5,0.96,6.55,1.0,22.24,2.5,0.0
2,2023-04-12 05:48:00,2023-04-12 06:24:00,2,5.84,1,N,230,8,1,30.02,3.5,0.5,2.68,0.0,1.0,40.2,2.5,0.0
2,2023-04-12 11:06:00,2023-04-12 11:14:00,3,0.66,1,N,12,121,1,21.67,0.5,0.5,5.07,0.0,1.0,28.74,0.0,0.0
1,2023-04-12 13:39:00,2023-04-12 14:29:00,1,1.34,1,N,158,106,1,14.82,3.5,0.5,1.18,6.55,1.0,31.8,2.5,1.75
1,2023-04-12 14:15:00,2023-04-12 14:27:00,2,1.33,1,N,218,182,1,18.99,1.0,0.5,2.47,6.55,1.0,33.01,2.5,0.0
2,2023-04-12 15:49:00,2023-04-12 16:22:00,1,2.88,1,N,123,216,1,21.59,3.5,0.5,0.02,6.55,1.0,35.66,2.5,0.0
1,2023-04-12 17:10:00,2023-04-12 17:18:00,3,4.74,1,N,35,221,1,22.5,0.5,0.5,3.34,0.0,1.0,30.34,2.5,0.0
2,2023-04-12 20:09:00,2023-04-12 20:32:00,4,0.64,1,N,12,107,1,41.77,0.5,0.5,12.68,6.55,1.0,63.0,0.0,0.0
2,2023-04-12 22:08:00,2023-04-12 22:39:00,4,5.34,1,N,77,6,3,9.63,0.0,0.5,8.18,6.55,1.0,28.36,2.5,0.0
2,2023-04-13 02:32:00,2023-04-13 03:26:00,1,3.19,1,N,104,93,1,10.37,2.5,0.5,1.6,6.55,1.0,25.02,2.5,0.0
2,2023-04-13 07:09:00,2023-04-13 07:28:00,5,4.77,1,N,12,36,1,31.57,2.5,0.5,0.73,0.0,1.0,38.05,0.0,1.75
2,2023-04-13 07:13:00,2023-04-13 08:02:00,1,5.17,1,N,48,233,1,4.07,2.5,0.5,3.88,0.0,1.0,11.95,0.0,0.0
2,2023-04-13 09:23:00,2023-04-13 09:54:00,2,1.72,1,N,32,66,2,27.23,2.5,0.5,4.88,0.0,1.0,40.36,2.5,1.75
1,2023-04-13 11:10:00,2023-04-13 11:28:00,1,3.94,1,N,4,255,1,36.06,0.0,0.5,2.33,6.55,1.0,48.94,2.5,0.0
2,2023-04-13 11:55:00,2023-04-13 12:51:00,1,0.83,1,N,218,221,1,19.3,3.5,0.5,16.17,6.55,1.0,47.02,0.0,0.0
1,2023-04-13 12:03:00,2023-04-13 12:52:00,3,2.4,1,N,27,170,1,11.7,2.5,0.5,1.17,0.0,1.0,19.37,2.5,0.0
1,2023-04-13 12:46:00,2023-04-13 12:59:00,1,2.82,1,N,121,253,1,31.53,1.0,0.5,0.28,0.0,1.0,36.81,2.5,0.0
2,2023-04-13 13:58:00,2023-04-13 14:34:00,4,1.53,1,N,174,227,2,4.94,0.5,0.5,2.43,6.55,1.0,18.42,2.5,0.0
2,2023-04-13 14:15:00,2023-04-13 15:04:00,1,1.2,1,N,38,207,1,11.93,2.5,0.5,1.98,0.0,1.0,20.41,2.5,0.0
1,2023-04-13 14:25:00,2023-04-13 14:55:00,1,1.5,1,N,42,11,1,3.56,1.0,0.5,1.79,0.0,1.0,10.35,2.5,0.0
1,2023-04-13 16:38:00,2023-04-13 16:56:00,1,2.89,1,N,21,69,1,11.13,0.5,0.5,1.88,6.55,1.0,24.06,2.5,0.0
2,2023-04-13 18:17:00,2023-04-13 18:53:00,1,0.65,3,N,8,69,4,4.92,0.0,0.5,1.39,6.55,1.0,16.86,2.5,0.0
2,2023-04-13 18:19:00,2023-04-13 18:58:00,4,2.56,1,N,245,70,1,7.28,3.5,0.5,1.27,6.55,1.0,22.6,2.5,0.0
1,2023-04-13 19:36:00,2023-04-13 20:25:00,1,1.51,1,N,69,221,1,7.91,0.0,0.5,0.24,0.0,1.0,9.65,0.0,0.0
1,2023-04-13 19:46:00,2023-04-13 19:59:00,1,0.78,1,N,193,89,1,20.12,3.5,0.5,1.85,0.0,1.0,31.22,2.5,1.75
1,2023-04-13 20:07:00,2023-04-13 20:25:00,1,2.59,1,N,181,261,2,8.94,0.5,0.5,2.07,0.0,1.0,15.51,2.5,0.0
2,2023-04-14 02:01:00,2023-04-14 02:52:00,1,1.73,1,N,248,79,1,10.16,2.5,0.5,1.89,0.0,1.0,18.55,2.5,0.0
2,2023-04-14 03:10:00,2023-04-14 03:32:00,1,2.95,1,N,83,80,1,8.05,1.0,0.5,0.44,0.0,1.0,13.49,2.5,0.0
2,2023-04-14 03:54:00,2023-04-14 04:15:00,2,1.37,1,N,259,69,2,3.7,3.5,0.5,1.79,0.0,1.0,14.74,2.5,1.75
1,2023-04-14 04:26:00,2023-04-14 05:13:00,1,1.16,1,N,88,47,1,18.52,1.0,0.5,0.05,6.55,1.0,30.12,2.5,0.0
2,2023-04-14 06:14:00,2023-04-14 06:34:00,3,1.87,4,N,89,117,1,6.3,3.5,0.5,2.06,6.55,1.0,22.41,2.5,0.0
2,2023-04-14 06:22:00,2023-04-14 06:53:00,1,0.72,1,N,235,63,1,7.26,1.0,0.5,2.73,6.55,1.0,21.54,2.5,0.0
2,2023-04-14 06:45:00,2023-04-14 07:22:00,1,0.74,1,N,188,247,1,17.08,0.0,0.5,0.53,6.55,1.0,28.16,2.5,0.0
1,2023-04-14 07:17:00,2023-04-14 07:30:00,2,0.34,1,N,45,217,3,33.09,2.5,0.5,1.76,0.0,1.0,41.35,2.5,0.0
1,2023-04-14 13:43:00,2023-04-14 14:29:00,1,4.01,1,N,65,45,1,3.76,0.5,0.5,0.53,0.0,1.0,8.79,2.5,0.0
1,2023-04-14 14:12:00,2023-04-14 14:23:00,1,12.43,2,N,67,49,2,9.85,2.5,0.5,0.6,0.0,1.0,14.45,0.0,0.0
1,2023-04-14 17:29:00,2023-04-14 17:34:00,1,2.9,1,N,8,180,2,8.11,1.0,0.5,1.33,0.0,1.0,14.44,2.5,0.0
2,2023-04-14 17:41:00,2023-04-14 18:37:00,1,1.67,1,N,36,224,1,6.93,0.5,0.5,3.03,0.0,1.0,14.46,2.5,0.0
2,2023-04-14 17:55:00,2023-04-14 18:48:00,1,6.11,1,N,210,161,1,4.55,2.5,0.5,1.38,0.0,1.0,12.43,2.5,0.0
1,2023-04-14 19:43:00,2023-04-14 19:55:00,1,1.28,1,N,247,255,1,8.99,0.5,0.5,0.96,6.55,1.0,21.0,2.5,0.0
2,2023-04-14 20:01:00,2023-04-14 21:00:00,1,4.26,1,Y,100,125,1,12.49,2.5,0.5,2.53,0.0,1.0,21.52,2.5,0.0
2,2023-04-14 22:06:00,2023-04-14 22:36:00,1,0.79,1,N,228,194,1,4.31,0.0,0.5,3.01,0.0,1.0,11.32,2.5,0.0
2,2023-04-15 01:29:00,2023-04-15 02:13:00,1,4.96,1,N,183,13,4,15.55,0.5,0.5,0.19,0.0,1.0,20.24,2.5,0.0
2,2023-04-15 04:23:00,2023-04-15 04:51:00,1,3.61,1,N,205,193,1,11.35,0.5,0.5,7.06,6.55,1.0,26.96,0.0,0.0
2,2023-04-15 04:56:00,2023-04-15 05:23:00,1,3.31,1,N,253,55,1,3.51,1.0,0.5,3.28,0.0,1.0,11.79,2.5,0.0
1,2023-04-15 06:38:00,2023-04-15 07:33:00,2,4.07,1,N,138,180,2,6.11,2.5,0.5,0.92,6.55,1.0,20.08,2.5,0.0
2,2023-04-15 06:39:00,2023-04-15 06:56:00,1,2.95,1,N,208,169,1,26.26,0.0,0.5,1.22,6.55,1.0,38.03,2.5,0.0
1,2023-04-15 06:48:00,2023-04-15 07:28:00,1,2.72,1,N,84,21,1,9.58,3.5,0.5,4.15,0.0,1.0,21.23,2.5,0.0
2,2023-04-15 08:22:00,2023-04-15 08:34:00,1,1.7,5,N,48,253,1,3.44,0.5,0.5,0.74,0.0,1.0,6.18,0.0,0.0
2,2023-04-15 09:22:00,2023-04-15 09:41:00,1,4.0,1,N,242,240,2,8.23,1.0,0.5,2.17,6.55,1.0,21.95,2.5,0.0
2,2023-04-15 12:48:00,2023-04-15 13:28:00,1,4.75,1,N,208,49,1,6.6,1.0,0.5,1.02,0.0,1.0,10.12,0.0,0.0
2,2023-04-15 13:35:00,2023-04-15 14:24:00,1,7.23,1,N,65,83,1,21.81,0.0,0.5,3.43,0.0,1.0,29.24,2.5,0.0
2,2023-04-15 14:53:00,2023-04-15 15:01:00,1,0.34,1,N,232,114,1,24.09,2.5,0.5,1.11,0.0,1.0,29.2,0.0,0.0
2,2023-04-15 14:53:00,2023-04-15 15:12:00,1,0.84,1,N,135,105,2,4.52,3.5,0.5,1.9,6.55,1.0,20.47,2.5,0.0
2,2023-04-15 17:07:00,2023-04-15 17:17:00,3,2.52,1,N,154,57,1,11.35,0.5,0.5,3.48,6.55,1.0,25.88,2.5,0.0
2,2023-04-15 17:30:00,2023-04-15 17:54:00,2,0.7,1,N,76,13,2,10.59,1.0,0.5,3.45,0.0,1.0,19.04,2.5,0.0
2,2023-04-15 22:14:00,2023-04-15 22:42:00,5,8.13,1,N,22,112,4,13.77,0.0,0.5,8.19,6.55,1.0,30.01,0.0,0.0
2,2023-04-15 22:14:00,2023-04-15 23:11:00,1,4.29,2,N,161,220,4,13.46,3.5,0.5,1.26,0.0,1.0,22.22,2.5,0.0
2,2023-04-15 23:35:00,2023-04-16 00:08:00,3,1.9,1,N,165,46,2,33.89,2.5,0.5,0.35,6.55,1.0,47.29,2.5,0.0
1,2023-04-16 03:46:00,2023-04-16 04:06:00,3,1.54,1,N,252,157,2,5.49,3.5,0.5,6.07,0.0,1.0,19.06,2.5,0.0
1,2023-04-16 04:16:00,2023-04-16 04:54:00,1,3.1,1,N,6,58,1,24.89,2.5,0.5,2.79,0.0,1.0,31.68,0.0,0.0
1,2023-04-16 05:38:00,2023-04-16 06:36:00,2,0.88,1,N,245,240,1,20.01,0.0,0.5,1.25,0.0,1.0,25.26,2.5,0.0
2,2023-04-16 05:42:00,2023-04-16 06:27:00,1,10.37,1,N,120,78,2,52.86,3.5,0.5,3.52,0.0,1.0,63.88,2.5,0.0
2,2023-04-16 06:03:00,2023-04-16 06:24:00,1,0.9,1,N,210,195,1,5.57,0.0,0.5,6.3,0.0,1.0,13.37,0.0,0.0
2,2023-04-16 08:58:00,2023-04-16 09:32:00,2,4.92,1,N,74,10,1,12.78,3.5,0.5,4.98,0.0,1.0,22.76,0.0,0.0
1,2023-04-16 10:36:00,2023-04-16 11:21:00,1,0.45,2,N,230,1,2,12.0,0.5,0.5,3.67,0.0,1.0,20.17,2.5,0.0
1,2023-04-16 11:18:00,2023-04-16 12:16:00,4,0.38,1,N,247,133,1,12.77,2.5,0.5,6.26,0.0,1.0,25.53,2.5,0.0
2,2023-04-16 11:39:00,2023-04-16 11:58:00,1,1.73,1,N,104,220,2,46.61,2.5,0.5,6.51,6.55,1.0,66.17,2.5,0.0
2,2023-04-16 12:36:00,2023-04-16 13:33:00,1,0.77,1,N,100,13,2,9.44,3.5,0.5,1.07,0.0,1.0,18.01,2.5,0.0
2,2023-04-16 15:17:00,2023-04-16 15:36:00,1,2.2,1,N,36,58,1,14.6,3.5,0.5,2.62,0.0,1.0,22.22,0.0,0.0
2,2023-04-16 17:51:00,2023-04-16 17:59:00,1,3.42,1,N,249,191,1,7.9,1.0,0.5,2.59,0.0,1.0,12.99,0.0,0.0
2,2023-04-16 19:13:00,2023-04-16 19:21:00,4,1.48,1,N,88,183,1,8.82,0.0,0.5,5.78,0.0,1.0,18.6,2.5,0.0
2,2023-04-16 19:20:00,2023-04-16 20:10:00,1,1.47,1,N,210,105,1,34.38,0.0,0.5,1.41,6.55,1.0,46.34,2.5,0.0
1,2023-04-16 22:25:00,2023-04-16 23:07:00,1,2.73,1,N,64,164,2,20.98,1.0,0.5,2.92,0.0,1.0,28.9,2.5,0.0
1,2023-04-16 23:37:00,2023-04-17 00:15:00,1,2.29,1,N,39,221,2,13.63,0.0,0.5,10.62,6.55,1.0,32.3,0.0,0.0
1,2023-04-17 04:09:00,2023-04-17 04:23:00,2,2.07,1,N,248,182,1,13.8,0.0,0.5,9.44,6.55,1.0,33.79,2.5,0.0
2,2023-04-17 04:26:00,2023-04-17 05:17:00,1,9.87,1,N,179,240,1,11.35,0.5,0.5,3.62,6.55,1.0,26.02,2.5,0.0
2,2023-04-17 05:59:00,2023-04-17 06:45:00,2,2.92,1,N,46,201,1,7.05,2.5,0.5,0.23,6.55,1.0,20.33,2.5,0.0
1,2023-04-17 07:17:00,2023-04-17 08:07:00,1,5.6,1,N,207,6,2,6.47,0.0,0.5,0.44,0.0,1.0,12.66,2.5,1.75
2,2023-04-17 08:04:00,2023-04-17 08:44:00,1,2.63,4,N,149,252,1,13.6,0.5,0.5,1.2,6.55,1.0,25.85,2.5,0.0
1,2023-04-17 10:05:00,2023-04-17 10:22:00,4,1.22,1,N,138,154,2,5.85,2.5,0.5,9.22,0.0,1.0,19.07,0.0,0.0
2,2023-04-17 10:22:00,2023-04-17 10:44:00,1,6.09,1,N,195,168,2,14.97,0.0,0.5,0.42,6.55,1.0,25.94,2.5,0.0
2,2023-04-17 13:46:00,2023-04-17 13:51:00,2,2.0,1,N,27,243,2,4.34,2.5,0.5,5.1,0.0,1.0,13.44,0.0,0.0
2,2023-04-17 14:04:00,2023-04-17 14:11:00,1,0.35,1,N,51,209,2,8.11,3.5,0.5,0.22,0.0,1.0,15.83,2.5,0.0
2,2023-04-17 17:46:00,2023-04-17 18:02:00,2,0.82,1,N,34,89,1,17.95,2.5,0.5,5.46,6.55,1.0,36.46,2.5,0.0
2,2023-04-17 19:57:00,2023-04-17 20:11:00,2,3.42,1,N,105,227,1,12.52,0.0,0.5,2.44,0.0,1.0,18.96,2.5,0.0
1,2023-04-17 21:39:00,2023-04-17 21:57:00,1,2.11,1,N,92,102,1,18.41,3.5,0.5,3.06,0.0,1.0,26.47,0.0,0.0
1,2023-04-18 02:26:00,2023-04-18 02:55:00,1,5.24,1,N,226,14,1,19.6,2.5,0.5,2.29,0.0,1.0,28.39,2.5,0.0
2,2023-04-18 02:45:00,2023-04-18 03:08:00,1,6.41,1,N,81,221,2,20.08,2.5,0.5,10.62,0.0,1.0,38.95,2.5,1.75
2,2023-04-18 02:49:00,2023-04-18 03:10:00,4,6.57,1,N,32,207,1,9.32,3.5,0.5,2.85,6.55,1.0,23.72,0.0,0.0
1,2023-04-18 04:43:00,2023-04-18 05:18:00,4,5.98,1,N,89,143,1,11.69,0.0,0.5,8.53,0.0,1.0,23.47,0.0,1.75
1,2023-04-18 06:15:00,2023-04-18 06:29:00,1,1.81,1,N,244,84,1,5.5,3.5,0.5,2.83,6.55,1.0,22.38,2.5,0.0
2,2023-04-18 07:36:00,2023-04-18 07:54:00,1,1.99,1,N,23,130,1,26.16,0.0,0.5,1.85,0.0,1.0,29.51,0.0,0.0
1,2023-04-18 07:42:00,2023-04-18 08:34:00,1,1.22,1,N,38,43,1,7.22,0.5,0.5,0.66,0.0,1.0,12.38,2.5,0.0
1,2023-04-18 08:39:00,2023-04-18 09:15:00,1,0.8,1,N,230,55,1,35.95,3.5,0.5,1.27,0.0,1.0,46.47,2.5,1.75
1,2023-04-18 09:06:00,2023-04-18 09:20:00,1,0.79,1,N,89,111,1,12.53,3.5,0.5,14.57,0.0,1.0,34.6,2.5,0.0
1,2023-04-18 10:12:00,2023-04-18 10:35:00,2,1.32,1,N,190,67,1,16.49,2.5,0.5,5.49,6.55,1.0,35.03,2.5,0.0
1,2023-04-18 10:17:00,2023-04-18 10:32:00,1,0.59,1,N,241,14,1,11.14,0.0,0.5,0.94,0.0,1.0,15.33,0.0,1.75
1,2023-04-18 10:41:00,2023-04-18 10:50:00,3,1.68,4,N,191,198,1,52.38,0.5,0.5,2.9,0.0,1.0,59.78,2.5,0.0
2,2023-04-18 11:42:00,2023-04-18 11:56:00,1,1.13,1,N,259,10,1,3.77,2.5,0.5,0.74,0.0,1.0,11.01,2.5,0.0
1,2023-04-18 16:23:00,2023-04-18 17:21:00,4,2.43,1,N,55,216,1,37.37,1.0,0.5,2.63,0.0,1.0,45.0,2.5,0.0
1,2023-04-18 20:09:00,2023-04-18 20:39:00,1,4.85,1,N,119,64,2,5.6,2.5,0.5,1.59,6.55,1.0,17.74,0.0,0.0
2,2023-04-18 21:04:00,2023-04-18 21:57:00,1,0.55,1,N,235,187,1,18.51,2.5,0.5,0.37,6.55,1.0,29.43,0.0,0.0
2,2023-04-18 21:38:00,2023-04-18 22:02:00,1,1.64,1,N,237,47,1,3.2,1.0,0.5,2.49,6.55,1.0,14.74,0.0,0.0
2,2023-04-18 23:29:00,2023-04-19 00:00:00,1,1.94,1,N,12,181,1,4.47,0.5,0.5,5.5,0.0,1.0,11.97,0.0,0.0
2,2023-04-19 00:56:00,2023-04-19 01:54:00,1,0.46,1,N,12,32,1,15.6,1.0,0.5,2.11,6.55,1.0,29.26,2.5,0.0
1,2023-04-19 02:26:00,2023-04-19 02:50:00,1,1.53,1,N,21,150,1,22.1,0.0,0.5,0.68,0.0,1.0,26.78,2.5,0.0
1,2023-04-19 02:43:00,2023-04-19 02:51:00,1,5.34,1,N,86,77,1,7.56,2.5,0.5,0.12,0.0,1.0,11.68,0.0,0.0
1,2023-04-19 07:49:00,2023-04-19 07:57:00,2,2.53,1,N,251,165,1,38.78,0.5,0.5,4.58,0.0,1.0,47.86,2.5,0.0
1,2023-04-19 09:18:00,2023-04-19 09:32:00,1,7.12,1,N,57,262,4,3.4,3.5,0.5,0.61,0.0,1.0,11.51,2.5,0.0
1,2023-04-19 09:44:00,2023-04-19 09:57:00,3,1.31,1,N,226,87,1,7.06,0.5,0.5,2.54,0.0,1.0,11.6,0.0,0.0
2,2023-04-19 11:42:00,2023-04-19 12:39:00,3,1.68,1,N,237,124,3,28.11,1.0,0.5,10.29,6.55,1.0,49.95,2.5,0.0
2,2023-04-19 12:15:00,2023-04-19 12:41:00,1,3.78,1,N,39,249,2,25.07,0.0,0.5,3.6,0.0,1.0,32.67,2.5,0.0
2,2023-04-19 15:50:00,2023-04-19 16:20:00,1,5.42,1,N,60,89,1,19.71,1.0,0.5,3.56,6.55,1.0,34.82,2.5,0.0
2,2023-04-19 16:18:00,2023-04-19 16:38:00,2,4.81,1,N,204,41,2,11.5,0.0,0.5,3.28,6.55,1.0,25.33,2.5,0.0
2,2023-04-19 17:02:00,2023-04-19 17:27:00,3,1.9,1,N,203,255,2,21.22,0.5,0.5,0.88,6.55,1.0,32.4,0.0,1.75
1,2023-04-19 17:30:00,2023-04-19 18:19:00,2,1.45,1,N,56,167,1,3.83,1.0,0.5,1.63,0.0,1.0,9.71,0.0,1.75
2,2023-04-19 20:10:00,2023-04-19 20:40:00,3,4.03,1,N,101,229,2,12.83,2.5,0.5,0.43,0.0,1.0,19.76,2.5,0.0
1,2023-04-19 22:37:00,2023-04-19 22:54:00,1,3.21,1,N,43,39,1,3.06,3.5,0.5,0.43,6.55,1.0,17.54,2.5,0.0
2,2023-04-19 23:51:00,2023-04-20 00:32:00,1,1.65,1,N,96,214,1,6.99,3.5,0.5,0.97,6.55,1.0,22.01,2.5,0.0
2,2023-04-20 00:29:00,2023-04-20 01:06:00,1,1.51,1,N,25,257,1,17.89,2.5,0.5,1.4,6.55,1.0,34.09,2.5,1.75
2,2023-04-20 02:07:00,2023-04-20 02:32:00,1,1.59,1,N,253,22,1,3.98,2.5,0.5,2.8,0.0,1.0,13.28,2.5,0.0
2,2023-04-20 03:24:00,2023-04-20 03:36:00,1,1.35,1,N,160,109,1,3.3,0.0,0.5,7.42,6.55,1.0,21.27,2.5,0.0
1,2023-04-20 03:55:00,2023-04-20 04:24:00,1,2.66,1,N,111,173,2,3.99,0.5,0.5,0.49,0.0,1.0,8.98,2.5,0.0
2,2023-04-20 08:22:00,2023-04-20 09:13:00,3,4.31,1,N,47,30,1,18.27,1.0,0.5,7.71,6.55,1.0,37.53,2.5,0.0
2,2023-04-20 09:04:00,2023-04-20 09:34:00,1,7.66,1,N,190,243,1,4.06,0.5,0.5,0.52,0.0,1.0,9.08,2.5,0.0
2,2023-04-20 09:47:00,2023-04-20 10:23:00,1,4.25,1,N,229,251,1,22.85,1.0,0.5,0.07,6.55,1.0,34.47,2.5,0.0
1,2023-04-20 09:50:00,2023-04-20 10:25:00,1,1.26,1,N,101,215,1,4.46,3.5,0.5,0.32,0.0,1.0,12.28,2.5,0.0
2,2023-04-20 10:24:00,2023-04-20 10:36:00,1,10.06,1,N,235,233,1,7.63,3.5,0.5,1.17,6.55,1.0,22.85,2.5,0.0
1,2023-04-20 10:48:00,2023-04-20 11:20:00,1,2.69,1,N,212,180,1,4.44,2.5,0.5,0.96,6.55,1.0,17.7,0.0,1.75
2,2023-04-20 11:16:00,2023-04-20 11:37:00,2,4.26,1,N,232,5,1,3.24,2.5,0.5,10.6,6.55,1.0,24.39,0.0,0.0
2,2023-04-20 11:41:00,2023-04-20 11:49:00,3,3.41,1,N,170,133,1,40.56,3.5,0.5,5.23,0.0,1.0,53.29,2.5,0.0
1,2023-04-20 12:22:00,2023-04-20 12:27:00,1,2.36,1,N,172,118,2,6.74,3.5,0.5,2.83,6.55,1.0,25.37,2.5,1.75
1,2023-04-20 12:49:00,2023-04-20 13:20:00,1,1.0,1,N,11,20,1,9.27,2.5,0.5,4.72,0.0,1.0,19.74,0.0,1.75
1,2023-04-20 12:52:00,2023-04-20 13:50:00,1,12.12,4,N,145,202,1,17.39,0.0,0.5,3.66,6.55,1.0,31.6,2.5,0.0
1,2023-04-20 13:13:00,2023-04-20 13:36:00,1,0.95,1,N,5,28,1,9.46,2.5,0.5,3.99,0.0,1.0,19.95,2.5,0.0
1,2023-04-20 13:55:00,2023-04-20 14:24:00,3,0.37,1,N,105,158,1,16.21,2.5,0.5,2.91,0.0,1.0,25.62,2.5,0.0
2,2023-04-20 18:16:00,2023-04-20 18:35:00,1,1.71,1,N,6,230,1,6.84,0.0,0.5,0.96,0.0,1.0,11.8,2.5,0.0
2,2023-04-20 20:15:00,2023-04-20 20:46:00,3,0.46,1,N,99,23,1,7.13,2.5,0.5,7.83,6.55,1.0,28.01,2.5,0.0
2,2023-04-20 20:51:00,2023-04-20 21:36:00,2,2.87,1,N,216,17,1,28.92,3.5,0.5,0.58,0.0,1.0,37.0,2.5,0.0
1,2023-04-20 22:05:00,2023-04-20 22:32:00,1,2.0,1,N,244,221,2,6.39,1.0,0.5,0.18,0.0,1.0,9.07,0.0,0.0
1,2023-04-20 22:58:00,2023-04-20 23:15:00,5,0.83,1,N,72,259,1,17.54,0.0,0.5,0.26,0.0,1.0,19.3,0.0,0.0
1,2023-04-21 01:17:00,2023-04-21 01:41:00,2,2.35,1,N,109,109,1,94.23,2.5,0.5,5.0,0.0,1.0,105.73,2.5,0.0
2,2023-04-21 01:32:00,2023-04-21 02:13:00,1,0.76,1,N,12,7,2,12.74,1.0,0.5,0.8,0.0,1.0,18.54,2.5,0.0
2,2023-04-21 01:58:00,2023-04-21 02:26:00,1,1.08,1,N,74,81,1,5.03,0.0,0.5,4.11,0.0,1.0,13.14,2.5,0.0
2,2023-04-21 03:08:00,2023-04-21 03:55:00,1,19.22,1,N,70,203,1,24.04,3.5,0.5,8.19,6.55,1.0,46.28,2.5,0.0
1,2023-04-21 03:18:00,2023-04-21 04:15:00,1,0.94,1,N,18,202,1,6.96,0.5,0.5,0.88,0.0,1.0,9.84,0.0,0.0
2,2023-04-21 06:03:00,2023-04-21 06:49:00,1,1.54,1,N,36,177,2,19.81,0.0,0.5,6.03,6.55,1.0,36.39,2.5,0.0
1,2023-04-21 06:08:00,2023-04-21 06:34:00,4,2.15,1,N,161,14,3,14.75,1.0,0.5,1.35,6.55,1.0,25.15,0.0,0.0
1,2023-04-21 07:03:00,2023-04-21 07:59:00,1,0.47,1,N,114,31,1,23.25,3.5,0.5,2.14,6.55,1.0,39.44,2.5,0.0
1,2023-04-21 10:34:00,2023-04-21 11:31:00,1,1.71,1,N,186,30,1,3.66,0.5,0.5,11.69,0.0,1.0,19.85,2.5,0.0
2,2023-04-21 11:34:00,2023-04-21 12:25:00,1,3.15,1,N,23,184,1,5.23,0.5,0.5,3.22,0.0,1.0,12.2,0.0,1.75
2,2023-04-21 12:12:00,2023-04-21 12:50:00,2,3.64,1,N,44,13,1,15.49,1.0,0.5,0.82,0.0,1.0,21.31,2.5,0.0
1,2023-04-21 12:43:00,2023-04-21 13:41:00,1,0.54,1,N,185,144,1,27.33,0.5,0.5,5.68,0.0,1.0,35.01,0.0,0.0
1,2023-04-21 13:24:00,2023-04-21 13:39:00,1,1.84,1,N,7,211,2,36.18,0.0,0.5,2.89,6.55,1.0,49.62,2.5,0.0
2,2023-04-21 13:30:00,2023-04-21 13:47:00,1,0.67,1,N,264,11,2,7.82,1.0,0.5,9.92,0.0,1.0,24.49,2.5,1.75
2,2023-04-21 14:52:00,2023-04-21 15:48:00,1,4.21,1,N,255,37,1,9.1,1.0,0.5,2.32,0.0,1.0,16.42,2.5,0.0
1,2023-04-21 16:19:00,2023-04-21 16:25:00,2,3.95,1,N,31,236,1,9.1,0.0,0.5,0.98,0.0,1.0,14.08,2.5,0.0
2,2023-04-21 16:20:00,2023-04-21 16:48:00,1,1.53,1,N,159,92,1,18.64,2.5,0.5,0.75,6.55,1.0,32.44,2.5,0.0
2,2023-04-21 17:56:00,2023-04-21 18:31:00,2,1.06,1,N,249,160,1,31.26,3.5,0.5,0.97,0.0,1.0,37.23,0.0,0.0
1,2023-04-21 18:04:00,2023-04-21 18:39:00,1,0.54,1,N,239,170,2,4.6,3.5,0.5,1.87,6.55,1.0,20.52,2.5,0.0
2,2023-04-22 00:42:00,2023-04-22 00:57:00,3,1.34,1,N,186,69,1,6.19,2.5,0.5,4.99,6.55,1.0,24.23,2.5,0.0
1,2023-04-22 00:52:00,2023-04-22 01:01:00,1,2.69,1,N,86,69,1,17.97,0.0,0.5,0.47,6.55,1.0,30.74,2.5,1.75
2,2023-04-22 04:01:00,2023-04-22 04:12:00,1,1.27,1,N,90,42,4,11.54,2.5,0.5,0.4,6.55,1.0,22.49,0.0,0.0
1,2023-04-22 05:56:00,2023-04-22 06:16:00,1,0.47,4,N,14,110,1,6.93,0.0,0.5,1.66,0.0,1.0,14.34,2.5,1.75
1,2023-04-22 08:52:00,2023-04-22 08:59:00,3,1.09,1,N,138,108,1,23.59,2.5,0.5,1.89,0.0,1.0,31.98,2.5,0.0
2,2023-04-22 09:01:00,2023-04-22 09:25:00,1,1.73,1,N,198,234,1,3.84,0.5,0.5,0.47,0.0,1.0,8.81,2.5,0.0
2,2023-04-22 15:21:00,2023-04-22 15:37:00,1,3.52,1,N,15,126,1,17.61,0.0,0.5,0.46,0.0,1.0,19.57,0.0,0.0
2,2023-04-22 15:35:00,2023-04-22 16:15:00,3,1.46,2,N,115,257,1,17.68,3.5,0.5,1.35,6.55,1.0,33.08,2.5,0.0
1,2023-04-22 18:08:00,2023-04-22 18:57:00,1,3.25,1,N,222,129,1,7.09,1.0,0.5,1.05,6.55,1.0,19.69,2.5,0.0
1,2023-04-22 20:41:00,2023-04-22 21:16:00,1,0.97,1,N,139,109,1,7.37,1.0,0.5,8.99,0.0,1.0,21.36,2.5,0.0
1,2023-04-22 20:41:00,2023-04-22 21:19:00,1,1.59,1,N,106,40,1,24.95,2.5,0.5,2.92,6.55,1.0,40.92,2.5,0.0
2,2023-04-23 02:45:00,2023-04-23 02:57:00,1,4.84,1,N,81,219,1,22.06,0.5,0.5,0.87,0.0,1.0,27.43,2.5,0.0
2,2023-04-23 05:53:00,2023-04-23 06:50:00,1,1.8,1,N,244,221,1,36.52,2.5,0.5,1.98,0.0,1.0,45.0,2.5,0.0
1,2023-04-23 08:19:00,2023-04-23 08:43:00,3,2.31,1,N,130,239,1,4.24,3.5,0.5,2.5,6.55,1.0,20.79,2.5,0.0
2,2023-04-23 12:02:00,2023-04-23 12:25:00,2,0.94,1,N,78,258,1,4.33,0.5,0.5,0.72,6.55,1.0,16.1,2.5,0.0
2,2023-04-23 19:01:00,2023-04-23 19:14:00,1,0.61,1,N,147,138,1,15.54,2.5,0.5,1.21,6.55,1.0,27.3,0.0,0.0
1,2023-04-23 20:11:00,2023-04-23 20:30:00,1,5.98,1,N,29,241,1,4.14,3.5,0.5,0.02,0.0,1.0,11.66,2.5,0.0
1,2023-04-23 22:24:00,2023-04-23 22:39:00,1,7.88,1,N,215,94,1,8.92,3.5,0.5,3.76,0.0,1.0,20.18,2.5,0.0
2,2023-04-24 00:57:00,2023-04-24 01:31:00,3,1.51,1,N,103,64,1,24.02,1.0,0.5,0.56,0.0,1.0,31.33,2.5,1.75
2,2023-04-24 04:22:00,2023-04-24 05:00:00,1,1.84,1,N,42,111,1,15.47,2.5,0.5,0.56,0.0,1.0,24.28,2.5,1.75
1,2023-04-24 04:33:00,2023-04-24 05:13:00,1,4.02,1,N,84,26,4,6.04,3.5,0.5,9.59,0.0,1.0,23.13,2.5,0.0
2,2023-04-24 05:18:00,2023-04-24 05:47:00,1,2.97,1,N,24,224,2,25.92,3.5,0.5,6.1,6.55,1.0,46.07,2.5,0.0
1,2023-04-24 05:32:00,2023-04-24 05:58:00,1,3.01,1,N,235,63,2,17.79,0.5,0.5,5.81,6.55,1.0,33.9,0.0,1.75
2,2023-04-24 07:47:00,2023-04-24 08:23:00,1,0.38,1,N,87,178,1,4.57,3.5,0.5,0.35,0.0,1.0,14.17,2.5,1.75
2,2023-04-24 08:44:00,2023-04-24 09:11:00,1,0.41,1,N,212,69,1,16.64,0.5,0.5,1.82,0.0,1.0,22.96,2.5,0.0
2,2023-04-24 09:13:00,2023-04-24 09:31:00,1,4.28,1,N,30,17,4,3.88,0.0,0.5,0.95,6.55,1.0,15.38,2.5,0.0
1,2023-04-24 11:22:00,2023-04-24 11:29:00,2,1.08,1,N,204,188,1,3.22,2.5,0.5,3.08,6.55,1.0,16.85,0.0,0.0
2,2023-04-24 15:19:00,2023-04-24 15:41:00,2,0.8,1,N,6,110,2,4.95,0.0,0.5,3.38,0.0,1.0,12.33,2.5,0.0
1,2023-04-24 18:34:00,2023-04-24 19:16:00,1,3.95,2,N,231,124,2,3.72,0.0,0.5,3.7,0.0,1.0,8.92,0.0,0.0
1,2023-04-24 18:56:00,2023-04-24 19:47:00,4,2.43,1,N,240,88,1,6.82,3.5,0.5,1.44,6.55,1.0,19.81,0.0,0.0
1,2023-04-24 21:11:00,2023-04-24 21:30:00,1,4.06,1,N,165,139,1,12.94,1.0,0.5,1.76,0.0,1.0,17.2,0.0,0.0
1,2023-04-24 22:13:00,2023-04-24 22:42:00,1,0.57,1,N,138,228,1,9.09,3.5,0.5,1.63,6.55,1.0,22.27,0.0,0.0
1,2023-04-24 22:34:00,2023-04-24 23:32:00,1,2.18,1,N,206,42,1,14.57,0.5,0.5,2.47,0.0,1.0,21.54,2.5,0.0
2,2023-04-24 23:34:00,2023-04-24 23:58:00,2,0.46,1,N,231,131,1,33.53,0.5,0.5,1.85,0.0,1.0,37.38,0.0,0.0
2,2023-04-25 08:45:00,2023-04-25 09:32:00,3,3.48,1,N,146,183,1,4.72,0.5,0.5,1.02,6.55,1.0,16.79,2.5,0.0
2,2023-04-25 09:26:00,2023-04-25 10:24:00,1,9.54,1,N,263,166,1,8.17,2.5,0.5,6.27,0.0,1.0,18.44,0.0,0.0
2,2023-04-25 12:19:00,2023-04-25 12:37:00,1,2.22,1,N,240,173,1,15.6,3.5,0.5,0.77,6.55,1.0,32.17,2.5,1.75
1,2023-04-25 16:09:00,2023-04-25 16:16:00,4,2.5,1,N,250,88,1,26.63,1.0,0.5,7.59,0.0,1.0,39.22,2.5,0.0
2,2023-04-25 16:20:00,2023-04-25 17:02:00,1,5.98,1,N,19,262,3,37.5,0.0,0.5,0.1,0.0,1.0,43.35,2.5,1.75
2,2023-04-25 16:39:00,2023-04-25 17:22:00,1,1.28,1,N,86,142,1,4.65,1.0,0.5,1.14,6.55,1.0,17.34,2.5,0.0
1,2023-04-25 18:49:00,2023-04-25 19:01:00,1,0.66,1,N,247,67,2,18.79,2.5,0.5,1.45,0.0,1.0,24.24,0.0,0.0
1,2023-04-25 21:01:00,2023-04-25 21:07:00,2,2.69,1,N,14,141,1,20.46,0.0,0.5,0.63,6.55,1.0,31.64,2.5,0.0
1,2023-04-25 23:35:00,2023-04-25 23:41:00,1,2.86,1,N,45,227,2,27.55,0.0,0.5,0.18,0.0,1.0,31.73,2.5,0.0
1,2023-04-26 03:58:00,2023-04-26 04:16:00,2,1.99,1,N,185,132,1,12.47,0.5,0.5,2.7,0.0,1.0,19.67,2.5,0.0
2,2023-04-26 04:33:00,2023-04-26 05:03:00,1,6.58,1,N,22,97,1,7.93,0.5,0.5,1.19,6.55,1.0,20.17,2.5,0.0
2,2023-04-26 05:37:00,2023-04-26 06:02:00,3,0.82,1,N,234,79,1,5.56,0.5,0.5,0.26,6.55,1.0,16.87,2.5,0.0
1,2023-04-26 11:17:00,2023-04-26 12:04:00,1,6.89,1,N,22,185,1,16.32,1.0,0.5,3.57,6.55,1.0,28.94,0.0,0.0
2,2023-04-26 13:25:00,2023-04-26 14:06:00,5,7.72,1,N,113,141,1,6.94,2.5,0.5,2.68,0.0,1.0,16.12,2.5,0.0
1,2023-04-26 14:32:00,2023-04-26 14:52:00,3,3.88,1,N,223,177,1,3.56,2.5,0.5,2.2,6.55,1.0,18.81,2.5,0.0
2,2023-04-26 18:23:00,2023-04-26 18:38:00,1,4.5,1,N,92,262,2,9.43,0.5,0.5,0.2,0.0,1.0,14.13,2.5,0.0
1,2023-04-26 19:42:00,2023-04-26 20:16:00,3,1.47,1,N,159,199,1,18.1,2.5,0.5,3.1,0.0,1.0,27.7,2.5,0.0
1,2023-04-26 21:32:00,2023-04-26 21:44:00,1,2.18,1,N,208,121,1,4.61,2.5,0.5,9.08,6.55,1.0,26.74,2.5,0.0
1,2023-04-26 22:06:00,2023-04-26 22:12:00,2,0.53,1,N,170,110,1,42.51,0.0,0.5,0.17,0.0,1.0,46.68,2.5,0.0
1,2023-04-26 23:01:00,2023-04-26 23:47:00,1,2.01,1,N,182,78,1,5.71,0.0,0.5,0.75,0.0,1.0,10.46,2.5,0.0
2,2023-04-27 04:00:00,2023-04-27 04:33:00,1,2.11,1,N,156,184,2,12.01,2.5,0.5,0.88,6.55,1.0,25.94,2.5,0.0
2,2023-04-27 04:12:00,2023-04-27 04:37:00,1,0.4,1,N,259,116,1,3.24,1.0,0.5,3.37,0.0,1.0,11.61,2.5,0.0
2,2023-04-27 07:17:00,2023-04-27 07:34:00,1,10.59,1,N,13,53,1,7.46,3.5,0.5,9.0,6.55,1.0,30.51,2.5,0.0
2,2023-04-27 08:07:00,2023-04-27 08:24:00,1,0.89,1,N,29,211,2,15.04,2.5,0.5,0.07,0.0,1.0,21.61,2.5,0.0
2,2023-04-27 10:07:00,2023-04-27 10:33:00,1,11.41,1,N,245,225,1,27.93,3.5,0.5,4.09,6.55,1.0,43.57,0.0,0.0
2,2023-04-27 14:16:00,2023-04-27 14:57:00,1,1.97,1,N,64,136,1,13.22,2.5,0.5,3.35,0.0,1.0,23.07,2.5,0.0
2,2023-04-27 16:17:00,2023-04-27 16:31:00,5,2.06,1,N,77,194,1,32.45,2.5,0.5,3.9,0.0,1.0,44.6,2.5,1.75
2,2023-04-27 17:52:00,2023-04-27 18:13:00,1,0.48,1,N,149,85,1,9.43,0.0,0.5,2.03,6.55,1.0,19.51,0.0,0.0
1,2023-04-27 22:23:00,2023-04-27 23:08:00,1,2.11,1,N,226,58,1,15.54,3.5,0.5,5.52,0.0,1.0,28.56,2.5,0.0
1,2023-04-28 00:04:00,2023-04-28 00:15:00,1,3.47,1,N,179,233,4,8.53,0.0,0.5,1.32,6.55,1.0,20.4,2.5,0.0
1,2023-04-28 00:22:00,2023-04-28 01:09:00,1,7.98,1,N,127,250,1,17.4,1.0,0.5,3.88,6.55,1.0,30.33,0.0,0.0
1,2023-04-28 02:16:00,2023-04-28 02:37:00,1,1.92,1,N,56,185,1,31.33,1.0,0.5,0.19,6.55,1.0,43.07,2.5,0.0
2,2023-04-28 05:05:00,2023-04-28 05:39:00,1,1.86,1,N,31,164,2,25.48,0.5,0.5,2.65,6.55,1.0,36.68,0.0,0.0
2,2023-04-28 08:04:00,2023-04-28 08:26:00,1,2.24,1,N,52,224,1,22.27,0.5,0.5,0.07,0.0,1.0,24.34,0.0,0.0
2,2023-04-28 15:59:00,2023-04-28 16:18:00,2,2.22,1,N,51,126,1,26.04,3.5,0.5,4.23,0.0,1.0,37.77,2.5,0.0
1,2023-04-28 17:30:00,2023-04-28 18:05:00,1,1.03,1,N,233,240,2,27.1,0.0,0.5,1.03,0.0,1.0,32.13,2.5,0.0
2,2023-04-29 00:14:00,2023-04-29 00:54:00,1,0.83,1,N,25,20,1,22.74,0.0,0.5,5.02,6.55,1.0,40.06,2.5,1.75
2,2023-04-29 03:02:00,2023-04-29 04:01:00,1,3.53,1,N,169,264,1,23.59,0.0,0.5,4.65,0.0,1.0,32.24,2.5,0.0
2,2023-04-29 04:22:00,2023-04-29 04:36:00,2,7.42,2,N,264,97,1,8.78,0.5,0.5,2.01,6.55,1.0,21.84,2.5,0.0
2,2023-04-29 04:45:00,2023-04-29 05:05:00,1,3.4,1,N,156,47,1,9.99,1.0,0.5,7.9,0.0,1.0,22.89,2.5,0.0
2,2023-04-29 10:01:00,2023-04-29 10:34:00,1,1.73,1,N,256,28,2,12.75,0.5,0.5,1.55,0.0,1.0,18.8,2.5,0.0
2,2023-04-29 13:33:00,2023-04-29 14:18:00,1,3.07,4,N,85,158,2,18.82,0.5,0.5,5.88,6.55,1.0,35.75,2.5,0.0
2,2023-04-29 15:43:00,2023-04-29 16:40:00,2,1.38,1,N,48,25,2,13.08,3.5,0.5,0.23,6.55,1.0,27.36,2.5,0.0
1,2023-04-29 17:08:00,2023-04-29 17:34:00,1,2.56,3,N,129,165,1,8.23,2.5,0.5,0.12,6.55,1.0,18.9,0.0,0.0
2,2023-04-29 17:16:00,2023-04-29 18:09:00,1,1.3,1,N,128,93,1,6.59,0.5,0.5,0.22,0.0,1.0,11.31,2.5,0.0
2,2023-04-29 17:23:00,2023-04-29 17:34:00,4,1.39,1,N,84,12,1,10.0,3.5,0.5,6.16,0.0,1.0,23.66,2.5,0.0
2,2023-04-29 18:33:00,2023-04-29 19:25:00,4,12.16,1,N,237,56,1,27.35,1.0,0.5,0.1,6.55,1.0,39.0,2.5,0.0
2,2023-04-29 22:37:00,2023-04-29 23:16:00,2,2.27,1,N,108,140,1,28.14,1.0,0.5,0.66,0.0,1.0,31.3,0.0,0.0
1,2023-04-29 23:49:00,2023-04-30 00:36:00,1,1.84,1,N,6,171,1,9.45,3.5,0.5,1.61,6.55,1.0,25.11,2.5,0.0
2,2023-04-30 00:29:00,2023-04-30 00:37:00,4,2.81,1,N,93,253,2,12.48,2.5,0.5,0.8,6.55,1.0,26.33,2.5,0.0
2,2023-04-30 03:01:00,2023-04-30 03:59:00,1,2.99,1,N,133,201,1,5.67,0.5,0.5,0.5,6.55,1.0,17.22,2.5,0.0
2,2023-04-30 04:16:00,2023-04-30 04:37:00,1,2.18,1,N,222,91,1,20.44,3.5,0.5,1.96,0.0,1.0,29.9,2.5,0.0
2,2023-04-30 07:49:00,2023-04-30 08:38:00,1,4.5,1,N,160,147,1,6.22,2.5,0.5,4.45,0.0,1.0,14.67,0.0,0.0
2,2023-04-30 07:56:00,2023-04-30 08:27:00,1,10.72,2,N,126,140,2,22.8,3.5,0.5,7.82,6.55,1.0,44.67,2.5,0.0
2,2023-04-30 08:50:00,2023-04-30 09:07:00,3,0.84,1,N,105,41,1,14.09,3.5,0.5,0.92,0.0,1.0,24.26,2.5,1.75
1,2023-04-30 09:18:00,2023-04-30 09:27:00,3,1.08,1,N,67,197,1,9.49,2.5,0.5,0.4,6.55,1.0,22.94,2.5,0.0
2,2023-04-30 14:57:00,2023-04-30 15:10:00,1,0.96,1,N,63,9,1,8.46,3.5,0.5,4.05,0.0,1.0,19.26,0.0,1.75
1,2023-04-30 15:15:00,2023-04-30 15:55:00,4,1.21,1,N,146,30,1,5.19,0.5,0.5,2.79,6.55,1.0,19.03,2.5,0.0
1,2023-04-30 15:52:00,2023-04-30 16:21:00,1,0.73,1,N,259,241,3,5.56,2.5,0.5,0.18,0.0,1.0,12.24,2.5,0.0
1,2023-04-30 19:02:00,2023-04-30 19:18:00,1,0.75,1,N,159,17,1,5.3,0.5,0.5,2.99,0.0,1.0,12.79,2.5,0.0
2,2023-04-30 19:02:00,2023-04-30 20:01:00,1,2.31,1,N,149,77,1,14.17,3.5,0.5,2.53,0.0,1.0,25.95,2.5,1.75
2,2023-04-30 21:26:00,2023-04-30 22:19:00,1,3.58,1,N,244,146,1,5.13,2.5,0.5,14.58,6.55,1.0,34.51,2.5,1.75
2,2023-05-01 00:57:00,2023-05-01 01:37:00,1,3.46,1,N,177,113,1,3.08,1.0,0.5,3.96,6.55,1.0,18.59,2.5,0.0
2,2023-05-01 05:15:00,2023-05-01 05:58:00,1,0.9,1,N,216,62,2,11.09,1.0,0.5,14.26,6.55,1.0,36.9,2.5,0.0
2,2023-05-01 08:31:00,2023-05-01 08:46:00,1,0.67,1,N,205,255,1,7.2,1.0,0.5,1.74,0.0,1.0,13.19,0.0,1.75
2,2023-05-01 10:16:00,2023-05-01 10:21:00,1,1.21,1,N,40,209,1,11.21,1.0,0.5,8.79,0.0,1.0,22.5,0.0,0.0
2,2023-05-01 10:23:00,2023-05-01 11:12:00,1,3.4,1,N,74,19,1,3.89,3.5,0.5,1.23,6.55,1.0,19.17,2.5,0.0
2,2023-05-01 12:12:00,2023-05-01 12:57:00,2,0.85,1,N,236,50,1,8.19,3.5,0.5,2.28,0.0,1.0,17.97,2.5,0.0
2,2023-05-01 13:35:00,2023-05-01 14:12:00,1,8.4,1,N,237,165,1,38.91,0.0,0.5,5.78,0.0,1.0,48.69,2.5,0.0
2,2023-05-01 18:15:00,2023-05-01 18:33:00,2,3.12,2,N,59,198,1,22.07,0.5,0.5,5.84,0.0,1.0,29.91,0.0,0.0
2,2023-05-01 18:41:00,2023-05-01 19:20:00,1,6.53,1,N,201,204,1,4.87,0.0,0.5,0.13,0.0,1.0,6.5,0.0,0.0
2,2023-05-01 20:23:00,2023-05-01 21:15:00,1,0.96,1,N,96,110,1,16.01,0.5,0.5,5.16,0.0,1.0,25.67,2.5,0.0
2,2023-05-01 20:37:00,2023-05-01 21:06:00,4,7.96,1,N,244,28,2,22.87,2.5,0.5,15.0,0.0,1.0,44.37,2.5,0.0
1,2023-05-02 00:53:00,2023-05-02 01:33:00,1,0.69,1,N,9,189,1,9.49,0.5,0.5,1.74,0.0,1.0,14.98,0.0,1.75
2,2023-05-02 10:35:00,2023-05-02 11:31:00,1,6.0,1,N,119,51,1,9.55,1.0,0.5,2.94,0.0,1.0,17.49,2.5,0.0
1,2023-05-02 11:44:00,2023-05-02 11:58:00,1,1.48,1,N,123,71,2,39.04,1.0,0.5,3.18,0.0,1.0,44.72,0.0,0.0
2,2023-05-02 12:46:00,2023-05-02 13:40:00,1,0.98,1,N,79,36,1,5.91,1.0,0.5,3.05,0.0,1.0,13.96,2.5,0.0
2,2023-05-02 14:41:00,2023-05-02 15:09:00,1,3.66,1,N,172,213,1,9.97,0.0,0.5,0.08,6.55,1.0,18.1,0.0,0.0
1,2023-05-02 16:03:00,2023-05-02 16:55:00,1,1.33,1,N,231,127,2,4.86,0.5,0.5,2.63,0.0,1.0,11.99,2.5,0.0
1,2023-05-02 16:11:00,2023-05-02 16:18:00,3,2.92,1,N,39,139,1,16.24,2.5,0.5,1.36,0.0,1.0,24.1,2.5,0.0
1,2023-05-02 19:19:00,2023-05-02 20:15:00,1,4.78,1,N,5,170,1,6.04,0.5,0.5,1.83,0.0,1.0,14.12,2.5,1.75
2,2023-05-02 22:35:00,2023-05-02 22:45:00,1,1.17,1,N,106,49,4,8.51,0.0,0.5,5.12,6.55,1.0,24.18,2.5,0.0
2,2023-05-02 22:47:00,2023-05-02 23:37:00,1,2.87,1,N,27,207,1,18.22,3.5,0.5,1.5,0.0,1.0,27.22,2.5,0.0
2,2023-05-03 01:27:00,2023-05-03 01:51:00,1,1.4,1,N,120,165,1,8.27,0.0,0.5,0.01,0.0,1.0,9.78,0.0,0.0
2,2023-05-03 03:55:00,2023-05-03 04:22:00,1,6.4,1,N,143,85,1,3.91,1.0,0.5,1.51,6.55,1.0,18.72,2.5,1.75
2,2023-05-03 05:57:00,2023-05-03 06:21:00,1,3.53,1,N,251,173,1,30.63,0.0,0.5,1.58,0.0,1.0,36.21,2.5,0.0
1,2023-05-03 06:32:00,2023-05-03 06:54:00,1,3.05,1,N,124,81,1,9.16,0.0,0.5,10.8,0.0,1.0,23.96,2.5,0.0
2,2023-05-03 06:36:00,2023-05-03 07:12:00,2,1.06,1,N,203,91,1,4.09,3.5,0.5,2.47,0.0,1.0,14.06,2.5,0.0
1,2023-05-03 06:49:00,2023-05-03 07:15:00,1,2.53,1,N,6,89,1,16.0,2.5,0.5,0.35,0.0,1.0,22.85,2.5,0.0
1,2023-05-03 08:08:00,2023-05-03 08:49:00,1,2.03,1,N,50,74,2,8.56,3.5,0.5,0.11,0.0,1.0,16.17,2.5,0.0
2,2023-05-03 10:18:00,2023-05-03 11:00:00,2,6.05,1,N,28,37,1,37.36,0.0,0.5,0.07,6.55,1.0,49.73,2.5,1.75
2,2023-05-03 11:15:00,2023-05-03 11:57:00,1,12.47,1,N,12,95,1,23.38,2.5,0.5,0.85,0.0,1.0,30.73,2.5,0.0
2,2023-05-03 15:35:00,2023-05-03 16:06:00,3,0.94,1,N,38,231,1,4.77,2.5,0.5,0.45,6.55,1.0,15.77,0.0,0.0
2,2023-05-03 17:43:00,2023-05-03 18:16:00,1,0.83,1,N,5,116,1,6.14,0.0,0.5,6.53,0.0,1.0,16.67,2.5,0.0
2,2023-05-03 18:46:00,2023-05-03 19:16:00,1,1.5,1,N,35,97,1,18.3,1.0,0.5,0.28,6.55,1.0,30.13,2.5,0.0
2,2023-05-03 21:28:00,2023-05-03 21:42:00,1,1.85,1,N,258,106,1,13.31,0.0,0.5,0.92,0.0,1.0,18.23,2.5,0.0
2,2023-05-04 00:44:00,2023-05-04 01:11:00,1,2.31,1,N,245,56,1,3.91,3.5,0.5,0.61,0.0,1.0,9.52,0.0,0.0
2,2023-05-04 01:55:00,2023-05-04 02:16:00,1,3.59,1,N,40,45,1,7.18,2.5,0.5,2.69,6.55,1.0,22.92,2.5,0.0
2,2023-05-04 02:01:00,2023-05-04 02:12:00,1,1.54,1,N,234,65,1,11.34,0.5,0.5,0.54,0.0,1.0,16.38,2.5,0.0
1,2023-05-04 02:07:00,2023-05-04 03:04:00,1,0.7,1,N,128,57,3,25.26,0.5,0.5,5.76,0.0,1.0,35.52,2.5,0.0
2,2023-05-04 07:18:00,2023-05-04 07:26:00,1,1.17,4,N,151,114,1,5.12,0.0,0.5,0.92,0.0,1.0,9.29,0.0,1.75
2,2023-05-04 07:57:00,2023-05-04 08:54:00,3,1.64,1,N,261,114,1,34.0,2.5,0.5,1.23,0.0,1.0,41.73,2.5,0.0
2,2023-05-04 09:58:00,2023-05-04 10:25:00,1,2.98,1,N,145,245,2,7.76,3.5,0.5,9.52,6.55,1.0,31.33,2.5,0.0
2,2023-05-04 11:09:00,2023-05-04 11:49:00,1,3.18,1,N,215,203,1,13.03,3.5,0.5,4.53,0.0,1.0,25.06,2.5,0.0
2,2023-05-04 11:24:00,2023-05-04 11:35:00,2,0.62,1,N,5,194,2,6.3,2.5,0.5,1.46,0.0,1.0,11.76,0.0,0.0
2,2023-05-04 11:46:00,2023-05-04 12:27:00,3,0.32,1,N,91,85,4,9.84,3.5,0.5,0.9,0.0,1.0,18.24,2.5,0.0
1,2023-05-04 11:52:00,2023-05-04 12:17:00,1,1.33,1,N,49,152,2,13.95,0.0,0.5,3.14,0.0,1.0,21.09,2.5,0.0
2,2023-05-04 13:00:00,2023-05-04 13:24:00,2,0.38,1,N,206,215,1,26.74,3.5,0.5,1.6,0.0,1.0,35.84,2.5,0.0
2,2023-05-04 13:12:00,2023-05-04 13:57:00,1,2.14,1,N,219,260,1,5.46,0.5,0.5,1.3,0.0,1.0,10.51,0.0,1.75
2,2023-05-04 15:11:00,2023-05-04 15:58:00,1,1.79,1,N,155,53,2,64.78,2.5,0.5,0.28,0.0,1.0,71.56,2.5,0.0
2,2023-05-04 15:28:00,2023-05-04 16:25:00,1,1.39,2,N,126,228,2,31.03,1.0,0.5,3.03,6.55,1.0,45.61,2.5,0.0
1,2023-05-04 19:07:00,2023-05-04 19:49:00,1,12.46,1,N,195,61,1,8.62,3.5,0.5,0.04,0.0,1.0,15.41,0.0,1.75
2,2023-05-04 19:14:00,2023-05-04 19:33:00,1,2.24,1,N,90,247,1,4.45,3.5,0.5,4.16,0.0,1.0,13.61,0.0,0.0
1,2023-05-04 19:36:00,2023-05-04 20:28:00,1,3.03,1,N,193,82,1,12.4,0.5,0.5,0.59,0.0,1.0,17.49,2.5,0.0
2,2023-05-04 20:32:00,2023-05-04 20:42:00,1,1.65,1,N,175,86,3,17.29,0.5,0.5,1.59,0.0,1.0,23.38,2.5,0.0
1,2023-05-04 20:56:00,2023-05-04 21:44:00,1,1.62,1,N,108,99,1,4.97,0.5,0.5,1.78,0.0,1.0,8.75,0.0,0.0
2,2023-05-05 00:10:00,2023-05-05 01:03:00,1,3.93,1,N,28,70,1,7.12,0.5,0.5,0.25,6.55,1.0,20.17,2.5,1.75
2,2023-05-05 00:29:00,2023-05-05 01:22:00,3,3.17,1,N,58,150,1,39.78,3.5,0.5,3.5,6.55,1.0,54.83,0.0,0.0
1,2023-05-05 00:35:00,2023-05-05 01:22:00,1,2.74,1,N,108,63,1,8.07,2.5,0.5,1.15,6.55,1.0,24.02,2.5,1.75
1,2023-05-05 01:26:00,2023-05-05 01:35:00,3,0.38,1,N,262,116,1,5.86,3.5,0.5,1.57,0.0,1.0,14.93,2.5,0.0
2,2023-05-05 04:38:00,2023-05-05 04:48:00,3,5.02,3,N,89,94,1,6.58,0.0,0.5,0.51,6.55,1.0,17.64,2.5,0.0
2,2023-05-05 06:16:00,2023-05-05 06:35:00,1,0.45,1,N,218,57,1,3.12,3.5,0.5,1.7,6.55,1.0,18.12,0.0,1.75
2,2023-05-05 06:34:00,2023-05-05 07:29:00,2,3.77,1,N,105,217,1,9.53,1.0,0.5,4.76,0.0,1.0,16.79,0.0,0.0
2,2023-05-05 06:49:00,2023-05-05 07:39:00,2,1.79,1,N,221,155,1,10.58,0.5,0.5,3.17,0.0,1.0,15.75,0.0,0.0
2,2023-05-05 07:06:00,2023-05-05 07:19:00,1,0.81,1,N,149,130,1,22.82,2.5,0.5,0.27,0.0,1.0,27.09,0.0,0.0
2,2023-05-05 07:21:00,2023-05-05 08:16:00,1,12.33,3,N,262,96,2,6.76,0.0,0.5,0.01,6.55,1.0,19.07,2.5,1.75
1,2023-05-05 10:48:00,2023-05-05 11:38:00,3,0.87,1,N,187,69,3,40.18,0.0,0.5,3.83,0.0,1.0,48.01,2.5,0.0
2,2023-05-05 13:12:00,2023-05-05 13:34:00,1,1.12,2,N,95,120,1,20.32,2.5,0.5,1.64,0.0,1.0,30.21,2.5,1.75
1,2023-05-05 17:07:00,2023-05-05 17:55:00,1,2.63,1,N,24,98,1,9.01,0.0,0.5,3.5,6.55,1.0,20.56,0.0,0.0
2,2023-05-05 17:55:00,2023-05-05 18:05:00,1,2.58,1,N,107,40,1,14.35,2.5,0.5,1.99,0.0,1.0,22.84,2.5,0.0
1,2023-05-05 18:49:00,2023-05-05 19:19:00,3,3.82,1,N,209,223,1,6.89,2.5,0.5,0.28,0.0,1.0,13.67,2.5,0.0
2,2023-05-05 19:36:00,2023-05-05 20:32:00,1,1.13,4,N,69,63,2,8.3,2.5,0.5,2.13,0.0,1.0,16.93,2.5,0.0
2,2023-05-05 20:01:00,2023-05-05 20:37:00,1,0.98,1,N,85,127,1,19.71,0.5,0.5,5.32,0.0,1.0,29.53,2.5,0.0
1,2023-05-05 20:07:00,2023-05-05 20:58:00,3,5.63,1,N,211,183,1,4.52,0.0,0.5,0.17,0.0,1.0,10.44,2.5,1.75
2,2023-05-05 20:25:00,2023-05-05 20:48:00,1,1.0,1,N,185,7,1,15.49,2.5,0.5,1.4,6.55,1.0,27.44,0.0,0.0
1,2023-05-05 21:10:00,2023-05-05 21:31:00,1,1.71,1,N,230,226,1,13.05,0.0,0.5,0.09,6.55,1.0,21.19,0.0,0.0
2,2023-05-05 21:18:00,2023-05-05 21:42:00,2,6.14,1,N,118,250,1,10.24,0.5,0.5,1.94,6.55,1.0,23.23,2.5,0.0
1,2023-05-06 01:14:00,2023-05-06 01:36:00,1,6.96,1,N,201,59,1,3.23,0.0,0.5,1.13,0.0,1.0,7.61,0.0,1.75
2,2023-05-06 03:51:00,2023-05-06 04:45:00,1,0.8,1,N,45,42,2,4.92,0.5,0.5,1.18,6.55,1.0,14.65,0.0,0.0
2,2023-05-06 07:28:00,2023-05-06 08:12:00,1,1.31,1,N,155,131,1,9.06,1.0,0.5,2.74,6.55,1.0,20.85,0.0,0.0
2,2023-05-06 08:14:00,2023-05-06 09:12:00,1,2.85,1,N,148,240,2,12.8,1.0,0.5,2.83,6.55,1.0,27.18,2.5,0.0
2,2023-05-06 09:13:00,2023-05-06 09:54:00,2,0.6,1,N,68,144,1,44.77,0.5,0.5,1.56,0.0,1.0,50.83,2.5,0.0
2,2023-05-06 12:40:00,2023-05-06 13:35:00,1,2.36,1,Y,31,164,1,3.01,1.0,0.5,0.34,6.55,1.0,14.9,2.5,0.0
1,2023-05-06 14:42:00,2023-05-06 15:21:00,1,2.51,1,N,35,186,1,14.4,0.5,0.5,2.41,0.0,1.0,18.81,0.0,0.0
1,2023-05-06 19:04:00,2023-05-06 19:26:00,2,3.32,3,N,231,186,1,17.95,0.5,0.5,3.22,0.0,1.0,23.17,0.0,0.0
1,2023-05-06 19:56:00,2023-05-06 20:53:00,1,1.59,1,N,66,229,1,8.03,3.5,0.5,0.87,0.0,1.0,13.9,0.0,0.0
1,2023-05-06 20:11:00,2023-05-06 20:47:00,1,4.65,1,N,252,71,2,9.07,0.5,0.5,5.85,0.0,1.0,19.42,2.5,0.0
2,2023-05-06 22:40:00,2023-05-06 22:47:00,1,0.49,1,N,178,226,2,13.8,2.5,0.5,2.03,0.0,1.0,24.08,2.5,1.75
1,2023-05-06 23:49:00,2023-05-07 00:47:00,2,3.31,1,N,182,27,1,4.15,2.5,0.5,1.48,0.0,1.0,9.63,0.0,0.0
2,2023-05-07 01:17:00,2023-05-07 01:54:00,1,1.62,1,N,254,58,1,6.43,3.5,0.5,0.93,0.0,1.0,12.36,0.0,0.0
1,2023-05-07 02:01:00,2023-05-07 02:35:00,1,6.1,1,N,83,57,1,13.81,2.5,0.5,1.0,0.0,1.0,21.31,2.5,0.0
2,2023-05-07 07:11:00,2023-05-07 08:06:00,1,11.44,1,N,78,74,1,16.35,1.0,0.5,2.69,6.55,1.0,28.09,0.0,0.0
2,2023-05-07 07:30:00,2023-05-07 08:09:00,1,2.35,1,N,138,41,1,11.89,3.5,0.5,1.4,0.0,1.0,18.29,0.0,0.0
2,2023-05-07 08:28:00,2023-05-07 08:52:00,1,1.81,1,N,118,19,1,10.84,0.0,0.5,3.89,6.55,1.0,22.78,0.0,0.0
2,2023-05-07 09:44:00,2023-05-07 10:29:00,1,2.27,1,N,258,185,1,12.49,2.5,0.5,0.76,0.0,1.0,19.75,2.5,0.0
2,2023-05-07 10:11:00,2023-05-07 10:56:00,1,4.63,1,N,98,15,1,7.51,2.5,0.5,2.17,6.55,1.0,22.73,2.5,0.0
2,2023-05-07 12:10:00,2023-05-07 13:09:00,1,5.48,1,N,102,246,1,20.36,3.5,0.5,2.52,0.0,1.0,32.13,2.5,1.75
1,2023-05-07 13:00:00,2023-05-07 13:49:00,1,0.83,1,N,163,1,1,4.0,1.0,0.5,0.26,0.0,1.0,9.26,2.5,0.0
1,2023-05-07 13:48:00,2023-05-07 13:59:00,1,1.02,1,N,60,41,1,8.91,0.0,0.5,2.69,6.55,1.0,19.65,0.0,0.0
2,2023-05-07 16:47:00,2023-05-07 17:35:00,1,1.0,1,N,167,217,1,26.69,0.0,0.5,2.32,0.0,1.0,33.01,2.5,0.0
2,2023-05-07 20:50:00,2023-05-07 21:02:00,1,1.75,1,N,155,27,1,3.27,3.5,0.5,0.01,0.0,1.0,10.78,2.5,0.0
2,2023-05-08 01:18:00,2023-05-08 01:53:00,2,1.65,1,N,103,243,2,31.21,0.0,0.5,4.95,6.55,1.0,46.71,2.5,0.0
2,2023-05-08 02:43:00,2023-05-08 03:10:00,2,5.03,1,N,61,181,1,40.31,2.5,0.5,1.01,6.55,1.0,54.37,2.5,0.0
1,2023-05-08 03:02:00,2023-05-08 03:54:00,3,0.55,1,N,261,139,1,14.85,2.5,0.5,3.78,0.0,1.0,25.13,2.5,0.0
2,2023-05-08 04:43:00,2023-05-08 05:14:00,4,0.33,1,N,157,85,1,32.73,1.0,0.5,5.35,6.55,1.0,51.38,2.5,1.75
1,2023-05-08 07:21:00,2023-05-08 07:49:00,1,8.34,1,N,47,190,1,17.62,2.5,0.5,3.8,6.55,1.0,34.47,2.5,0.0
2,2023-05-08 13:15:00,2023-05-08 13:20:00,1,0.37,1,N,57,248,1,16.19,2.5,0.5,0.85,0.0,1.0,23.54,2.5,0.0
1,2023-05-08 14:14:00,2023-05-08 14:26:00,1,3.45,1,N,215,20,1,24.15,0.0,0.5,1.32,0.0,1.0,29.47,2.5,0.0
1,2023-05-08 16:28:00,2023-05-08 16:53:00,1,0.84,1,N,225,194,2,7.62,0.0,0.5,0.12,0.0,1.0,11.74,2.5,0.0
2,2023-05-08 18:05:00,2023-05-08 18:35:00,1,6.14,1,N,180,173,1,32.23,2.5,0.5,1.63,0.0,1.0,42.11,2.5,1.75
2,2023-05-08 19:34:00,2023-05-08 20:07:00,3,1.09,1,N,14,250,1,10.46,0.0,0.5,5.1,0.0,1.0,19.56,2.5,0.0
2,2023-05-08 19:44:00,2023-05-08 20:04:00,1,2.65,1,N,156,81,1,15.37,3.5,0.5,2.99,6.55,1.0,32.41,2.5,0.0
2,2023-05-08 19:58:00,2023-05-08 20:19:00,1,0.6,1,N,252,82,1,19.47,0.0,0.5,1.2,6.55,1.0,31.22,2.5,0.0
1,2023-05-09 01:43:00,2023-05-09 02:28:00,1,0.67,1,N,157,228,1,8.84,0.0,0.5,4.54,0.0,1.0,17.38,2.5,0.0
1,2023-05-09 02:16:00,2023-05-09 02:53:00,1,1.14,1,N,216,178,4,12.15,3.5,0.5,2.53,6.55,1.0,28.73,2.5,0.0
2,2023-05-09 03:14:00,2023-05-09 03:44:00,3,4.3,2,N,208,76,2,6.73,2.5,0.5,5.47,0.0,1.0,20.45,2.5,1.75
1,2023-05-09 05:06:00,2023-05-09 05:42:00,1,0.73,1,N,235,188,1,11.49,0.5,0.5,1.0,0.0,1.0,14.49,0.0,0.0
1,2023-05-09 07:39:00,2023-05-09 08:21:00,1,1.69,1,N,93,224,1,25.18,0.5,0.5,1.69,0.0,1.0,28.87,0.0,0.0
2,2023-05-09 14:05:00,2023-05-09 14:45:00,1,0.8,1,N,53,6,2,8.78,0.5,0.5,2.33,0.0,1.0,13.11,0.0,0.0
2,2023-05-09 14:34:00,2023-05-09 14:59:00,2,1.41,1,N,145,79,1,9.79,3.5,0.5,1.27,0.0,1.0,18.56,2.5,0.0
1,2023-05-09 17:00:00,2023-05-09 17:23:00,1,0.68,1,N,227,182,1,16.72,0.5,0.5,1.31,0.0,1.0,24.28,2.5,1.75
2,2023-05-09 17:38:00,2023-05-09 18:03:00,1,1.62,1,N,181,235,1,36.52,0.5,0.5,4.74,0.0,1.0,45.76,2.5,0.0
1,2023-05-09 20:30:00,2023-05-09 20:57:00,1,1.3,1,N,216,40,3,6.42,2.5,0.5,3.97,0.0,1.0,14.39,0.0,0.0
2,2023-05-09 21:59:00,2023-05-09 22:35:00,4,0.68,1,N,148,188,1,12.26,2.5,0.5,2.29,0.0,1.0,21.05,2.5,0.0
2,2023-05-10 06:21:00,2023-05-10 07:09:00,1,1.19,1,N,211,243,1,21.47,2.5,0.5,2.56,0.0,1.0,30.53,2.5,0.0
1,2023-05-10 08:00:00,2023-05-10 08:53:00,1,1.8,1,N,28,140,1,18.84,1.0,0.5,1.58,0.0,1.0,25.42,2.5,0.0
2,2023-05-10 09:21:00,2023-05-10 09:43:00,1,5.13,1,N,18,41,1,4.9,2.5,0.5,0.56,0.0,1.0,9.46,0.0,0.0
2,2023-05-10 09:39:00,2023-05-10 10:13:00,1,6.2,1,N,35,187,2,8.73,2.5,0.5,0.91,0.0,1.0,16.14,2.5,0.0
2,2023-05-10 10:08:00,2023-05-10 11:01:00,2,1.21,2,N,226,175,1,20.97,1.0,0.5,3.59,0.0,1.0,27.06,0.0,0.0
1,2023-05-10 12:13:00,2023-05-10 13:09:00,1,7.88,1,N,94,24,1,6.72,1.0,0.5,4.5,6.55,1.0,22.77,2.5,0.0
1,2023-05-10 14:26:00,2023-05-10 15:24:00,1,0.52,1,N,114,134,1,14.01,0.5,0.5,3.67,6.55,1.0,30.48,2.5,1.75
1,2023-05-10 14:33:00,2023-05-10 14:45:00,1,1.56,1,N,47,203,1,27.78,1.0,0.5,3.39,0.0,1.0,36.17,2.5,0.0
2,2023-05-10 15:57:00,2023-05-10 16:39:00,4,1.6,2,N,54,99,1,5.91,0.0,0.5,0.26,0.0,1.0,10.17,2.5,0.0
2,2023-05-10 17:26:00,2023-05-10 17:41:00,1,4.58,1,N,164,159,1,20.55,1.0,0.5,1.0,0.0,1.0,26.55,2.5,0.0
2,2023-05-10 17:53:00,2023-05-10 18:48:00,2,2.39,1,N,50,199,1,8.33,1.0,0.5,14.41,0.0,1.0,27.74,2.5,0.0
1,2023-05-10 20:27:00,2023-05-10 20:40:00,3,3.82,1,N,259,115,1,33.91,3.5,0.5,3.24,6.55,1.0,51.2,2.5,0.0
1,2023-05-10 20:34:00,2023-05-10 20:44:00,1,0.62,1,N,152,160,1,19.18,2.5,0.5,0.18,6.55,1.0,32.41,2.5,0.0
1,2023-05-11 00:10:00,2023-05-11 00:38:00,4,0.43,1,Y,42,261,3,15.6,0.5,0.5,7.94,0.0,1.0,25.54,0.0,0.0
2,2023-05-11 00:56:00,2023-05-11 01:37:00,5,1.71,1,N,230,14,1,26.46,1.0,0.5,0.52,6.55,1.0,38.53,2.5,0.0
2,2023-05-11 04:10:00,2023-05-11 04:48:00,1,1.27,2,N,262,255,1,18.72,0.0,0.5,8.17,0.0,1.0,30.89,2.5,0.0
1,2023-05-11 06:44:00,2023-05-11 06:58:00,1,1.16,2,N,131,226,1,8.16,3.5,0.5,0.53,0.0,1.0,13.69,0.0,0.0
2,2023-05-11 07:08:00,2023-05-11 07:31:00,1,4.27,1,N,210,86,1,41.22,1.0,0.5,2.67,0.0,1.0,48.89,2.5,0.0
2,2023-05-11 09:31:00,2023-05-11 09:52:00,1,0.84,1,N,78,92,1,20.31,0.0,0.5,4.89,0.0,1.0,29.2,2.5,0.0
2,2023-05-11 12:01:00,2023-05-11 12:20:00,1,1.87,1,N,168,165,1,11.23,1.0,0.5,2.43,6.55,1.0,22.71,0.0,0.0
2,2023-05-11 12:34:00,2023-05-11 12:46:00,1,0.67,1,N,257,25,1,8.91,2.5,0.5,0.78,0.0,1.0,16.19,2.5,0.0
1,2023-05-11 13:34:00,2023-05-11 13:52:00,1,0.54,1,N,131,175,1,39.04,3.5,0.5,1.27,6.55,1.0,54.36,2.5,0.0
1,2023-05-11 14:29:00,2023-05-11 15:05:00,1,1.49,1,N,192,62,1,11.74,0.0,0.5,8.5,0.0,1.0,24.24,2.5,0.0
2,2023-05-11 20:56:00,2023-05-11 21:55:00,1,3.11,1,N,203,13,1,14.07,2.5,0.5,4.95,6.55,1.0,32.07,2.5,0.0
1,2023-05-11 21:27:00,2023-05-11 21:58:00,3,1.19,1,N,239,52,1,16.55,3.5,0.5,1.09,0.0,1.0,22.64,0.0,0.0
2,2023-05-11 21:30:00,2023-05-11 22:10:00,2,5.92,2,N,250,79,1,8.06,2.5,0.5,0.47,0.0,1.0,15.03,2.5,0.0
2,2023-05-12 01:51:00,2023-05-12 02:28:00,1,7.79,1,N,32,95,1,14.32,0.0,0.5,2.6,0.0,1.0,20.92,2.5,0.0
2,2023-05-12 06:04:00,2023-05-12 06:27:00,1,0.94,1,N,179,229,1,7.58,2.5,0.5,1.58,0.0,1.0,15.66,2.5,0.0
2,2023-05-12 07:13:00,2023-05-12 07:53:00,1,0.85,1,N,246,81,4,4.86,3.5,0.5,1.84,0.0,1.0,11.7,0.0,0.0
2,2023-05-12 07:29:00,2023-05-12 07:51:00,1,6.62,1,N,208,82,2,4.56,0.0,0.5,3.97,0.0,1.0,12.53,2.5,0.0
1,2023-05-12 08:19:00,2023-05-12 09:01:00,1,1.11,1,N,123,19,1,3.33,0.5,0.5,0.05,6.55,1.0,16.18,2.5,1.75
1,2023-05-12 08:19:00,2023-05-12 08:41:00,1,0.69,1,N,152,30,1,13.17,0.0,0.5,5.35,0.0,1.0,22.52,2.5,0.0
1,2023-05-12 11:27:00,2023-05-12 11:37:00,1,0.38,1,N,260,31,1,3.45,2.5,0.5,0.12,6.55,1.0,16.62,2.5,0.0
2,2023-05-12 12:47:00,2023-05-12 13:42:00,1,0.84,1,N,100,126,4,3.27,3.5,0.5,2.69,6.55,1.0,21.76,2.5,1.75
2,2023-05-12 16:37:00,2023-05-12 17:14:00,2,7.47,1,N,43,150,1,12.6,0.5,0.5,3.63,6.55,1.0,24.78,0.0,0.0
2,2023-05-12 16:51:00,2023-05-12 16:56:00,1,3.34,1,N,263,189,1,24.8,2.5,0.5,3.87,6.55,1.0,39.22,0.0,0.0
1,2023-05-12 19:04:00,2023-05-12 20:03:00,1,0.99,1,N,83,63,2,4.72,1.0,0.5,10.5,6.55,1.0,28.52,2.5,1.75
1,2023-05-13 00:41:00,2023-05-13 01:40:00,1,1.81,1,N,146,176,1,6.05,1.0,0.5,1.26,6.55,1.0,16.36,0.0,0.0
1,2023-05-13 01:27:00,2023-05-13 02:06:00,1,1.11,1,N,171,204,1,5.38,2.5,0.5,0.97,0.0,1.0,12.85,2.5,0.0
2,2023-05-13 02:37:00,2023-05-13 02:42:00,3,0.37,2,N,164,52,1,16.64,2.5,0.5,0.47,6.55,1.0,30.16,2.5,0.0
1,2023-05-13 02:46:00,2023-05-13 03:33:00,1,0.9,1,N,19,170,1,4.45,0.5,0.5,4.59,0.0,1.0,13.54,2.5,0.0
1,2023-05-13 03:11:00,2023-05-13 03:41:00,1,1.21,1,N,64,168,2,4.02,0.0,0.5,4.77,0.0,1.0,12.79,2.5,0.0
2,2023-05-13 03:19:00,2023-05-13 03:34:00,1,1.45,3,N,222,70,1,16.44,2.5,0.5,1.38,0.0,1.0,24.32,2.5,0.0
2,2023-05-13 03:25:00,2023-05-13 04:20:00,1,8.96,1,N,185,4,2,27.35,0.5,0.5,2.8,6.55,1.0,41.2,2.5,0.0
2,2023-05-13 06:31:00,2023-05-13 06:41:00,1,11.03,1,N,200,20,1,27.81,1.0,0.5,1.6,6.55,1.0,40.96,2.5,0.0
2,2023-05-13 10:26:00,2023-05-13 11:06:00,3,5.88,1,N,35,2,1,6.63,2.5,0.5,3.83,6.55,1.0,21.01,0.0,0.0
2,2023-05-13 13:08:00,2023-05-13 13:27:00,4,6.19,1,N,133,95,1,3.1,3.5,0.5,4.53,6.55,1.0,23.43,2.5,1.75
2,2023-05-13 14:00:00,2023-05-13 14:34:00,2,6.27,1,N,24,6,1,10.81,1.0,0.5,2.43,0.0,1.0,18.24,2.5,0.0
1,2023-05-13 16:36:00,2023-05-13 16:58:00,1,1.11,1,N,232,166,1,13.33,0.5,0.5,2.34,6.55,1.0,26.72,2.5,0.0
1,2023-05-13 19:12:00,2023-05-13 19:39:00,1,0.78,1,N,12,116,1,10.12,2.5,0.5,2.3,0.0,1.0,16.42,0.0,0.0
1,2023-05-13 20:55:00,2023-05-13 21:10:00,3,1.57,1,N,190,5,1,19.64,0.5,0.5,0.31,0.0,1.0,24.45,2.5,0.0
2,2023-05-13 21:47:00,2023-05-13 21:55:00,2,3.19,1,N,191,106,1,18.65,2.5,0.5,0.18,0.0,1.0,22.83,0.0,0.0
2,2023-05-13 22:20:00,2023-05-13 22:59:00,1,2.19,1,N,44,16,1,24.85,2.5,0.5,1.6,0.0,1.0,32.95,2.5,0.0
1,2023-05-13 23:15:00,2023-05-13 23:30:00,1,1.32,1,N,185,36,1,14.07,0.0,0.5,0.0,0.0,1.0,18.07,2.5,0.0
2,2023-05-14 03:03:00,2023-05-14 03:08:00,1,1.48,1,N,13,247,1,14.69,1.0,0.5,3.62,6.55,1.0,29.86,2.5,0.0
2,2023-05-14 04:15:00,2023-05-14 04:48:00,3,1.07,1,N,59,67,4,18.82,3.5,0.5,5.0,0.0,1.0,31.32,2.5,0.0
2,2023-05-14 06:16:00,2023-05-14 07:00:00,1,7.87,1,Y,51,212,1,41.03,2.5,0.5,0.08,6.55,1.0,51.66,0.0,0.0
2,2023-05-14 07:22:00,2023-05-14 07:49:00,4,2.1,2,N,205,256,1,5.72,3.5,0.5,0.47,0.0,1.0,13.69,2.5,0.0
2,2023-05-14 08:03:00,2023-05-14 08:39:00,2,2.59,1,N,221,245,1,12.47,2.5,0.5,1.15,0.0,1.0,17.62,0.0,0.0
1,2023-05-14 08:29:00,2023-05-14 08:58:00,1,0.57,1,N,75,245,1,5.11,2.5,0.5,1.34,0.0,1.0,12.95,2.5,0.0
1,2023-05-14 11:12:00,2023-05-14 11:25:00,1,0.83,1,N,75,62,1,14.71,3.5,0.5,1.92,0.0,1.0,21.63,0.0,0.0
2,2023-05-14 13:19:00,2023-05-14 13:43:00,1,1.11,3,N,209,85,1,15.3,2.5,0.5,3.34,6.55,1.0,31.69,2.5,0.0
1,2023-05-14 14:16:00,2023-05-14 14:43:00,4,0.41,1,N,21,76,2,5.1,0.5,0.5,1.14,6.55,1.0,14.79,0.0,0.0
2,2023-05-14 15:38:00,2023-05-14 15:43:00,1,6.63,4,N,185,152,1,20.89,0.0,0.5,0.8,0.0,1.0,25.69,2.5,0.0
2,2023-05-14 16:26:00,2023-05-14 17:17:00,2,2.22,1,N,24,220,1,13.39,0.0,0.5,0.07,6.55,1.0,21.51,0.0,0.0
2,2023-05-14 16:32:00,2023-05-14 17:14:00,1,3.63,1,N,22,96,1,5.42,2.5,0.5,2.12,0.0,1.0,15.79,2.5,1.75
2,2023-05-14 19:54:00,2023-05-14 20:21:00,1,6.66,3,Y,218,163,1,29.34,0.5,0.5,1.76,0.0,1.0,35.6,2.5,0.0
1,2023-05-15 00:11:00,2023-05-15 01:05:00,2,8.83,1,N,173,94,1,50.23,1.0,0.5,0.95,6.55,1.0,62.73,2.5,0.0
1,2023-05-15 00:34:00,2023-05-15 01:30:00,1,3.34,2,N,256,178,1,3.39,1.0,0.5,1.39,0.0,1.0,9.78,2.5,0.0
2,2023-05-15 01:01:00,2023-05-15 01:42:00,1,1.08,1,N,99,184,1,20.54,0.5,0.5,0.32,0.0,1.0,25.36,2.5,0.0
2,2023-05-15 01:49:00,2023-05-15 02:19:00,2,3.01,1,N,20,243,1,16.95,2.5,0.5,2.86,0.0,1.0,26.31,2.5,0.0
2,2023-05-15 01:55:00,2023-05-15 02:39:00,3,6.49,1,Y,124,113,1,19.96,2.5,0.5,7.27,6.55,1.0,40.28,2.5,0.0
2,2023-05-15 04:26:00,2023-05-15 05:10:00,1,0.6,1,N,193,46,1,15.54,0.5,0.5,1.79,0.0,1.0,21.83,2.5,0.0
2,2023-05-15 04:59:00,2023-05-15 05:31:00,1,5.63,1,N,10,78,1,24.6,2.5,0.5,0.48,6.55,1.0,35.63,0.0,0.0
1,2023-05-15 05:23:00,2023-05-15 06:13:00,1,2.15,1,N,115,256,1,3.19,0.5,0.5,2.69,0.0,1.0,10.38,2.5,0.0
2,2023-05-15 07:12:00,2023-05-15 07:41:00,2,0.64,1,N,247,48,4,6.92,0.5,0.5,1.88,0.0,1.0,13.3,2.5,0.0
2,2023-05-15 09:10:00,2023-05-15 09:58:00,1,9.85,1,N,208,255,1,3.57,0.5,0.5,1.84,6.55,1.0,16.46,2.5,0.0
2,2023-05-15 12:38:00,2023-05-15 13:01:00,1,2.41,1,N,178,217,1,12.01,2.5,0.5,1.55,0.0,1.0,20.06,2.5,0.0
2,2023-05-15 13:43:00,2023-05-15 14:19:00,3,0.32,3,N,18,80,1,10.17,3.5,0.5,2.94,0.0,1.0,20.61,2.5,0.0
2,2023-05-15 14:39:00,2023-05-15 15:36:00,1,2.5,1,N,189,88,2,25.1,0.0,0.5,2.98,6.55,1.0,38.63,2.5,0.0
2,2023-05-15 16:26:00,2023-05-15 17:23:00,1,2.85,1,N,164,256,1,6.14,0.0,0.5,2.16,6.55,1.0,18.85,2.5,0.0
2,2023-05-15 17:04:00,2023-05-15 17:56:00,1,1.56,1,N,82,186,1,9.8,0.5,0.5,3.56,0.0,1.0,15.36,0.0,0.0
2,2023-05-15 18:13:00,2023-05-15 18:38:00,1,2.04,1,N,27,187,1,45.87,2.5,0.5,0.63,6.55,1.0,59.55,2.5,0.0
2,2023-05-15 19:52:00,2023-05-15 20:17:00,1,2.39,1,N,221,62,2,4.27,0.0,0.5,8.65,6.55,1.0,23.47,2.5,0.0
2,2023-05-15 20:55:00,2023-05-15 21:25:00,1,4.02,1,N,176,62,1,8.31,0.5,0.5,2.12,6.55,1.0,21.48,2.5,0.0
1,2023-05-15 21:49:00,2023-05-15 22:11:00,4,1.82,1,N,181,54,1,3.71,2.5,0.5,0.13,0.0,1.0,10.34,2.5,0.0
2,2023-05-16 00:54:00,2023-05-16 01:24:00,1,4.78,1,N,234,169,2,24.64,0.5,0.5,0.01,6.55,1.0,35.7,2.5,0.0
2,2023-05-16 01:12:00,2023-05-16 02:06:00,1,1.64,1,N,32,67,1,9.29,3.5,0.5,1.7,0.0,1.0,18.49,2.5,0.0
2,2023-05-16 01:28:00,2023-05-16 02:13:00,1,4.19,1,N,22,85,2,3.75,2.5,0.5,4.54,0.0,1.0,12.29,0.0,0.0
1,2023-05-16 01:49:00,2023-05-16 02:12:00,1,0.31,3,N,84,124,4,8.06,0.5,0.5,0.76,0.0,1.0,10.82,0.0,0.0
2,2023-05-16 02:35:00,2023-05-16 03:12:00,2,4.23,1,N,2,231,1,20.62,1.0,0.5,0.21,0.0,1.0,25.83,2.5,0.0
2,2023-05-16 04:52:00,2023-05-16 05:05:00,1,9.33,5,N,113,44,1,9.98,0.5,0.5,1.7,6.55,1.0,21.98,0.0,1.75
2,2023-05-16 05:18:00,2023-05-16 05:28:00,1,2.8,1,N,109,136,1,60.61,2.5,0.5,2.99,6.55,1.0,78.4,2.5,1.75
2,2023-05-16 06:35:00,2023-05-16 06:52:00,1,8.32,1,N,27,30,2,12.72,3.5,0.5,0.36,0.0,1.0,18.08,0.0,0.0
2,2023-05-16 07:04:00,2023-05-16 07:38:00,1,2.66,1,N,232,150,1,22.4,2.5,0.5,1.83,0.0,1.0,30.73,2.5,0.0
2,2023-05-16 09:59:00,2023-05-16 10:40:00,2,1.38,1,N,210,218,2,9.16,2.5,0.5,0.83,0.0,1.0,15.74,0.0,1.75
2,2023-05-16 10:04:00,2023-05-16 10:17:00,1,2.93,1,N,238,195,2,6.31,2.5,0.5,2.73,6.55,1.0,22.09,2.5,0.0
2,2023-05-16 14:06:00,2023-05-16 14:51:00,1,0.77,1,N,172,232,1,10.76,0.0,0.5,2.51,6.55,1.0,21.32,0.0,0.0
1,2023-05-16 20:23:00,2023-05-16 20:44:00,4,2.56,1,N,99,54,1,34.47,3.5,0.5,0.41,0.0,1.0,42.38,2.5,0.0
1,2023-05-16 21:53:00,2023-05-16 22:47:00,1,1.61,1,N,65,28,1,6.63,3.5,0.5,1.66,0.0,1.0,13.29,0.0,0.0
1,2023-05-16 21:56:00,2023-05-16 22:51:00,1,0.86,1,N,140,141,2,8.91,3.5,0.5,3.28,0.0,1.0,19.69,2.5,0.0
2,2023-05-16 23:04:00,2023-05-16 23:56:00,1,1.87,1,N,251,33,2,16.53,1.0,0.5,1.27,6.55,1.0,29.35,2.5,0.0
2,2023-05-16 23:24:00,2023-05-17 00:17:00,4,0.71,2,N,151,138,2,10.1,0.5,0.5,0.65,6.55,1.0,21.8,2.5,0.0
2,2023-05-17 00:37:00,2023-05-17 01:10:00,1,1.2,1,N,187,210,1,12.02,1.0,0.5,2.45,0.0,1.0,19.47,2.5,0.0
2,2023-05-17 03:29:00,2023-05-17 03:58:00,1,0.74,1,N,220,25,2,19.44,0.0,0.5,5.35,6.55,1.0,35.34,2.5,0.0
2,2023-05-17 04:53:00,2023-05-17 05:47:00,1,3.24,3,N,245,71,2,9.41,0.0,0.5,2.09,6.55,1.0,22.05,2.5,0.0
2,2023-05-17 08:55:00,2023-05-17 09:22:00,1,2.07,1,N,171,244,1,14.16,0.5,0.5,2.04,0.0,1.0,20.7,2.5,0.0
2,2023-05-17 09:36:00,2023-05-17 09:54:00,1,2.64,1,N,235,247,1,5.72,0.5,0.5,3.92,6.55,1.0,20.69,2.5,0.0
2,2023-05-17 11:01:00,2023-05-17 11:40:00,1,0.7,1,N,264,73,1,16.71,0.0,0.5,1.42,6.55,1.0,26.18,0.0,0.0
2,2023-05-17 11:21:00,2023-05-17 12:20:00,1,1.62,1,N,15,247,1,18.23,3.5,0.5,1.06,6.55,1.0,35.09,2.5,1.75
2,2023-05-17 11:53:00,2023-05-17 12:45:00,1,1.05,4,N,174,143,1,34.35,0.5,0.5,8.4,0.0,1.0,47.25,2.5,0.0
1,2023-05-17 12:22:00,2023-05-17 12:51:00,3,1.39,1,N,11,165,1,13.99,0.5,0.5,3.19,0.0,1.0,21.68,2.5,0.0
1,2023-05-17 14:53:00,2023-05-17 15:31:00,1,1.42,4,N,243,258,1,11.29,3.5,0.5,1.33,0.0,1.0,20.12,2.5,0.0
2,2023-05-17 15:29:00,2023-05-17 16:17:00,1,1.27,1,N,36,11,1,10.08,2.5,0.5,5.25,0.0,1.0,21.83,2.5,0.0
1,2023-05-17 16:46:00,2023-05-17 17:27:00,1,1.57,1,N,85,238,1,7.71,0.5,0.5,0.34,6.55,1.0,16.6,0.0,0.0
2,2023-05-17 20:57:00,2023-05-17 21:15:00,1,8.35,1,N,139,119,1,63.14,3.5,0.5,0.11,6.55,1.0,77.3,2.5,0.0
2,2023-05-17 21:33:00,2023-05-17 22:23:00,1,3.01,1,N,195,218,1,11.53,2.5,0.5,0.89,0.0,1.0,16.42,0.0,0.0
1,2023-05-17 23:07:00,2023-05-17 23:45:00,1,0.83,1,N,60,72,2,16.07,3.5,0.5,1.72,0.0,1.0,22.79,0.0,0.0
2,2023-05-18 01:52:00,2023-05-18 02:45:00,1,0.68,1,N,233,250,1,22.12,2.5,0.5,3.56,0.0,1.0,32.18,2.5,0.0
1,2023-05-18 03:18:00,2023-05-18 03:54:00,1,5.52,1,N,58,141,1,8.31,3.5,0.5,2.3,0.0,1.0,15.61,0.0,0.0
2,2023-05-18 08:15:00,2023-05-18 09:12:00,2,1.24,1,N,16,129,1,38.91,0.5,0.5,0.25,0.0,1.0,45.41,2.5,1.75
1,2023-05-18 14:17:00,2023-05-18 14:42:00,5,0.32,1,N,214,43,1,7.41,1.0,0.5,0.93,6.55,1.0,19.89,2.5,0.0
2,2023-05-18 14:39:00,2023-05-18 14:58:00,1,3.2,1,N,62,221,4,32.81,3.5,0.5,0.28,0.0,1.0,40.59,2.5,0.0
1,2023-05-18 15:57:00,2023-05-18 16:25:00,1,0.75,1,N,147,45,1,11.65,1.0,0.5,0.9,6.55,1.0,23.35,0.0,1.75
1,2023-05-18 16:46:00,2023-05-18 16:56:00,2,2.06,1,N,34,91,1,14.69,3.5,0.5,6.67,0.0,1.0,28.86,2.5,0.0
1,2023-05-18 17:03:00,2023-05-18 17:13:00,1,1.45,1,N,182,24,1,33.93,0.5,0.5,5.16,0.0,1.0,45.34,2.5,1.75
2,2023-05-18 20:42:00,2023-05-18 21:16:00,1,4.54,1,N,79,26,1,4.19,0.0,0.5,1.14,0.0,1.0,6.83,0.0,0.0
1,2023-05-19 00:43:00,2023-05-19 01:04:00,1,1.42,1,N,208,147,1,9.9,3.5,0.5,0.84,0.0,1.0,15.74,0.0,0.0
1,2023-05-19 01:04:00,2023-05-19 01:32:00,1,0.44,1,Y,45,71,2,4.98,1.0,0.5,0.34,0.0,1.0,10.32,2.5,0.0
1,2023-05-19 05:21:00,2023-05-19 05:36:00,1,0.99,1,N,143,263,4,10.74,2.5,0.5,5.21,6.55,1.0,30.75,2.5,1.75
2,2023-05-19 09:38:00,2023-05-19 09:43:00,1,2.6,1,N,45,80,4,4.8,0.5,0.5,0.87,0.0,1.0,10.17,2.5,0.0
2,2023-05-19 09:56:00,2023-05-19 10:04:00,1,0.54,1,N,175,74,1,19.82,0.5,0.5,0.84,6.55,1.0,31.71,2.5,0.0
2,2023-05-19 16:57:00,2023-05-19 17:07:00,1,0.69,1,N,245,168,1,21.62,2.5,0.5,9.23,0.0,1.0,37.35,2.5,0.0
2,2023-05-19 17:35:00,2023-05-19 18:00:00,2,0.35,1,N,145,71,1,4.76,3.5,0.5,4.89,6.55,1.0,23.7,2.5,0.0
1,2023-05-19 19:59:00,2023-05-19 20:32:00,2,0.94,2,N,169,110,1,59.37,0.0,0.5,0.53,0.0,1.0,61.4,0.0,0.0
2,2023-05-20 00:13:00,2023-05-20 01:01:00,3,2.75,1,N,226,139,1,14.92,2.5,0.5,0.58,0.0,1.0,22.0,2.5,0.0
1,2023-05-20 01:15:00,2023-05-20 01:26:00,2,1.01,1,N,60,250,2,3.79,2.5,0.5,0.67,6.55,1.0,17.51,2.5,0.0
1,2023-05-20 01:24:00,2023-05-20 02:21:00,1,0.37,1,N,145,118,1,4.82,3.5,0.5,4.77,6.55,1.0,23.64,2.5,0.0
1,2023-05-20 02:59:00,2023-05-20 03:56:00,1,4.18,1,N,192,210,1,3.86,0.0,0.5,2.76,6.55,1.0,17.17,2.5,0.0
2,2023-05-20 04:17:00,2023-05-20 04:47:00,1,0.82,4,N,215,218,1,16.1,2.5,0.5,0.07,0.0,1.0,22.67,2.5,0.0
2,2023-05-20 04:22:00,2023-05-20 04:35:00,1,0.68,1,N,75,243,1,5.38,3.5,0.5,4.4,0.0,1.0,14.78,0.0,0.0
2,2023-05-20 09:53:00,2023-05-20 10:34:00,1,5.87,1,N,43,183,1,29.8,0.0,0.5,0.22,6.55,1.0,40.57,2.5,0.0
1,2023-05-20 16:19:00,2023-05-20 16:35:00,3,0.88,2,N,178,177,1,11.28,0.0,0.5,2.99,6.55,1.0,24.82,2.5,0.0
1,2023-05-20 16:32:00,2023-05-20 17:02:00,1,1.3,1,N,138,10,1,71.28,3.5,0.5,0.97,0.0,1.0,79.75,2.5,0.0
1,2023-05-20 17:22:00,2023-05-20 17:57:00,2,0.33,1,N,80,190,1,4.34,2.5,0.5,3.38,0.0,1.0,15.97,2.5,1.75
1,2023-05-20 18:20:00,2023-05-20 18:41:00,1,1.59,3,N,113,252,1,8.38,0.5,0.5,0.19,6.55,1.0,21.37,2.5,1.75
2,2023-05-20 22:48:00,2023-05-20 22:55:00,1,1.28,1,N,50,80,1,6.4,1.0,0.5,1.56,6.55,1.0,19.51,2.5,0.0
2,2023-05-20 23:14:00,2023-05-21 00:06:00,1,3.89,1,N,120,226,2,19.53,2.5,0.5,6.26,0.0,1.0,32.29,2.5,0.0
2,2023-05-20 23:39:00,2023-05-20 23:59:00,1,1.87,3,N,58,134,1,10.87,0.5,0.5,4.36,6.55,1.0,23.78,0.0,0.0
2,2023-05-21 00:04:00,2023-05-21 00:39:00,1,0.87,1,N,197,9,1,15.74,1.0,0.5,1.3,0.0,1.0,19.54,0.0,0.0
2,2023-05-21 01:04:00,2023-05-21 01:16:00,3,3.68,1,N,193,259,1,25.46,3.5,0.5,2.05,0.0,1.0,35.01,2.5,0.0
2,2023-05-21 01:22:00,2023-05-21 01:58:00,1,2.96,1,N,41,186,1,20.25,0.0,0.5,0.13,0.0,1.0,21.88,0.0,0.0
2,2023-05-21 03:18:00,2023-05-21 04:00:00,1,0.99,1,N,76,77,2,25.32,0.5,0.5,9.16,0.0,1.0,38.98,2.5,0.0
2,2023-05-21 05:04:00,2023-05-21 06:00:00,1,0.54,1,N,178,235,1,60.81,0.0,0.5,2.64,0.0,1.0,64.95,0.0,0.0
1,2023-05-21 07:21:00,2023-05-21 07:36:00,1,0.71,1,N,16,216,1,23.95,2.5,0.5,2.12,0.0,1.0,34.32,2.5,1.75
2,2023-05-21 07:33:00,2023-05-21 07:59:00,1,3.33,1,N,251,101,1,14.33,2.5,0.5,3.29,6.55,1.0,30.67,2.5,0.0
2,2023-05-21 07:36:00,2023-05-21 07:52:00,1,3.44,5,N,116,170,1,6.04,2.5,0.5,2.45,0.0,1.0,14.99,2.5,0.0
2,2023-05-21 10:10:00,2023-05-21 11:05:00,1,2.71,1,N,221,259,1,10.28,3.5,0.5,2.33,6.55,1.0,28.41,2.5,1.75
2,2023-05-21 11:23:00,2023-05-21 11:44:00,1,3.34,2,N,25,113,1,5.55,3.5,0.5,5.13,6.55,1.0,24.73,2.5,0.0
2,2023-05-21 12:12:00,2023-05-21 12:42:00,2,0.89,1,N,25,79,1,15.05,0.5,0.5,0.23,6.55,1.0,23.83,0.0,0.0
1,2023-05-21 12:26:00,2023-05-21 13:21:00,1,4.93,1,N,153,70,1,9.71,3.5,0.5,5.33,0.0,1.0,24.29,2.5,1.75
1,2023-05-21 13:00:00,2023-05-21 13:42:00,1,1.93,1,N,103,209,1,46.21,2.5,0.5,0.05,6.55,1.0,61.06,2.5,1.75
2,2023-05-21 13:36:00,2023-05-21 14:29:00,1,1.56,1,N,141,186,1,6.34,2.5,0.5,6.55,6.55,1.0,27.69,2.5,1.75
2,2023-05-21 13:55:00,2023-05-21 14:31:00,1,5.7,1,N,134,191,2,12.62,2.5,0.5,3.73,0.0,1.0,20.35,0.0,0.0
2,2023-05-21 15:03:00,2023-05-21 15:45:00,1,1.01,1,N,16,76,1,7.49,0.0,0.5,1.45,6.55,1.0,16.99,0.0,0.0
2,2023-05-21 19:07:00,2023-05-21 20:04:00,1,1.74,1,N,32,113,1,6.46,2.5,0.5,2.07,0.0,1.0,15.03,2.5,0.0
2,2023-05-21 20:34:00,2023-05-21 20:41:00,1,6.76,1,N,20,242,1,5.83,1.0,0.5,3.01,0.0,1.0,11.34,0.0,0.0
1,2023-05-21 20:46:00,2023-05-21 21:30:00,1,1.6,1,N,129,5,1,26.94,2.5,0.5,1.86,0.0,1.0,34.55,0.0,1.75
1,2023-05-21 22:47:00,2023-05-21 23:37:00,1,3.94,1,N,262,51,1,21.7,3.5,0.5,7.53,0.0,1.0,36.73,2.5,0.0
2,2023-05-22 00:07:00,2023-05-22 00:38:00,4,1.22,1,N,33,147,1,9.55,0.5,0.5,1.81,0.0,1.0,15.86,2.5,0.0
2,2023-05-22 00:45:00,2023-05-22 01:34:00,1,1.43,1,N,70,157,1,9.34,0.0,0.5,6.97,6.55,1.0,24.36,0.0,0.0
1,2023-05-22 01:17:00,2023-05-22 02:12:00,1,5.62,1,N,98,213,1,3.09,2.5,0.5,5.51,6.55,1.0,21.65,2.5,0.0
1,2023-05-22 01:27:00,2023-05-22 01:57:00,3,6.07,1,N,29,190,1,25.91,0.5,0.5,7.22,6.55,1.0,44.18,2.5,0.0
2,2023-05-22 02:36:00,2023-05-22 02:45:00,1,2.65,1,N,11,20,1,4.75,0.5,0.5,1.04,0.0,1.0,10.29,2.5,0.0
1,2023-05-22 02:36:00,2023-05-22 03:28:00,1,1.94,1,N,7,6,1,5.82,2.5,0.5,4.76,6.55,1.0,23.63,2.5,0.0
2,2023-05-22 02:39:00,2023-05-22 03:01:00,1,3.88,1,N,145,170,1,14.49,2.5,0.5,4.59,0.0,1.0,23.08,0.0,0.0
2,2023-05-22 07:42:00,2023-05-22 08:02:00,2,6.13,1,N,233,65,1,4.03,0.5,0.5,0.75,6.55,1.0,15.83,2.5,0.0
2,2023-05-22 08:41:00,2023-05-22 08:48:00,1,5.46,2,N,179,190,1,15.69,0.5,0.5,5.06,0.0,1.0,27.0,2.5,1.75
2,2023-05-22 12:54:00,2023-05-22 13:09:00,2,2.75,1,N,225,117,2,10.25,0.5,0.5,1.18,0.0,1.0,15.93,2.5,0.0
2,2023-05-22 13:14:00,2023-05-22 14:12:00,1,2.39,1,N,5,110,1,16.06,2.5,0.5,4.87,6.55,1.0,31.48,0.0,0.0
2,2023-05-22 13:41:00,2023-05-22 14:27:00,1,1.76,2,N,184,58,1,94.76,1.0,0.5,0.34,0.0,1.0,99.35,0.0,1.75
2,2023-05-22 15:41:00,2023-05-22 16:21:00,3,0.66,1,N,147,60,1,10.99,3.5,0.5,6.03,6.55,1.0,32.82,2.5,1.75
1,2023-05-22 22:06:00,2023-05-22 22:29:00,1,1.21,1,N,113,119,2,3.97,2.5,0.5,1.59,6.55,1.0,16.11,0.0,0.0
2,2023-05-22 23:31:00,2023-05-22 23:43:00,1,5.81,1,N,194,81,1,15.83,2.5,0.5,2.4,0.0,1.0,22.23,0.0,0.0
2,2023-05-23 00:55:00,2023-05-23 01:44:00,3,5.63,1,N,89,181,1,28.63,0.0,0.5,0.3,0.0,1.0,30.43,0.0,0.0
1,2023-05-23 02:03:00,2023-05-23 02:08:00,2,3.98,1,N,89,209,1,12.59,2.5,0.5,1.71,6.55,1.0,24.85,0.0,0.0
1,2023-05-23 02:15:00,2023-05-23 03:04:00,1,2.33,1,N,56,247,2,12.59,0.0,0.5,7.91,6.55,1.0,28.55,0.0,0.0
1,2023-05-23 04:00:00,2023-05-23 04:25:00,1,1.87,1,N,100,75,2,4.73,2.5,0.5,0.17,6.55,1.0,17.2,0.0,1.75
2,2023-05-23 07:23:00,2023-05-23 07:58:00,2,0.93,1,N,140,137,1,5.13,2.5,0.5,2.59,0.0,1.0,11.72,0.0,0.0
2,2023-05-23 09:21:00,2023-05-23 09:27:00,2,3.26,5,N,69,91,1,11.24,0.5,0.5,0.92,0.0,1.0,16.66,2.5,0.0
1,2023-05-23 11:17:00,2023-05-23 11:46:00,1,1.86,2,N,194,200,2,6.1,1.0,0.5,0.48,0.0,1.0,13.33,2.5,1.75
2,2023-05-23 17:50:00,2023-05-23 18:15:00,2,4.0,1,N,21,77,2,56.33,1.0,0.5,1.29,6.55,1.0,66.67,0.0,0.0
1,2023-05-23 20:55:00,2023-05-23 21:52:00,1,0.56,1,N,79,126,1,5.74,3.5,0.5,0.63,0.0,1.0,13.87,2.5,0.0
2,2023-05-23 21:28:00,2023-05-23 22:14:00,5,5.9,1,N,260,170,1,3.12,3.5,0.5,1.48,6.55,1.0,18.65,2.5,0.0
2,2023-05-23 21:36:00,2023-05-23 22:17:00,1,4.19,1,N,51,21,1,3.68,0.5,0.5,0.21,6.55,1.0,14.94,2.5,0.0
2,2023-05-24 05:31:00,2023-05-24 05:48:00,1,2.9,1,N,132,70,1,31.52,3.5,0.5,1.59,0.0,1.0,38.11,0.0,0.0
2,2023-05-24 08:02:00,2023-05-24 08:53:00,1,3.67,1,N,253,218,1,38.96,0.5,0.5,5.38,6.55,1.0,55.39,2.5,0.0
2,2023-05-24 09:26:00,2023-05-24 09:31:00,1,11.05,1,N,59,59,1,26.11,3.5,0.5,3.33,0.0,1.0,38.69,2.5,1.75
1,2023-05-24 09:27:00,2023-05-24 10:11:00,1,0.69,1,N,155,200,1,5.0,0.5,0.5,0.03,0.0,1.0,7.03,0.0,0.0
1,2023-05-24 10:04:00,2023-05-24 10:59:00,2,3.65,2,N,244,49,1,3.87,0.5,0.5,1.96,6.55,1.0,16.88,2.5,0.0
2,2023-05-24 10:28:00,2023-05-24 10:56:00,1,1.78,1,N,248,149,1,13.91,2.5,0.5,1.5,0.0,1.0,21.91,2.5,0.0
1,2023-05-24 10:35:00,2023-05-24 10:41:00,1,3.65,1,N,49,110,1,38.83,3.5,0.5,0.3,6.55,1.0,50.68,0.0,0.0
2,2023-05-24 15:26:00,2023-05-24 15:31:00,1,0.3,1,N,79,112,1,49.05,0.5,0.5,4.25,6.55,1.0,61.85,0.0,0.0
2,2023-05-24 16:23:00,2023-05-24 16:50:00,2,0.89,1,N,72,19,1,20.98,3.5,0.5,0.96,6.55,1.0,35.99,2.5,0.0
1,2023-05-24 17:00:00,2023-05-24 17:31:00,2,1.13,1,N,141,124,1,9.21,0.0,0.5,2.73,0.0,1.0,15.94,2.5,0.0
2,2023-05-24 17:48:00,2023-05-24 18:11:00,1,0.49,1,N,176,11,1,3.87,0.0,0.5,1.22,6.55,1.0,13.14,0.0,0.0
2,2023-05-24 20:19:00,2023-05-24 20:34:00,1,7.02,3,N,181,123,1,6.67,2.5,0.5,0.93,6.55,1.0,20.65,2.5,0.0
1,2023-05-24 23:52:00,2023-05-25 00:42:00,4,4.63,1,N,263,259,2,20.22,0.0,0.5,0.49,6.55,1.0,31.26,2.5,0.0
2,2023-05-25 01:20:00,2023-05-25 01:26:00,1,1.05,1,N,22,123,1,5.1,2.5,0.5,3.97,0.0,1.0,13.07,0.0,0.0
2,2023-05-25 03:56:00,2023-05-25 04:39:00,2,0.71,1,N,140,64,1,25.48,0.5,0.5,2.21,0.0,1.0,32.19,2.5,0.0
1,2023-05-25 04:06:00,2023-05-25 04:54:00,2,4.56,1,N,85,22,1,49.5,2.5,0.5,0.57,6.55,1.0,60.62,0.0,0.0
1,2023-05-25 04:09:00,2023-05-25 04:15:00,1,0.85,1,N,54,59,1,6.47,3.5,0.5,1.68,0.0,1.0,15.65,2.5,0.0
1,2023-05-25 06:52:00,2023-05-25 07:40:00,1,1.07,1,N,248,204,4,13.55,0.0,0.5,0.0,0.0,1.0,17.55,2.5,0.0
1,2023-05-25 08:09:00,2023-05-25 08:41:00,1,4.75,1,N,154,66,1,16.59,0.0,0.5,4.28,0.0,1.0,24.87,2.5,0.0
1,2023-05-25 08:29:00,2023-05-25 09:17:00,1,2.45,1,N,228,227,1,13.36,1.0,0.5,0.39,6.55,1.0,25.3,2.5,0.0
2,2023-05-25 10:20:00,2023-05-25 11:19:00,5,0.47,4,N,234,78,1,25.65,1.0,0.5,2.19,0.0,1.0,32.84,2.5,0.0
1,2023-05-25 10:30:00,2023-05-25 11:15:00,1,8.96,1,N,189,204,1,12.79,0.0,0.5,0.26,0.0,1.0,18.8,2.5,1.75
2,2023-05-25 12:44:00,2023-05-25 13:05:00,1,4.47,1,N,118,196,1,29.16,0.5,0.5,3.61,0.0,1.0,39.02,2.5,1.75
1,2023-05-25 12:59:00,2023-05-25 13:49:00,2,5.18,1,N,47,224,1,26.25,0.0,0.5,1.5,6.55,1.0,38.3,2.5,0.0
2,2023-05-25 15:01:00,2023-05-25 15:38:00,1,0.66,1,N,162,72,1,13.99,0.5,0.5,0.62,0.0,1.0,19.11,2.5,0.0
1,2023-05-25 17:52:00,2023-05-25 18:35:00,1,1.36,1,N,109,34,1,5.35,3.5,0.5,1.98,6.55,1.0,23.13,2.5,1.75
1,2023-05-25 19:24:00,2023-05-25 19:50:00,2,0.87,1,N,202,251,1,56.07,0.5,0.5,3.24,6.55,1.0,67.86,0.0,0.0
1,2023-05-25 23:45:00,2023-05-26 00:23:00,1,0.95,1,N,99,81,1,5.62,2.5,0.5,5.57,6.55,1.0,24.24,2.5,0.0
1,2023-05-25 23:46:00,2023-05-26 00:04:00,1,0.76,1,N,245,110,1,17.42,0.5,0.5,4.2,0.0,1.0,26.12,2.5,0.0
2,2023-05-26 00:59:00,2023-05-26 01:37:00,1,6.2,1,Y,258,118,2,3.63,3.5,0.5,0.11,0.0,1.0,8.74,0.0,0.0
2,2023-05-26 02:24:00,2023-05-26 03:23:00,1,0.71,1,N,78,186,1,15.97,2.5,0.5,1.12,0.0,1.0,21.09,0.0,0.0
1,2023-05-26 04:53:00,2023-05-26 05:21:00,3,1.05,1,N,158,179,2,7.26,0.5,0.5,0.22,6.55,1.0,18.53,2.5,0.0
1,2023-05-26 08:49:00,2023-05-26 09:48:00,1,2.8,2,N,89,52,4,17.83,0.5,0.5,12.69,0.0,1.0,36.77,2.5,1.75
2,2023-05-26 09:33:00,2023-05-26 10:19:00,1,7.84,1,N,190,93,1,12.87,2.5,0.5,1.97,6.55,1.0,25.39,0.0,0.0
1,2023-05-26 15:55:00,2023-05-26 16:30:00,1,1.89,1,N,49,44,2,7.15,0.0,0.5,8.95,0.0,1.0,20.1,2.5,0.0
1,2023-05-26 20:17:00,2023-05-26 20:35:00,4,1.82,1,N,35,154,1,57.9,3.5,0.5,2.71,0.0,1.0,68.11,2.5,0.0
2,2023-05-26 20:48:00,2023-05-26 21:04:00,1,1.86,1,N,189,186,2,4.82,0.0,0.5,4.11,0.0,1.0,14.68,2.5,1.75
1,2023-05-26 21:37:00,2023-05-26 22:34:00,1,2.09,1,N,69,240,1,7.19,0.0,0.5,2.96,6.55,1.0,22.45,2.5,1.75
2,2023-05-26 22:56:00,2023-05-26 23:33:00,1,4.56,1,N,212,124,2,11.25,0.0,0.5,0.33,6.55,1.0,21.38,0.0,1.75
2,2023-05-27 00:54:00,2023-05-27 01:53:00,1,7.51,1,Y,104,63,1,16.26,3.5,0.5,0.89,0.0,1.0,24.65,2.5,0.0
2,2023-05-27 03:28:00,2023-05-27 03:40:00,1,0.85,1,N,153,127,3,5.11,2.5,0.5,0.5,0.0,1.0,13.86,2.5,1.75
2,2023-05-27 05:05:00,2023-05-27 05:34:00,3,6.09,1,N,90,148,1,52.48,0.5,0.5,0.93,0.0,1.0,59.66,2.5,1.75
1,2023-05-27 09:29:00,2023-05-27 10:13:00,1,3.44,1,N,109,99,1,9.0,0.0,0.5,0.26,0.0,1.0,13.26,2.5,0.0
1,2023-05-27 15:04:00,2023-05-27 15:13:00,1,0.48,1,N,4,49,1,26.37,0.5,0.5,3.24,6.55,1.0,40.66,2.5,0.0
1,2023-05-27 15:54:00,2023-05-27 16:10:00,1,3.47,1,N,233,88,1,28.81,3.5,0.5,2.62,0.0,1.0,36.43,0.0,0.0
2,2023-05-27 21:09:00,2023-05-27 21:26:00,3,10.63,1,N,130,91,3,32.69,2.5,0.5,1.07,0.0,1.0,40.26,2.5,0.0
1,2023-05-28 01:20:00,2023-05-28 01:39:00,2,3.0,1,N,136,157,1,5.96,0.0,0.5,2.87,0.0,1.0,14.58,2.5,1.75
2,2023-05-28 01:51:00,2023-05-28 02:09:00,1,0.9,1,N,122,103,1,6.79,0.5,0.5,1.63,6.55,1.0,21.22,2.5,1.75
1,2023-05-28 02:10:00,2023-05-28 02:45:00,1,2.13,1,N,155,66,1,7.04,1.0,0.5,0.65,0.0,1.0,14.44,2.5,1.75
2,2023-05-28 02:30:00,2023-05-28 03:03:00,1,0.55,1,N,122,220,1,9.7,1.0,0.5,0.39,0.0,1.0,15.09,2.5,0.0
2,2023-05-28 02:37:00,2023-05-28 03:08:00,2,1.85,1,N,3,211,1,19.44,3.5,0.5,1.07,0.0,1.0,25.51,0.0,0.0
2,2023-05-28 04:31:00,2023-05-28 05:21:00,1,8.14,2,N,20,152,2,4.73,1.0,0.5,1.74,0.0,1.0,11.47,2.5,0.0
1,2023-05-28 04:37:00,2023-05-28 05:34:00,1,8.26,1,N,174,177,1,19.93,1.0,0.5,1.0,6.55,1.0,32.48,2.5,0.0
2,2023-05-28 09:15:00,2023-05-28 09:28:00,1,1.36,1,N,6,242,1,6.2,3.5,0.5,1.71,0.0,1.0,15.41,2.5,0.0
2,2023-05-28 12:56:00,2023-05-28 13:39:00,1,0.75,1,N,12,152,2,7.52,3.5,0.5,1.41,6.55,1.0,22.98,2.5,0.0
2,2023-05-28 15:23:00,2023-05-28 15:47:00,1,1.75,1,Y,106,196,1,4.07,0.0,0.5,1.67,0.0,1.0,9.74,2.5,0.0
2,2023-05-28 18:21:00,2023-05-28 18:42:00,1,0.71,1,N,199,179,1,16.36,2.5,0.5,1.83,6.55,1.0,28.74,0.0,0.0
2,2023-05-28 18:32:00,2023-05-28 19:16:00,2,0.85,1,N,28,52,1,17.57,0.5,0.5,2.54,0.0,1.0,24.61,2.5,0.0
1,2023-05-28 20:10:00,2023-05-28 20:52:00,1,2.44,5,N,79,196,1,13.65,0.0,0.5,0.03,0.0,1.0,19.43,2.5,1.75
2,2023-05-28 21:03:00,2023-05-28 21:54:00,1,2.03,1,N,234,126,1,8.42,0.0,0.5,1.79,0.0,1.0,14.21,2.5,0.0
1,2023-05-28 21:37:00,2023-05-28 21:47:00,2,1.77,1,N,194,23,1,15.08,3.5,0.5,0.69,6.55,1.0,29.82,2.5,0.0
2,2023-05-28 22:30:00,2023-05-28 22:37:00,1,6.81,1,N,161,2,1,9.51,0.5,0.5,0.04,0.0,1.0,11.55,0.0,0.0
2,2023-05-29 02:46:00,2023-05-29 03:23:00,1,0.97,1,N,264,261,1,7.77,0.0,0.5,0.37,6.55,1.0,18.69,2.5,0.0
2,2023-05-29 05:36:00,2023-05-29 06:20:00,2,3.46,1,N,248,223,2,3.27,0.0,0.5,8.18,0.0,1.0,14.7,0.0,1.75
2,2023-05-29 07:27:00,2023-05-29 07:41:00,2,0.96,1,N,67,178,1,3.98,3.5,0.5,1.17,6.55,1.0,19.2,2.5,0.0
2,2023-05-29 08:06:00,2023-05-29 08:12:00,1,6.09,1,N,100,222,1,10.47,0.0,0.5,0.08,6.55,1.0,21.1,2.5,0.0
2,2023-05-29 12:53:00,2023-05-29 13:10:00,3,0.91,1,N,44,135,1,50.2,0.0,0.5,4.57,6.55,1.0,65.32,2.5,0.0
1,2023-05-29 13:20:00,2023-05-29 13:50:00,1,0.56,1,N,232,157,2,21.08,1.0,0.5,1.66,0.0,1.0,25.24,0.0,0.0
1,2023-05-29 13:42:00,2023-05-29 14:04:00,2,1.12,1,N,116,155,1,31.47,0.0,0.5,3.16,6.55,1.0,45.18,2.5,0.0
2,2023-05-29 13:45:00,2023-05-29 14:44:00,1,3.77,1,N,227,151,1,11.93,0.5,0.5,0.6,0.0,1.0,18.78,2.5,1.75
2,2023-05-29 14:21:00,2023-05-29 15:05:00,1,5.57,2,N,27,199,1,7.67,3.5,0.5,1.18,0.0,1.0,16.35,2.5,0.0
2,2023-05-29 15:00:00,2023-05-29 15:26:00,1,2.56,1,N,173,188,1,28.13,0.0,0.5,5.76,6.55,1.0,44.44,2.5,0.0
2,2023-05-29 16:47:00,2023-05-29 17:13:00,1,3.21,1,N,215,240,1,11.15,3.5,0.5,4.49,6.55,1.0,27.19,0.0,0.0
1,2023-05-29 17:36:00,2023-05-29 18:34:00,2,3.26,1,N,104,62,1,16.48,2.5,0.5,0.89,6.55,1.0,30.42,2.5,0.0
1,2023-05-29 19:23:00,2023-05-29 20:06:00,1,0.52,1,N,153,36,2,10.89,0.0,0.5,1.95,6.55,1.0,23.39,2.5,0.0
2,2023-05-29 19:44:00,2023-05-29 20:36:00,1,0.77,1,N,110,20,1,10.55,1.0,0.5,2.56,0.0,1.0,18.11,2.5,0.0
2,2023-05-29 21:52:00,2023-05-29 22:27:00,1,0.47,1,N,249,138,1,13.85,0.0,0.5,2.84,0.0,1.0,20.69,2.5,0.0
2,2023-05-29 23:32:00,2023-05-29 23:47:00,1,1.73,4,N,69,217,1,18.09,0.0,0.5,0.98,6.55,1.0,29.62,2.5,0.0
2,2023-05-30 03:24:00,2023-05-30 04:17:00,4,1.18,1,N,260,86,2,28.77,0.0,0.5,3.36,0.0,1.0,37.88,2.5,1.75
1,2023-05-30 04:35:00,2023-05-30 04:58:00,3,2.03,1,N,217,226,1,14.51,0.0,0.5,2.18,0.0,1.0,20.69,2.5,0.0
2,2023-05-30 05:19:00,2023-05-30 05:28:00,1,0.98,1,N,130,229,1,22.99,3.5,0.5,0.84,0.0,1.0,31.33,2.5,0.0
2,2023-05-30 08:08:00,2023-05-30 08:53:00,4,1.51,1,N,88,128,1,26.34,0.0,0.5,0.14,6.55,1.0,37.03,2.5,0.0
2,2023-05-30 14:00:00,2023-05-30 14:39:00,2,8.34,1,N,92,244,2,35.3,0.0,0.5,0.02,6.55,1.0,47.62,2.5,1.75
1,2023-05-30 16:38:00,2023-05-30 16:51:00,1,6.47,1,N,65,21,1,4.76,2.5,0.5,0.46,0.0,1.0,9.22,0.0,0.0
2,2023-05-30 19:05:00,2023-05-30 19:42:00,2,1.36,1,N,218,100,2,60.99,1.0,0.5,0.85,0.0,1.0,64.34,0.0,0.0
2,2023-05-31 03:04:00,2023-05-31 03:47:00,1,1.66,2,N,248,100,1,22.71,0.5,0.5,6.07,0.0,1.0,33.28,2.5,0.0
2,2023-05-31 03:24:00,2023-05-31 03:50:00,1,3.1,1,N,235,152,1,24.17,0.5,0.5,1.56,0.0,1.0,27.73,0.0,0.0
2,2023-05-31 07:34:00,2023-05-31 07:43:00,2,0.63,1,N,178,154,1,22.77,3.5,0.5,1.69,0.0,1.0,33.71,2.5,1.75
1,2023-05-31 07:44:00,2023-05-31 07:56:00,1,0.47,1,N,1,36,1,17.21,0.5,0.5,0.33,6.55,1.0,28.59,2.5,0.0
2,2023-05-31 08:06:00,2023-05-31 08:24:00,4,0.45,1,N,26,84,1,9.12,0.5,0.5,1.25,6.55,1.0,21.42,2.5,0.0
2,2023-05-31 10:21:00,2023-05-31 10:53:00,1,0.32,1,N,96,101,1,23.31,2.5,0.5,6.32,0.0,1.0,36.13,2.5,0.0
1,2023-05-31 12:30:00,2023-05-31 13:27:00,1,0.91,1,N,230,34,1,9.18,3.5,0.5,4.71,0.0,1.0,21.39,2.5,0.0
2,2023-05-31 13:43:00,2023-05-31 14:16:00,1,3.18,1,N,219,224,1,26.58,0.5,0.5,0.39,0.0,1.0,28.97,0.0,0.0
1,2023-05-31 17:09:00,2023-05-31 17:55:00,1,2.68,1,N,120,127,1,34.56,0.0,0.5,0.48,0.0,1.0,36.54,0.0,0.0
2,2023-05-31 17:13:00,2023-05-31 17:32:00,1,1.48,1,N,92,67,1,12.07,2.5,0.5,0.84,6.55,1.0,25.96,2.5,0.0
2,2023-05-31 17:40:00,2023-05-31 17:50:00,1,3.66,1,N,234,213,2,3.99,1.0,0.5,1.33,0.0,1.0,7.82,0.0,0.0
1,2023-05-31 17:50:00,2023-05-31 18:43:00,1,1.31,1,N,12,158,1,6.38,2.5,0.5,2.2,6.55,1.0,21.63,2.5,0.0
1,2023-05-31 20:15:00,2023-05-31 20:39:00,1,3.38,1,N,90,264,1,29.48,2.5,0.5,8.08,0.0,1.0,44.06,2.5,0.0
1,2023-05-31 20:28:00,2023-05-31 21:01:00,1,4.65,3,N,152,39,1,26.03,3.5,0.5,2.46,6.55,1.0,40.04,0.0,0.0
2,2023-05-31 21:25:00,2023-05-31 22:01:00,1,2.81,1,N,176,116,1,13.3,2.5,0.5,6.89,6.55,1.0,30.74,0.0,0.0
2,2023-05-31 21:54:00,2023-05-31 22:20:00,1,7.8,1,N,239,30,1,12.26,3.5,0.5,0.14,6.55,1.0,26.45,2.5,0.0
1,2023-05-31 22:02:00,2023-05-31 22:27:00,1,0.77,1,N,192,246,1,30.28,3.5,0.5,0.92,0.0,1.0,38.7,2.5,0.0
1,2023-05-31 23:20:00,2023-05-31 23:25:00,1,6.42,1,N,166,42,1,15.07,0.5,0.5,1.68,6.55,1.0,29.55,2.5,1.75
1,2023-06-01 01:16:00,2023-06-01 01:29:00,1,1.1,1,N,240,77,2,27.45,1.0,0.5,0.06,0.0,1.0,34.26,2.5,1.75
2,2023-06-01 02:23:00,2023-06-01 02:58:00,4,2.52,1,N,117,240,1,20.09,3.5,0.5,0.37,0.0,1.0,27.96,2.5,0.0
2,2023-06-01 04:46:00,2023-06-01 05:34:00,1,0.59,5,N,240,64,1,34.39,0.0,0.5,3.37,0.0,1.0,39.26,0.0,0.0
2,2023-06-01 05:01:00,2023-06-01 05:11:00,1,1.31,1,N,85,228,1,17.37,1.0,0.5,0.68,0.0,1.0,20.55,0.0,0.0
2,2023-06-01 05:30:00,2023-06-01 05:39:00,2,7.69,1,N,149,131,1,7.86,3.5,0.5,7.16,0.0,1.0,20.02,0.0,0.0
1,2023-06-01 06:13:00,2023-06-01 06:36:00,1,5.76,1,N,226,209,1,8.5,2.5,0.5,4.58,0.0,1.0,17.08,0.0,0.0
1,2023-06-01 09:00:00,2023-06-01 09:09:00,1,3.33,1,N,144,124,2,42.75,1.0,0.5,1.02,6.55,1.0,57.07,2.5,1.75
2,2023-06-01 11:26:00,2023-06-01 11:43:00,2,0.31,1,N,205,28,3,6.34,2.5,0.5,2.0,6.55,1.0,21.39,2.5,0.0
1,2023-06-01 11:34:00,2023-06-01 12:02:00,3,3.4,1,N,157,128,4,14.81,2.5,0.5,0.07,6.55,1.0,27.18,0.0,1.75
1,2023-06-01 14:26:00,2023-06-01 15:20:00,1,2.49,2,N,149,227,2,39.11,0.5,0.5,0.82,0.0,1.0,46.18,2.5,1.75
2,2023-06-01 16:01:00,2023-06-01 16:38:00,1,1.41,1,N,56,7,1,39.83,0.0,0.5,1.41,6.55,1.0,53.54,2.5,1.75
1,2023-06-01 19:19:00,2023-06-01 20:17:00,1,0.88,2,N,175,233,1,20.25,1.0,0.5,2.63,0.0,1.0,27.88,2.5,0.0
2,2023-06-02 01:27:00,2023-06-02 01:58:00,1,7.91,1,N,142,198,2,24.68,0.5,0.5,1.52,0.0,1.0,28.2,0.0,0.0
2,2023-06-02 01:29:00,2023-06-02 01:53:00,2,2.33,1,N,60,3,2,4.78,3.5,0.5,2.32,0.0,1.0,12.1,0.0,0.0
2,2023-06-02 02:55:00,2023-06-02 03:29:00,1,0.66,1,N,59,17,1,13.7,2.5,0.5,0.25,0.0,1.0,17.95,0.0,0.0
2,2023-06-02 04:08:00,2023-06-02 04:54:00,1,1.36,1,N,253,47,2,10.05,0.0,0.5,1.5,6.55,1.0,22.1,2.5,0.0
2,2023-06-02 05:42:00,2023-06-02 06:32:00,1,2.73,1,N,130,1,1,13.92,1.0,0.5,6.7,0.0,1.0,25.62,2.5,0.0
2,2023-06-02 10:46:00,2023-06-02 10:51:00,1,0.32,1,N,234,215,1,13.04,1.0,0.5,1.22,0.0,1.0,21.01,2.5,1.75
2,2023-06-02 13:47:00,2023-06-02 14:07:00,1,1.44,3,N,124,72,2,25.26,1.0,0.5,1.48,0.0,1.0,31.74,2.5,0.0
1,2023-06-02 14:04:00,2023-06-02 14:16:00,4,3.57,3,N,217,21,2,35.59,1.0,0.5,10.03,6.55,1.0,57.17,2.5,0.0
2,2023-06-02 14:10:00,2023-06-02 14:49:00,3,0.65,1,N,199,167,1,27.94,1.0,0.5,0.2,0.0,1.0,33.14,2.5,0.0
1,2023-06-02 15:00:00,2023-06-02 15:32:00,2,2.11,2,N,152,6,1,7.73,0.0,0.5,4.38,0.0,1.0,16.11,2.5,0.0
1,2023-06-02 17:30:00,2023-06-02 18:19:00,1,4.29,1,N,159,117,2,15.49,0.5,0.5,6.15,6.55,1.0,32.69,2.5,0.0
2,2023-06-02 18:03:00,2023-06-02 18:58:00,4,0.5,1,N,97,128,1,9.23,1.0,0.5,0.01,0.0,1.0,14.24,2.5,0.0
2,2023-06-02 21:16:00,2023-06-02 21:55:00,3,0.51,1,N,175,74,1,18.44,1.0,0.5,0.08,6.55,1.0,30.07,2.5,0.0
2,2023-06-02 21:29:00,2023-06-02 22:22:00,1,1.55,1,N,126,248,4,12.18,2.5,0.5,1.96,6.55,1.0,24.69,0.0,0.0
1,2023-06-02 21:38:00,2023-06-02 22:28:00,1,1.33,1,N,248,181,1,9.69,2.5,0.5,3.46,0.0,1.0,19.65,2.5,0.0
2,2023-06-02 21:44:00,2023-06-02 22:09:00,1,5.76,1,N,199,34,1,7.12,1.0,0.5,1.49,0.0,1.0,13.61,2.5,0.0
2,2023-06-02 23:23:00,2023-06-03 00:15:00,1,0.45,1,N,2,219,1,25.63,2.5,0.5,3.89,0.0,1.0,33.52,0.0,0.0
1,2023-06-03 00:37:00,2023-06-03 01:02:00,2,1.87,1,Y,35,207,1,22.49,2.5,0.5,4.96,0.0,1.0,31.45,0.0,0.0
1,2023-06-03 02:22:00,2023-06-03 03:13:00,1,1.09,1,N,136,251,1,5.39,1.0,0.5,0.91,0.0,1.0,8.8,0.0,0.0
1,2023-06-03 09:24:00,2023-06-03 09:59:00,4,1.09,1,N,89,83,1,17.2,1.0,0.5,0.37,0.0,1.0,21.82,0.0,1.75
1,2023-06-03 10:15:00,2023-06-03 10:34:00,3,2.61,1,N,69,100,1,8.92,0.0,0.5,4.25,6.55,1.0,21.22,0.0,0.0
2,2023-06-03 10:51:00,2023-06-03 11:44:00,1,0.44,1,N,96,167,1,3.56,3.5,0.5,3.7,0.0,1.0,14.76,2.5,0.0
2,2023-06-03 10:52:00,2023-06-03 11:04:00,5,6.86,1,N,215,109,2,5.65,0.5,0.5,4.42,0.0,1.0,12.07,0.0,0.0
2,2023-06-03 11:04:00,2023-06-03 11:21:00,1,0.45,1,N,70,217,1,11.67,1.0,0.5,6.52,0.0,1.0,23.19,2.5,0.0
2,2023-06-03 11:55:00,2023-06-03 12:42:00,1,6.06,1,N,206,95,1,9.86,3.5,0.5,1.99,6.55,1.0,27.65,2.5,1.75
2,2023-06-03 12:54:00,2023-06-03 13:23:00,1,0.39,1,N,7,90,1,15.76,0.0,0.5,3.49,6.55,1.0,29.05,0.0,1.75
2,2023-06-03 12:55:00,2023-06-03 13:08:00,1,2.54,1,N,45,32,1,4.08,2.5,0.5,1.31,0.0,1.0,11.89,2.5,0.0
2,2023-06-03 17:33:00,2023-06-03 17:40:00,3,5.28,1,N,260,48,2,3.82,2.5,0.5,0.05,6.55,1.0,14.42,0.0,0.0
2,2023-06-03 18:21:00,2023-06-03 18:44:00,1,5.39,1,N,116,108,1,14.64,0.5,0.5,1.84,0.0,1.0,18.48,0.0,0.0
2,2023-06-03 19:08:00,2023-06-03 19:44:00,1,0.4,1,N,186,46,3,13.36,0.0,0.5,5.71,0.0,1.0,23.07,2.5,0.0
1,2023-06-03 20:32:00,2023-06-03 20:39:00,1,2.91,1,N,225,41,1,9.09,2.5,0.5,3.32,6.55,1.0,25.46,2.5,0.0
1,2023-06-04 02:03:00,2023-06-04 02:56:00,2,1.6,1,N,257,115,1,15.4,3.5,0.5,1.22,0.0,1.0,21.62,0.0,0.0
1,2023-06-04 02:08:00,2023-06-04 02:36:00,1,11.48,1,N,110,199,2,9.74,0.0,0.5,1.75,0.0,1.0,15.49,2.5,0.0
2,2023-06-04 02:17:00,2023-06-04 02:31:00,1,2.33,1,N,222,210,1,5.13,3.5,0.5,2.67,6.55,1.0,21.1,0.0,1.75
1,2023-06-04 03:32:00,2023-06-04 03:57:00,3,2.67,1,N,162,118,1,7.82,0.0,0.5,3.42,6.55,1.0,21.79,2.5,0.0
2,2023-06-04 05:24:00,2023-06-04 05:47:00,3,0.93,2,N,41,190,1,4.54,2.5,0.5,5.29,0.0,1.0,13.83,0.0,0.0
2,2023-06-04 06:03:00,2023-06-04 06:14:00,1,8.12,4,N,225,153,2,9.61,2.5,0.5,7.17,0.0,1.0,20.78,0.0,0.0
2,2023-06-04 06:08:00,2023-06-04 06:59:00,2,9.19,1,N,200,205,1,7.93,0.0,0.5,1.17,0.0,1.0,13.1,2.5,0.0
2,2023-06-04 09:17:00,2023-06-04 09:51:00,1,1.56,1,N,77,63,1,23.82,3.5,0.5,3.08,0.0,1.0,34.4,2.5,0.0
1,2023-06-04 09:20:00,2023-06-04 09:40:00,1,0.74,1,N,176,10,1,3.7,2.5,0.5,0.1,0.0,1.0,10.3,2.5,0.0
1,2023-06-04 13:02:00,2023-06-04 13:58:00,4,0.6,1,N,43,118,2,6.79,1.0,0.5,1.3,0.0,1.0,13.09,2.5,0.0
1,2023-06-04 14:33:00,2023-06-04 15:14:00,1,1.63,1,N,196,23,1,13.18,3.5,0.5,2.95,0.0,1.0,21.13,0.0,0.0
2,2023-06-04 16:04:00,2023-06-04 16:50:00,1,1.04,1,N,220,55,1,21.5,0.5,0.5,5.48,6.55,1.0,38.03,2.5,0.0
2,2023-06-04 18:26:00,2023-06-04 18:48:00,1,0.76,1,N,5,196,1,29.01,1.0,0.5,3.29,0.0,1.0,37.3,2.5,0.0
1,2023-06-04 21:14:00,2023-06-04 21:47:00,1,3.3,1,N,105,167,1,7.15,1.0,0.5,2.01,0.0,1.0,11.66,0.0,0.0
1,2023-06-04 21:48:00,2023-06-04 22:04:00,1,1.05,1,N,154,73,1,12.67,3.5,0.5,0.18,0.0,1.0,22.1,2.5,1.75
2,2023-06-04 23:25:00,2023-06-04 23:30:00,2,6.75,1,N,264,194,1,10.89,3.5,0.5,4.79,0.0,1.0,23.18,2.5,0.0
2,2023-06-05 02:12:00,2023-06-05 02:23:00,5,1.47,1,N,137,221,2,6.81,2.5,0.5,1.88,0.0,1.0,15.19,2.5,0.0
1,2023-06-05 04:21:00,2023-06-05 04:50:00,1,0.7,1,N,176,32,1,4.63,1.0,0.5,1.28,0.0,1.0,12.66,2.5,1.75
1,2023-06-05 04:52:00,2023-06-05 05:11:00,1,2.77,1,N,63,170,2,4.75,3.5,0.5,3.58,0.0,1.0,15.83,2.5,0.0
2,2023-06-05 05:36:00,2023-06-05 06:24:00,4,5.64,1,N,154,10,1,24.68,2.5,0.5,0.34,0.0,1.0,31.52,2.5,0.0
2,2023-06-05 06:03:00,2023-06-05 06:39:00,4,2.58,1,N,8,82,1,11.27,0.0,0.5,0.93,0.0,1.0,13.7,0.0,0.0
2,2023-06-05 09:37:00,2023-06-05 09:43:00,3,8.88,1,N,191,124,2,13.85,0.5,0.5,3.23,6.55,1.0,25.63,0.0,0.0
1,2023-06-05 10:10:00,2023-06-05 10:20:00,1,4.93,1,N,174,55,1,7.09,1.0,0.5,1.57,6.55,1.0,20.21,2.5,0.0
1,2023-06-05 11:34:00,2023-06-05 12:24:00,1,0.57,1,N,105,36,1,3.57,2.5,0.5,3.11,0.0,1.0,13.18,2.5,0.0
2,2023-06-05 13:12:00,2023-06-05 13:22:00,1,3.06,1,N,8,262,3,4.54,1.0,0.5,0.54,0.0,1.0,9.33,0.0,1.75
2,2023-06-05 13:41:00,2023-06-05 14:31:00,1,1.45,1,N,241,99,1,22.72,3.5,0.5,1.36,0.0,1.0,31.58,2.5,0.0
2,2023-06-05 14:22:00,2023-06-05 15:21:00,2,2.81,1,N,185,120,1,23.02,0.5,0.5,2.13,0.0,1.0,29.65,2.5,0.0
2,2023-06-05 15:37:00,2023-06-05 16:16:00,2,8.78,1,N,187,96,1,3.21,3.5,0.5,1.75,6.55,1.0,20.76,2.5,1.75
1,2023-06-05 23:25:00,2023-06-05 23:44:00,5,1.46,1,N,184,103,1,10.74,2.5,0.5,1.29,0.0,1.0,18.53,2.5,0.0
2,2023-06-06 00:55:00,2023-06-06 01:48:00,4,2.28,1,N,84,132,1,10.64,0.0,0.5,1.36,0.0,1.0,16.0,2.5,0.0
2,2023-06-06 01:37:00,2023-06-06 01:45:00,2,0.83,1,N,63,220,1,4.52,3.5,0.5,2.49,6.55,1.0,18.56,0.0,0.0
2,2023-06-06 06:19:00,2023-06-06 06:33:00,3,1.11,1,N,50,257,1,16.06,1.0,0.5,2.69,0.0,1.0,23.75,2.5,0.0
2,2023-06-06 06:49:00,2023-06-06 06:58:00,2,0.34,1,N,26,58,1,32.26,2.5,0.5,5.47,0.0,1.0,45.98,2.5,1.75
2,2023-06-06 08:40:00,2023-06-06 09:04:00,2,7.23,1,N,83,129,1,17.87,2.5,0.5,2.68,6.55,1.0,33.6,2.5,0.0
2,2023-06-06 10:41:00,2023-06-06 11:31:00,1,1.94,1,N,176,142,1,8.09,0.5,0.5,0.31,0.0,1.0,14.65,2.5,1.75
1,2023-06-06 11:14:00,2023-06-06 11:55:00,3,1.79,1,N,132,151,1,31.86,1.0,0.5,0.49,0.0,1.0,37.35,2.5,0.0
1,2023-06-06 12:11:00,2023-06-06 12:32:00,1,5.25,1,N,66,116,2,11.76,2.5,0.5,1.11,0.0,1.0,19.37,2.5,0.0
2,2023-06-06 12:31:00,2023-06-06 12:51:00,1,5.56,1,Y,14,262,1,7.29,3.5,0.5,13.21,6.55,1.0,33.8,0.0,1.75
2,2023-06-06 12:53:00,2023-06-06 13:21:00,1,6.46,1,N,149,211,4,8.24,1.0,0.5,0.55,0.0,1.0,13.79,2.5,0.0
1,2023-06-06 13:49:00,2023-06-06 14:23:00,3,1.26,1,N,171,97,1,6.42,3.5,0.5,7.93,6.55,1.0,25.9,0.0,0.0
2,2023-06-06 17:27:00,2023-06-06 17:55:00,1,0.74,1,N,192,234,1,4.37,0.5,0.5,0.71,0.0,1.0,9.58,2.5,0.0
2,2023-06-06 21:59:00,2023-06-06 22:41:00,1,9.49,1,N,76,37,1,12.65,0.5,0.5,2.2,0.0,1.0,19.35,2.5,0.0
1,2023-06-06 23:38:00,2023-06-06 23:47:00,1,10.87,1,N,219,184,1,11.54,1.0,0.5,0.44,0.0,1.0,18.73,2.5,1.75
2,2023-06-07 01:16:00,2023-06-07 01:32:00,3,0.75,5,N,139,185,3,52.41,0.5,0.5,1.71,0.0,1.0,58.62,2.5,0.0
2,2023-06-07 02:56:00,2023-06-07 03:21:00,1,1.41,1,N,212,214,1,5.14,0.5,0.5,4.39,0.0,1.0,14.03,2.5,0.0
2,2023-06-07 04:57:00,2023-06-07 05:15:00,1,0.67,1,Y,216,34,2,22.59,0.0,0.5,1.53,6.55,1.0,34.67,2.5,0.0
1,2023-06-07 06:13:00,2023-06-07 07:06:00,1,0.8,1,N,66,115,1,31.13,3.5,0.5,0.05,0.0,1.0,36.18,0.0,0.0
1,2023-06-07 07:07:00,2023-06-07 07:50:00,1,0.86,1,N,254,121,1,9.27,2.5,0.5,4.49,0.0,1.0,20.26,2.5,0.0
2,2023-06-07 08:12:00,2023-06-07 08:28:00,1,3.34,1,N,90,63,1,12.75,0.5,0.5,1.34,6.55,1.0,25.14,2.5,0.0
1,2023-06-07 10:47:00,2023-06-07 11:09:00,1,2.16,2,N,92,170,1,37.3,3.5,0.5,0.01,6.55,1.0,51.36,2.5,0.0
1,2023-06-07 12:17:00,2023-06-07 12:54:00,1,2.22,1,N,183,211,1,17.68,2.5,0.5,0.65,0.0,1.0,22.33,0.0,0.0
1,2023-06-07 17:35:00,2023-06-07 18:09:00,1,1.65,1,N,140,11,1,4.33,1.0,0.5,0.92,6.55,1.0,18.55,2.5,1.75
1,2023-06-07 18:29:00,2023-06-07 18:53:00,1,1.98,1,N,129,119,1,3.97,0.5,0.5,1.72,0.0,1.0,7.69,0.0,0.0
1,2023-06-07 18:43:00,2023-06-07 19:41:00,1,1.15,1,N,143,241,1,38.8,1.0,0.5,3.77,0.0,1.0,45.07,0.0,0.0
2,2023-06-07 20:06:00,2023-06-07 20:35:00,4,8.0,1,N,103,94,1,21.51,2.5,0.5,2.57,0.0,1.0,30.58,2.5,0.0
1,2023-06-08 00:59:00,2023-06-08 01:28:00,1,1.54,1,N,237,232,1,13.68,0.0,0.5,0.26,0.0,1.0,17.94,2.5,0.0
1,2023-06-08 02:05:00,2023-06-08 02:48:00,2,0.74,1,N,186,104,1,11.71,0.5,0.5,4.07,6.55,1.0,24.33,0.0,0.0
2,2023-06-08 06:17:00,2023-06-08 07:09:00,4,1.71,1,N,63,203,1,4.51,0.0,0.5,0.47,6.55,1.0,13.03,0.0,0.0
2,2023-06-08 06:29:00,2023-06-08 06:48:00,1,7.81,1,N,182,56,1,3.31,3.5,0.5,0.88,0.0,1.0,11.69,2.5,0.0
1,2023-06-08 09:11:00,2023-06-08 09:41:00,1,3.07,1,N,200,175,1,7.28,3.5,0.5,0.65,0.0,1.0,15.43,2.5,0.0
2,2023-06-08 09:11:00,2023-06-08 10:05:00,1,2.01,1,N,125,255,1,17.45,3.5,0.5,0.93,0.0,1.0,25.88,2.5,0.0
1,2023-06-08 10:09:00,2023-06-08 11:07:00,1,3.85,1,N,22,125,1,14.97,0.5,0.5,0.52,0.0,1.0,19.99,2.5,0.0
2,2023-06-08 13:38:00,2023-06-08 14:05:00,4,1.78,1,N,94,199,1,20.42,0.5,0.5,1.1,0.0,1.0,26.02,2.5,0.0
2,2023-06-08 16:24:00,2023-06-08 17:14:00,1,2.56,1,N,95,201,1,3.66,0.0,0.5,1.14,0.0,1.0,6.3,0.0,0.0
1,2023-06-08 16:26:00,2023-06-08 16:51:00,1,1.4,1,N,43,9,1,7.14,3.5,0.5,8.74,0.0,1.0,25.13,2.5,1.75
2,2023-06-08 17:36:00,2023-06-08 17:46:00,1,5.21,1,N,47,184,1,18.19,3.5,0.5,4.12,6.55,1.0,38.11,2.5,1.75
2,2023-06-08 17:44:00,2023-06-08 17:49:00,2,1.46,1,N,4,153,1,11.49,0.0,0.5,4.16,0.0,1.0,19.65,2.5,0.0
2,2023-06-08 23:31:00,2023-06-08 23:38:00,1,1.13,1,N,43,48,1,4.73,0.5,0.5,4.22,0.0,1.0,13.45,2.5,0.0
1,2023-06-09 00:21:00,2023-06-09 00:34:00,1,7.46,1,N,183,134,2,4.27,3.5,0.5,4.62,0.0,1.0,16.39,2.5,0.0
2,2023-06-09 01:27:00,2023-06-09 02:08:00,1,0.85,4,N,221,127,1,9.46,3.5,0.5,0.1,6.55,1.0,23.61,2.5,0.0
1,2023-06-09 02:24:00,2023-06-09 03:09:00,1,2.43,2,N,70,108,1,7.19,3.5,0.5,0.39,0.0,1.0,15.08,2.5,0.0
1,2023-06-09 03:27:00,2023-06-09 03:35:00,1,3.06,1,N,63,11,1,5.02,0.5,0.5,3.21,0.0,1.0,14.48,2.5,1.75
2,2023-06-09 03:49:00,2023-06-09 04:24:00,5,0.83,1,N,146,231,2,11.53,1.0,0.5,2.6,0.0,1.0,18.38,0.0,1.75
1,2023-06-09 05:44:00,2023-06-09 06:05:00,1,0.83,1,N,91,192,1,24.28,1.0,0.5,1.28,0.0,1.0,28.06,0.0,0.0
1,2023-06-09 10:17:00,2023-06-09 10:25:00,1,1.31,1,N,256,255,2,27.35,0.0,0.5,4.18,0.0,1.0,35.53,2.5,0.0
1,2023-06-09 16:27:00,2023-06-09 16:49:00,1,2.96,1,N,35,24,1,15.0,1.0,0.5,2.44,0.0,1.0,24.19,2.5,1.75
2,2023-06-09 18:57:00,2023-06-09 19:32:00,3,4.3,1,N,151,88,1,22.08,0.5,0.5,1.89,0.0,1.0,28.47,2.5,0.0
2,2023-06-09 19:47:00,2023-06-09 20:40:00,1,5.88,1,N,49,89,2,5.3,2.5,0.5,0.67,0.0,1.0,9.97,0.0,0.0
1,2023-06-09 20:43:00,2023-06-09 21:34:00,1,1.43,1,N,147,110,1,19.91,0.5,0.5,0.54,0.0,1.0,24.95,2.5,0.0
1,2023-06-09 21:09:00,2023-06-09 21:24:00,1,1.86,1,N,10,73,2,7.64,0.5,0.5,0.3,0.0,1.0,12.44,2.5,0.0
1,2023-06-09 21:13:00,2023-06-09 21:53:00,2,5.66,1,N,143,47,1,7.86,0.0,0.5,0.73,0.0,1.0,12.59,2.5,0.0
1,2023-06-10 03:24:00,2023-06-10 04:03:00,1,1.83,1,N,68,69,1,30.65,1.0,0.5,7.94,6.55,1.0,50.14,2.5,0.0
2,2023-06-10 06:20:00,2023-06-10 06:39:00,1,8.22,1,N,131,38,2,20.21,2.5,0.5,5.9,0.0,1.0,32.61,2.5,0.0
1,2023-06-10 06:25:00,2023-06-10 06:50:00,4,6.8,1,N,138,105,1,14.73,0.5,0.5,2.49,6.55,1.0,30.02,2.5,1.75
1,2023-06-10 08:01:00,2023-06-10 08:39:00,1,2.0,1,N,222,100,1,76.67,0.5,0.5,1.77,0.0,1.0,82.94,2.5,0.0
1,2023-06-10 13:02:00,2023-06-10 13:51:00,1,0.55,1,N,250,187,2,25.05,0.5,0.5,1.3,6.55,1.0,34.9,0.0,0.0
2,2023-06-10 13:57:00,2023-06-10 14:50:00,5,2.04,1,N,3,130,1,7.94,0.5,0.5,2.39,6.55,1.0,18.88,0.0,0.0
1,2023-06-10 15:18:00,2023-06-10 15:24:00,1,3.68,1,N,217,244,1,13.51,3.5,0.5,4.46,6.55,1.0,29.52,0.0,0.0
1,2023-06-10 15:24:00,2023-06-10 15:58:00,2,4.3,2,N,18,237,1,8.08,2.5,0.5,4.36,0.0,1.0,18.94,2.5,0.0
2,2023-06-10 16:54:00,2023-06-10 17:36:00,1,3.7,1,N,81,132,1,5.85,1.0,0.5,0.84,0.0,1.0,11.69,2.5,0.0
1,2023-06-10 17:24:00,2023-06-10 18:05:00,2,1.92,1,N,168,231,1,3.72,3.5,0.5,13.49,6.55,1.0,31.26,2.5,0.0
2,2023-06-10 17:27:00,2023-06-10 18:02:00,2,1.43,1,N,192,179,2,3.01,3.5,0.5,2.43,0.0,1.0,12.94,2.5,0.0
2,2023-06-10 17:32:00,2023-06-10 18:15:00,1,1.83,1,N,119,234,1,4.27,0.5,0.5,4.16,0.0,1.0,12.93,2.5,0.0
2,2023-06-10 18:16:00,2023-06-10 18:35:00,1,0.31,1,N,123,84,1,35.02,1.0,0.5,9.23,0.0,1.0,48.5,0.0,1.75
1,2023-06-10 22:38:00,2023-06-10 23:06:00,1,0.75,1,N,157,20,1,18.75,3.5,0.5,3.64,0.0,1.0,27.39,0.0,0.0
1,2023-06-11 01:15:00,2023-06-11 02:02:00,1,3.33,1,N,204,174,1,13.95,3.5,0.5,0.81,0.0,1.0,22.26,2.5,0.0
2,2023-06-11 03:21:00,2023-06-11 04:01:00,2,2.67,1,N,20,86,1,26.94,0.0,0.5,2.71,0.0,1.0,31.15,0.0,0.0
1,2023-06-11 03:30:00,2023-06-11 04:11:00,1,1.34,4,N,220,116,1,6.31,3.5,0.5,2.11,0.0,1.0,15.92,2.5,0.0
2,2023-06-11 03:56:00,2023-06-11 04:31:00,4,0.48,1,N,241,12,1,6.31,3.5,0.5,0.77,0.0,1.0,13.83,0.0,1.75
1,2023-06-11 04:37:00,2023-06-11 05:12:00,1,14.37,1,N,135,104,1,4.0,3.5,0.5,0.46,0.0,1.0,11.96,2.5,0.0
2,2023-06-11 06:04:00,2023-06-11 06:22:00,1,1.4,2,N,55,216,1,15.6,2.5,0.5,0.25,0.0,1.0,22.35,2.5,0.0
1,2023-06-11 11:20:00,2023-06-11 12:11:00,1,1.86,1,N,62,245,1,17.22,1.0,0.5,4.06,0.0,1.0,26.28,2.5,0.0
1,2023-06-11 11:49:00,2023-06-11 12:44:00,2,2.21,1,N,242,205,4,13.89,0.0,0.5,2.26,6.55,1.0,28.45,2.5,1.75
1,2023-06-11 12:41:00,2023-06-11 13:04:00,1,0.67,1,N,153,156,2,8.44,0.0,0.5,2.68,0.0,1.0,12.62,0.0,0.0
2,2023-06-11 14:52:00,2023-06-11 15:46:00,2,1.72,1,N,57,147,2,13.91,2.5,0.5,3.04,0.0,1.0,23.45,2.5,0.0
2,2023-06-11 18:10:00,2023-06-11 18:49:00,1,3.98,1,N,225,260,1,31.48,0.0,0.5,0.74,0.0,1.0,36.22,2.5,0.0
2,2023-06-11 20:37:00,2023-06-11 20:44:00,3,1.52,1,N,242,243,1,14.61,2.5,0.5,4.35,0.0,1.0,22.96,0.0,0.0
2,2023-06-11 21:03:00,2023-06-11 21:16:00,3,0.51,1,N,114,165,1,6.31,0.5,0.5,0.28,0.0,1.0,11.09,2.5,0.0
1,2023-06-11 22:32:00,2023-06-11 23:10:00,1,3.08,1,N,244,116,2,15.68,1.0,0.5,1.76,6.55,1.0,26.49,0.0,0.0
1,2023-06-12 03:02:00,2023-06-12 03:49:00,1,0.81,1,N,232,46,1,7.13,0.0,0.5,2.76,0.0,1.0,13.89,2.5,0.0
2,2023-06-12 04:20:00,2023-06-12 04:26:00,3,2.54,1,N,12,63,2,14.36,1.0,0.5,1.86,0.0,1.0,21.22,2.5,0.0
1,2023-06-12 05:32:00,2023-06-12 05:52:00,1,0.45,1,N,132,254,1,38.36,3.5,0.5,0.98,0.0,1.0,46.84,2.5,0.0
1,2023-06-12 08:22:00,2023-06-12 08:46:00,1,1.69,1,N,174,102,4,5.01,1.0,0.5,0.9,0.0,1.0,10.91,2.5,0.0
2,2023-06-12 09:21:00,2023-06-12 09:38:00,1,0.95,1,Y,17,263,1,5.21,0.5,0.5,0.16,0.0,1.0,9.87,2.5,0.0
2,2023-06-12 11:39:00,2023-06-12 12:31:00,1,2.44,4,N,11,9,1,23.92,0.0,0.5,3.59,0.0,1.0,29.01,0.0,0.0
1,2023-06-12 12:00:00,2023-06-12 12:21:00,1,1.8,1,N,2,69,1,3.83,3.5,0.5,0.68,0.0,1.0,13.76,2.5,1.75
2,2023-06-12 13:44:00,2023-06-12 14:18:00,3,2.47,1,N,38,35,2,38.37,2.5,0.5,1.6,6.55,1.0,53.02,2.5,0.0
1,2023-06-12 15:16:00,2023-06-12 15:44:00,1,1.08,1,N,224,5,1,37.51,3.5,0.5,1.31,0.0,1.0,43.82,0.0,0.0
2,2023-06-12 15:33:00,2023-06-12 15:43:00,1,1.19,1,N,89,258,1,32.11,0.0,0.5,1.01,0.0,1.0,37.12,2.5,0.0
1,2023-06-12 15:51:00,2023-06-12 16:27:00,1,1.83,1,N,127,144,1,24.73,3.5,0.5,0.87,0.0,1.0,30.6,0.0,0.0
2,2023-06-12 17:18:00,2023-06-12 17:50:00,3,2.14,1,N,211,77,1,5.06,0.0,0.5,3.08,0.0,1.0,12.14,2.5,0.0
2,2023-06-12 17:37:00,2023-06-12 17:46:00,1,1.42,1,N,142,141,1,13.23,0.0,0.5,0.03,6.55,1.0,23.81,2.5,0.0
2,2023-06-12 18:26:00,2023-06-12 19:24:00,1,2.58,1,N,202,263,2,4.07,0.5,0.5,0.36,6.55,1.0,15.48,2.5,0.0
2,2023-06-12 21:15:00,2023-06-12 21:51:00,1,0.97,1,N,199,8,1,8.5,3.5,0.5,5.6,0.0,1.0,21.6,2.5,0.0
2,2023-06-12 21:25:00,2023-06-12 22:13:00,1,8.79,1,N,220,78,1,3.46,3.5,0.5,0.34,6.55,1.0,17.85,2.5,0.0
2,2023-06-12 22:27:00,2023-06-12 22:45:00,4,5.05,1,N,260,58,1,6.65,1.0,0.5,1.2,6.55,1.0,19.4,2.5,0.0
2,2023-06-12 23:17:00,2023-06-13 00:02:00,1,0.6,1,N,117,206,4,10.22,0.0,0.5,7.23,0.0,1.0,18.95,0.0,0.0
1,2023-06-13 02:07:00,2023-06-13 02:39:00,1,3.7,1,N,112,203,1,51.27,0.5,0.5,0.1,0.0,1.0,57.62,2.5,1.75
2,2023-06-13 02:24:00,2023-06-13 03:16:00,1,5.91,1,N,264,126,1,5.18,0.0,0.5,0.41,0.0,1.0,8.84,0.0,1.75
2,2023-06-13 05:42:00,2023-06-13 05:57:00,3,2.95,1,N,51,33,1,4.74,0.5,0.5,3.22,6.55,1.0,19.01,2.5,0.0
2,2023-06-13 07:27:00,2023-06-13 08:23:00,1,0.84,1,N,135,39,4,10.2,0.5,0.5,0.06,6.55,1.0,18.81,0.0,0.0
2,2023-06-13 09:35:00,2023-06-13 09:40:00,1,4.34,1,N,177,121,1,9.41,3.5,0.5,0.57,0.0,1.0,14.98,0.0,0.0
1,2023-06-13 10:42:00,2023-06-13 11:11:00,1,4.25,2,N,201,38,1,52.5,2.5,0.5,1.55,0.0,1.0,58.05,0.0,0.0
2,2023-06-13 10:45:00,2023-06-13 11:12:00,1,1.25,1,N,210,178,1,47.17,0.0,0.5,1.39,6.55,1.0,59.11,2.5,0.0
2,2023-06-13 11:39:00,2023-06-13 12:10:00,2,0.36,1,N,119,37,1,18.59,0.5,0.5,0.44,0.0,1.0,25.28,2.5,1.75
1,2023-06-13 12:29:00,2023-06-13 13:02:00,1,1.22,1,N,189,185,1,84.81,1.0,0.5,2.24,6.55,1.0,97.85,0.0,1.75
2,2023-06-13 14:35:00,2023-06-13 15:30:00,3,2.62,1,N,136,227,1,10.88,0.5,0.5,4.66,0.0,1.0,20.04,2.5,0.0
1,2023-06-13 15:39:00,2023-06-13 16:30:00,1,2.49,2,N,136,12,1,6.25,2.5,0.5,1.5,0.0,1.0,14.25,2.5,0.0
2,2023-06-13 16:27:00,2023-06-13 17:14:00,1,2.88,1,N,263,118,3,29.6,1.0,0.5,1.31,6.55,1.0,42.46,2.5,0.0
1,2023-06-13 16:38:00,2023-06-13 17:32:00,1,3.43,1,N,223,202,1,10.66,2.5,0.5,4.05,0.0,1.0,21.21,2.5,0.0
2,2023-06-13 17:56:00,2023-06-13 18:11:00,1,1.11,1,N,130,10,1,18.35,3.5,0.5,11.31,0.0,1.0,38.91,2.5,1.75
1,2023-06-13 18:06:00,2023-06-13 18:56:00,1,2.15,2,Y,31,113,1,10.68,3.5,0.5,2.6,0.0,1.0,20.78,2.5,0.0
2,2023-06-13 21:18:00,2023-06-13 21:23:00,2,1.32,1,N,39,263,1,36.09,3.5,0.5,0.47,0.0,1.0,41.56,0.0,0.0
2,2023-06-13 22:54:00,2023-06-13 23:42:00,1,0.73,2,N,8,206,1,16.04,0.5,0.5,0.68,0.0,1.0,18.72,0.0,0.0
1,2023-06-14 00:27:00,2023-06-14 01:04:00,1,2.02,1,N,106,229,1,3.89,2.5,0.5,8.8,6.55,1.0,25.74,2.5,0.0
2,2023-06-14 02:01:00,2023-06-14 02:15:00,1,1.16,1,N,48,95,1,35.89,0.5,0.5,4.85,6.55,1.0,51.79,2.5,0.0
2,2023-06-14 03:31:00,2023-06-14 04:21:00,1,6.49,1,N,122,99,2,8.8,0.5,0.5,4.72,0.0,1.0,15.52,0.0,0.0
2,2023-06-14 04:40:00,2023-06-14 05:26:00,2,0.8,1,N,175,1,2,3.15,3.5,0.5,0.25,0.0,1.0,10.9,2.5,0.0
2,2023-06-14 05:35:00,2023-06-14 05:49:00,1,1.91,1,N,227,191,1,24.38,2.5,0.5,0.22,0.0,1.0,31.1,2.5,0.0
2,2023-06-14 05:40:00,2023-06-14 06:06:00,1,2.07,1,N,170,219,1,6.37,2.5,0.5,11.47,0.0,1.0,24.34,2.5,0.0
1,2023-06-14 06:07:00,2023-06-14 06:34:00,5,4.52,1,N,183,137,2,12.24,2.5,0.5,1.27,6.55,1.0,26.56,2.5,0.0
2,2023-06-14 06:18:00,2023-06-14 06:29:00,1,2.26,1,N,84,13,1,4.65,3.5,0.5,0.32,6.55,1.0,19.02,2.5,0.0
2,2023-06-14 06:42:00,2023-06-14 07:41:00,1,4.15,1,N,162,55,1,5.64,0.5,0.5,7.26,6.55,1.0,23.95,2.5,0.0
2,2023-06-14 07:04:00,2023-06-14 07:59:00,3,0.59,1,N,179,216,1,5.05,0.0,0.5,0.02,0.0,1.0,9.07,2.5,0.0
2,2023-06-14 15:08:00,2023-06-14 15:39:00,2,0.63,1,N,146,6,3,3.22,2.5,0.5,2.14,6.55,1.0,15.91,0.0,0.0
2,2023-06-14 15:09:00,2023-06-14 16:05:00,1,0.8,1,N,76,56,1,51.3,3.5,0.5,2.77,6.55,1.0,68.12,2.5,0.0
2,2023-06-14 15:43:00,2023-06-14 16:15:00,4,2.84,1,N,63,241,1,5.11,3.5,0.5,0.73,6.55,1.0,17.39,0.0,0.0
1,2023-06-14 17:19:00,2023-06-14 18:16:00,1,3.96,1,N,73,74,1,10.79,2.5,0.5,2.15,0.0,1.0,19.44,2.5,0.0
1,2023-06-14 19:30:00,2023-06-14 20:10:00,1,0.64,1,N,7,115,1,11.11,0.0,0.5,5.21,6.55,1.0,26.87,2.5,0.0
1,2023-06-14 22:21:00,2023-06-14 22:35:00,1,0.57,1,N,159,242,2,23.59,1.0,0.5,2.24,6.55,1.0,37.38,2.5,0.0
1,2023-06-14 23:09:00,2023-06-14 23:28:00,1,2.59,1,N,172,26,1,5.82,3.5,0.5,0.98,0.0,1.0,14.3,2.5,0.0
2,2023-06-15 00:12:00,2023-06-15 00:21:00,2,7.51,1,N,177,60,1,24.04,0.0,0.5,5.61,0.0,1.0,33.65,2.5,0.0
2,2023-06-15 02:03:00,2023-06-15 02:17:00,1,2.28,1,N,70,69,1,3.91,1.0,0.5,1.28,6.55,1.0,16.74,2.5,0.0
2,2023-06-15 05:19:00,2023-06-15 05:40:00,1,7.69,1,N,42,167,1,8.31,0.5,0.5,2.7,6.55,1.0,22.06,2.5,0.0
2,2023-06-15 06:49:00,2023-06-15 07:16:00,2,1.51,1,N,71,8,1,24.8,3.5,0.5,1.07,6.55,1.0,37.42,0.0,0.0
2,2023-06-15 06:49:00,2023-06-15 07:38:00,4,4.01,1,N,119,174,1,5.54,0.5,0.5,8.61,0.0,1.0,18.65,2.5,0.0
2,2023-06-15 07:18:00,2023-06-15 08:08:00,2,0.48,1,N,119,38,1,3.38,2.5,0.5,1.46,6.55,1.0,17.89,2.5,0.0
1,2023-06-15 07:47:00,2023-06-15 08:03:00,2,0.56,1,N,239,118,1,3.48,0.5,0.5,0.38,0.0,1.0,5.86,0.0,0.0
1,2023-06-15 10:45:00,2023-06-15 11:18:00,1,0.43,2,N,130,50,1,16.27,3.5,0.5,1.07,6.55,1.0,31.39,2.5,0.0
2,2023-06-15 11:00:00,2023-06-15 11:14:00,1,2.87,1,N,208,98,2,61.49,0.0,0.5,2.48,0.0,1.0,65.47,0.0,0.0
2,2023-06-15 12:20:00,2023-06-15 12:46:00,1,0.31,1,Y,44,76,2,10.27,3.5,0.5,6.03,6.55,1.0,30.35,2.5,0.0
1,2023-06-15 12:40:00,2023-06-15 13:09:00,4,3.48,1,N,27,104,1,7.86,1.0,0.5,1.6,6.55,1.0,21.01,2.5,0.0
2,2023-06-15 13:09:00,2023-06-15 14:03:00,2,0.95,1,N,59,216,1,12.63,3.5,0.5,0.15,0.0,1.0,20.28,2.5,0.0
2,2023-06-15 13:24:00,2023-06-15 13:40:00,1,3.0,1,N,232,87,1,23.92,0.0,0.5,0.12,0.0,1.0,28.04,2.5,0.0
2,2023-06-15 14:43:00,2023-06-15 15:02:00,1,3.1,1,N,108,179,1,17.8,2.5,0.5,4.31,0.0,1.0,26.11,0.0,0.0
1,2023-06-15 15:06:00,2023-06-15 15:32:00,1,6.49,1,N,186,190,2,41.65,1.0,0.5,0.87,0.0,1.0,47.52,2.5,0.0
2,2023-06-15 15:11:00,2023-06-15 16:02:00,2,7.79,1,N,110,21,2,16.18,2.5,0.5,4.02,6.55,1.0,30.75,0.0,0.0
2,2023-06-15 15:40:00,2023-06-15 15:52:00,1,2.73,1,N,241,86,2,30.01,1.0,0.5,6.38,6.55,1.0,47.94,2.5,0.0
1,2023-06-15 17:37:00,2023-06-15 18:30:00,4,0.6,5,N,94,2,1,14.37,0.5,0.5,0.46,6.55,1.0,25.88,2.5,0.0
1,2023-06-15 23:37:00,2023-06-16 00:11:00,3,8.71,1,N,165,83,1,7.15,3.5,0.5,0.1,0.0,1.0,14.75,2.5,0.0
2,2023-06-16 06:55:00,2023-06-16 07:40:00,1,0.61,1,N,167,118,1,4.23,0.5,0.5,2.87,6.55,1.0,15.65,0.0,0.0
2,2023-06-16 09:28:00,2023-06-16 10:14:00,5,1.28,1,N,16,42,2,8.57,1.0,0.5,2.84,0.0,1.0,16.41,2.5,0.0
1,2023-06-16 09:49:00,2023-06-16 10:20:00,3,0.58,1,N,10,37,2,23.5,0.0,0.5,1.28,0.0,1.0,28.78,2.5,0.0
2,2023-06-16 11:19:00,2023-06-16 11:49:00,4,2.52,1,N,264,32,2,4.0,1.0,0.5,2.42,6.55,1.0,17.97,2.5,0.0
2,2023-06-16 12:19:00,2023-06-16 13:04:00,1,1.89,3,N,65,175,1,4.0,3.5,0.5,2.39,0.0,1.0,15.64,2.5,1.75
1,2023-06-16 14:51:00,2023-06-16 15:44:00,1,3.64,1,N,77,202,1,10.64,0.5,0.5,0.34,0.0,1.0,15.48,2.5,0.0
2,2023-06-16 15:28:00,2023-06-16 16:03:00,2,2.15,1,N,219,213,1,29.34,0.0,0.5,1.18,0.0,1.0,32.02,0.0,0.0
1,2023-06-16 16:11:00,2023-06-16 16:30:00,1,1.31,1,N,95,242,1,11.03,2.5,0.5,0.33,6.55,1.0,21.91,0.0,0.0
1,2023-06-16 16:16:00,2023-06-16 16:42:00,2,5.11,1,Y,167,111,1,13.63,0.0,0.5,1.74,0.0,1.0,19.37,2.5,0.0
1,2023-06-17 04:53:00,2023-06-17 05:52:00,1,5.08,1,N,100,30,2,23.82,0.5,0.5,1.24,0.0,1.0,29.56,2.5,0.0
1,2023-06-17 06:13:00,2023-06-17 06:36:00,1,3.69,1,N,134,195,1,6.06,1.0,0.5,0.59,6.55,1.0,15.7,0.0,0.0
2,2023-06-17 06:51:00,2023-06-17 07:46:00,1,1.15,1,N,229,120,1,13.47,3.5,0.5,0.97,0.0,1.0,19.44,0.0,0.0
2,2023-06-17 08:10:00,2023-06-17 08:41:00,1,0.99,1,N,164,260,1,4.64,0.5,0.5,2.27,0.0,1.0,8.91,0.0,0.0
1,2023-06-17 10:04:00,2023-06-17 10:57:00,1,3.51,1,N,219,112,1,14.91,3.5,0.5,0.77,0.0,1.0,23.18,2.5,0.0
2,2023-06-17 10:53:00,2023-06-17 11:50:00,1,0.33,1,N,106,251,1,5.36,3.5,0.5,4.87,0.0,1.0,17.73,2.5,0.0
2,2023-06-17 12:25:00,2023-06-17 13:24:00,1,1.6,1,N,187,191,1,16.55,0.5,0.5,0.09,6.55,1.0,29.44,2.5,1.75
2,2023-06-17 12:49:00,2023-06-17 13:18:00,2,2.59,1,N,97,246,1,19.57,0.0,0.5,2.22,6.55,1.0,29.84,0.0,0.0
1,2023-06-17 17:31:00,2023-06-17 18:25:00,1,3.14,1,N,208,230,1,21.01,0.0,0.5,4.79,0.0,1.0,29.8,2.5,0.0
1,2023-06-18 01:03:00,2023-06-18 01:46:00,2,2.02,1,N,83,149,2,14.05,2.5,0.5,0.68,0.0,1.0,22.98,2.5,1.75
1,2023-06-18 01:57:00,2023-06-18 02:12:00,1,0.4,3,N,27,222,1,31.53,1.0,0.5,5.97,6.55,1.0,49.05,2.5,0.0
1,2023-06-18 04:28:00,2023-06-18 04:35:00,2,2.9,1,N,76,119,1,34.55,3.5,0.5,0.25,6.55,1.0,46.35,0.0,0.0
2,2023-06-18 05:42:00,2023-06-18 06:00:00,2,4.2,1,N,37,238,1,7.06,2.5,0.5,8.25,6.55,1.0,28.36,2.5,0.0
2,2023-06-18 06:38:00,2023-06-18 07:13:00,1,7.2,1,N,101,243,1,10.78,0.0,0.5,1.77,0.0,1.0,14.05,0.0,0.0
2,2023-06-18 11:35:00,2023-06-18 11:58:00,5,5.73,1,N,221,162,1,6.78,1.0,0.5,5.34,0.0,1.0,17.12,2.5,0.0
2,2023-06-18 11:54:00,2023-06-18 12:11:00,1,3.12,1,N,74,73,1,4.48,2.5,0.5,0.72,0.0,1.0,11.7,2.5,0.0
1,2023-06-18 13:17:00,2023-06-18 13:52:00,3,5.29,1,N,240,176,2,9.02,3.5,0.5,1.08,0.0,1.0,17.6,2.5,0.0
2,2023-06-18 14:44:00,2023-06-18 15:08:00,1,2.99,5,N,43,14,1,4.26,1.0,0.5,0.27,0.0,1.0,9.53,2.5,0.0
2,2023-06-18 16:54:00,2023-06-18 17:29:00,1,1.05,1,N,151,62,1,19.54,0.5,0.5,1.54,6.55,1.0,32.13,2.5,0.0
2,2023-06-18 18:51:00,2023-06-18 19:42:00,1,0.86,1,N,248,199,1,6.72,0.5,0.5,0.31,0.0,1.0,9.03,0.0,0.0
1,2023-06-18 23:06:00,2023-06-18 23:53:00,1,5.11,1,N,202,125,1,12.99,0.0,0.5,2.37,6.55,1.0,23.41,0.0,0.0
2,2023-06-18 23:22:00,2023-06-18 23:51:00,1,3.66,1,N,10,24,1,26.7,0.0,0.5,2.71,6.55,1.0,39.96,2.5,0.0
1,2023-06-19 00:13:00,2023-06-19 00:18:00,1,1.08,1,N,235,237,1,17.27,3.5,0.5,0.94,0.0,1.0,23.21,0.0,0.0
2,2023-06-19 01:39:00,2023-06-19 01:55:00,1,1.44,1,N,54,78,1,18.78,2.5,0.5,0.05,0.0,1.0,22.83,0.0,0.0
1,2023-06-19 06:47:00,2023-06-19 07:40:00,2,3.41,1,N,203,106,1,6.2,3.5,0.5,3.04,0.0,1.0,16.74,2.5,0.0
2,2023-06-19 08:37:00,2023-06-19 08:46:00,3,3.75,1,N,24,53,2,21.56,0.0,0.5,3.86,6.55,1.0,35.97,2.5,0.0
2,2023-06-19 23:21:00,2023-06-19 23:48:00,1,0.91,1,N,93,226,1,5.49,3.5,0.5,0.71,0.0,1.0,13.7,2.5,0.0
2,2023-06-20 00:39:00,2023-06-20 01:18:00,3,0.54,1,N,204,96,1,18.04,0.0,0.5,0.18,0.0,1.0,22.22,2.5,0.0
2,2023-06-20 01:23:00,2023-06-20 02:13:00,1,0.79,1,N,79,248,2,7.28,1.0,0.5,0.49,0.0,1.0,14.52,2.5,1.75
2,2023-06-20 02:16:00,2023-06-20 02:27:00,2,1.91,1,N,16,160,2,5.15,2.5,0.5,1.01,0.0,1.0,11.91,0.0,1.75
2,2023-06-20 03:34:00,2023-06-20 03:58:00,2,6.49,1,N,70,153,1,8.12,0.0,0.5,1.1,0.0,1.0,13.22,2.5,0.0
2,2023-06-20 05:21:00,2023-06-20 05:39:00,2,7.27,1,N,169,141,2,15.64,2.5,0.5,3.65,0.0,1.0,23.29,0.0,0.0
2,2023-06-20 05:27:00,2023-06-20 05:59:00,1,0.67,1,N,260,85,2,10.3,0.5,0.5,6.84,0.0,1.0,19.14,0.0,0.0
2,2023-06-20 05:44:00,2023-06-20 06:25:00,1,1.62,1,N,90,3,1,3.64,1.0,0.5,3.31,0.0,1.0,11.95,2.5,0.0
2,2023-06-20 06:38:00,2023-06-20 07:34:00,3,1.21,3,N,5,137,1,5.11,3.5,0.5,2.63,0.0,1.0,16.99,2.5,1.75
2,2023-06-20 08:02:00,2023-06-20 08:37:00,2,4.12,1,N,104,67,1,13.93,2.5,0.5,5.54,6.55,1.0,32.52,2.5,0.0
1,2023-06-20 08:20:00,2023-06-20 08:37:00,1,5.83,1,N,76,67,1,57.6,3.5,0.5,5.36,6.55,1.0,74.51,0.0,0.0
1,2023-06-20 10:04:00,2023-06-20 10:45:00,1,2.51,1,N,56,171,1,4.39,0.5,0.5,0.02,0.0,1.0,10.66,2.5,1.75
1,2023-06-20 12:26:00,2023-06-20 13:12:00,1,2.75,1,N,144,52,1,8.58,0.5,0.5,1.39,0.0,1.0,11.97,0.0,0.0
1,2023-06-20 14:50:00,2023-06-20 15:11:00,1,1.99,1,N,71,262,2,7.95,0.5,0.5,0.94,6.55,1.0,19.94,2.5,0.0
1,2023-06-20 15:39:00,2023-06-20 16:03:00,1,0.58,1,N,3,58,2,10.76,0.0,0.5,5.49,0.0,1.0,22.0,2.5,1.75
2,2023-06-20 19:44:00,2023-06-20 20:40:00,1,0.31,1,N,143,215,1,13.22,0.0,0.5,0.38,0.0,1.0,17.6,2.5,0.0
2,2023-06-20 23:03:00,2023-06-20 23:51:00,1,3.25,1,N,182,146,1,4.5,0.0,0.5,3.64,6.55,1.0,20.44,2.5,1.75
1,2023-06-21 00:02:00,2023-06-21 00:55:00,1,0.92,1,N,121,130,2,9.15,3.5,0.5,0.12,6.55,1.0,25.07,2.5,1.75
1,2023-06-21 01:31:00,2023-06-21 02:20:00,1,6.95,1,N,219,32,1,7.63,0.0,0.5,1.88,6.55,1.0,21.81,2.5,1.75
2,2023-06-21 01:53:00,2023-06-21 02:52:00,1,2.16,1,N,99,38,1,9.85,2.5,0.5,0.88,0.0,1.0,17.23,2.5,0.0
2,2023-06-21 05:44:00,2023-06-21 06:40:00,1,8.71,1,N,5,236,1,7.05,0.0,0.5,1.2,0.0,1.0,14.0,2.5,1.75
2,2023-06-21 07:33:00,2023-06-21 08:27:00,1,4.87,1,N,217,206,2,3.6,0.0,0.5,0.81,0.0,1.0,8.41,2.5,0.0
2,2023-06-21 08:06:00,2023-06-21 08:50:00,1,4.0,1,N,165,225,1,27.43,3.5,0.5,1.13,0.0,1.0,33.56,0.0,0.0
1,2023-06-21 08:12:00,2023-06-21 09:09:00,1,3.88,1,N,160,159,1,14.87,0.5,0.5,1.34,0.0,1.0,20.71,2.5,0.0
2,2023-06-21 15:59:00,2023-06-21 16:43:00,1,2.05,1,N,64,148,1,34.59,1.0,0.5,5.16,0.0,1.0,44.75,2.5,0.0
2,2023-06-21 21:36:00,2023-06-21 22:24:00,1,0.81,1,N,166,236,1,13.67,1.0,0.5,0.77,6.55,1.0,25.99,2.5,0.0
1,2023-06-21 22:12:00,2023-06-21 22:58:00,1,1.44,1,N,14,211,1,14.77,2.5,0.5,4.07,6.55,1.0,29.39,0.0,0.0
2,2023-06-21 23:24:00,2023-06-22 00:18:00,3,3.22,1,N,246,134,1,3.87,1.0,0.5,5.45,6.55,1.0,18.37,0.0,0.0
1,2023-06-21 23:47:00,2023-06-22 00:10:00,1,2.29,1,N,236,8,1,4.96,0.0,0.5,0.82,6.55,1.0,16.33,2.5,0.0
2,2023-06-22 00:56:00,2023-06-22 01:22:00,1,8.17,1,N,118,154,1,9.7,0.5,0.5,3.18,6.55,1.0,23.93,2.5,0.0
2,2023-06-22 03:48:00,2023-06-22 04:38:00,1,5.39,3,N,93,15,1,12.64,0.0,0.5,0.59,0.0,1.0,17.23,2.5,0.0
1,2023-06-22 04:20:00,2023-06-22 04:58:00,1,15.4,1,N,250,107,1,4.63,3.5,0.5,4.15,0.0,1.0,16.28,2.5,0.0
1,2023-06-22 04:21:00,2023-06-22 05:13:00,1,2.51,1,N,174,43,1,23.89,2.5,0.5,1.98,0.0,1.0,34.12,2.5,1.75
2,2023-06-22 05:17:00,2023-06-22 05:22:00,1,3.32,3,N,167,258,1,3.2,2.5,0.5,0.35,6.55,1.0,16.6,2.5,0.0
1,2023-06-22 05:24:00,2023-06-22 06:12:00,1,2.51,1,N,1,31,4,9.13,2.5,0.5,0.77,0.0,1.0,13.9,0.0,0.0
2,2023-06-22 06:59:00,2023-06-22 07:22:00,1,1.12,1,N,115,46,4,7.41,2.5,0.5,4.77,0.0,1.0,16.18,0.0,0.0
2,2023-06-22 07:41:00,2023-06-22 07:47:00,2,0.74,2,N,44,263,1,39.19,0.5,0.5,1.08,6.55,1.0,50.57,0.0,1.75
1,2023-06-22 13:40:00,2023-06-22 13:52:00,1,1.64,1,N,203,78,2,4.04,1.0,0.5,1.81,0.0,1.0,8.35,0.0,0.0
2,2023-06-22 14:32:00,2023-06-22 14:45:00,1,2.19,1,N,18,119,1,15.92,0.0,0.5,3.15,0.0,1.0,24.82,2.5,1.75
2,2023-06-22 16:43:00,2023-06-22 16:52:00,3,0.4,1,N,233,14,2,8.62,0.5,0.5,1.83,6.55,1.0,23.25,2.5,1.75
2,2023-06-22 17:10:00,2023-06-22 17:23:00,1,6.6,1,Y,263,83,1,19.04,3.5,0.5,5.4,6.55,1.0,38.49,2.5,0.0
1,2023-06-22 17:24:00,2023-06-22 18:12:00,2,5.66,1,N,240,93,1,7.49,2.5,0.5,1.85,6.55,1.0,24.14,2.5,1.75
1,2023-06-22 23:02:00,2023-06-22 23:33:00,1,0.88,1,N,29,228,1,30.08,0.0,0.5,1.29,0.0,1.0,35.37,2.5,0.0
2,2023-06-22 23:46:00,2023-06-23 00:43:00,1,1.06,1,N,16,43,1,3.5,1.0,0.5,1.37,0.0,1.0,9.87,2.5,0.0
1,2023-06-23 01:20:00,2023-06-23 02:16:00,1,2.42,1,N,79,222,1,33.32,0.5,0.5,3.1,6.55,1.0,47.47,2.5,0.0
2,2023-06-23 02:03:00,2023-06-23 03:01:00,1,1.04,1,N,63,232,1,9.32,2.5,0.5,0.91,6.55,1.0,23.28,2.5,0.0
1,2023-06-23 02:24:00,2023-06-23 02:29:00,1,0.75,1,N,130,132,2,3.57,0.0,0.5,0.05,0.0,1.0,7.62,2.5,0.0
2,2023-06-23 02:25:00,2023-06-23 03:08:00,1,1.36,1,N,4,204,1,23.48,2.5,0.5,2.98,6.55,1.0,39.51,2.5,0.0
2,2023-06-23 03:21:00,2023-06-23 04:15:00,1,6.04,1,N,62,121,1,27.75,1.0,0.5,8.61,0.0,1.0,41.36,2.5,0.0
1,2023-06-23 04:55:00,2023-06-23 05:33:00,1,2.97,1,N,98,77,1,17.91,0.0,0.5,3.17,6.55,1.0,29.13,0.0,0.0
2,2023-06-23 05:10:00,2023-06-23 06:04:00,1,6.09,1,N,243,158,2,27.0,3.5,0.5,1.01,6.55,1.0,43.81,2.5,1.75
2,2023-06-23 05:54:00,2023-06-23 06:01:00,3,3.63,1,N,9,153,1,11.53,1.0,0.5,4.22,0.0,1.0,20.75,2.5,0.0
2,2023-06-23 09:30:00,2023-06-23 09:36:00,1,2.9,1,N,205,142,1,12.31,0.5,0.5,3.15,0.0,1.0,17.46,0.0,0.0
2,2023-06-23 10:17:00,2023-06-23 11:01:00,1,2.48,1,N,219,70,1,25.32,0.5,0.5,0.23,6.55,1.0,38.35,2.5,1.75
1,2023-06-23 10:48:00,2023-06-23 11:23:00,4,4.01,1,N,102,158,1,5.71,2.5,0.5,0.51,0.0,1.0,12.72,2.5,0.0
2,2023-06-23 12:37:00,2023-06-23 13:03:00,1,1.89,1,N,22,244,1,15.6,0.0,0.5,5.45,6.55,1.0,31.6,2.5,0.0
1,2023-06-23 15:52:00,2023-06-23 16:25:00,2,3.9,1,N,123,143,1,15.81,0.0,0.5,0.15,0.0,1.0,17.46,0.0,0.0
2,2023-06-23 16:20:00,2023-06-23 17:00:00,1,4.84,1,N,134,146,1,5.91,3.5,0.5,1.85,0.0,1.0,15.26,2.5,0.0
2,2023-06-23 17:04:00,2023-06-23 17:22:00,1,2.09,1,N,27,88,1,4.87,3.5,0.5,0.4,6.55,1.0,19.32,2.5,0.0
2,2023-06-23 17:55:00,2023-06-23 18:24:00,4,3.93,1,N,15,17,1,11.87,2.5,0.5,1.96,0.0,1.0,17.83,0.0,0.0
2,2023-06-23 18:31:00,2023-06-23 18:39:00,4,3.32,1,N,152,173,1,7.14,3.5,0.5,5.54,0.0,1.0,20.18,2.5,0.0
2,2023-06-23 22:57:00,2023-06-23 23:15:00,1,0.53,1,N,99,221,1,7.31,0.0,0.5,1.17,0.0,1.0,12.48,2.5,0.0
1,2023-06-23 23:41:00,2023-06-23 23:52:00,2,4.3,1,N,195,81,2,20.08,3.5,0.5,1.63,0.0,1.0,29.21,2.5,0.0
2,2023-06-24 00:46:00,2023-06-24 00:57:00,1,0.47,1,Y,112,44,1,18.47,0.5,0.5,1.13,0.0,1.0,24.1,2.5,0.0
2,2023-06-24 05:09:00,2023-06-24 05:40:00,1,3.75,1,N,39,92,1,7.54,2.5,0.5,1.01,6.55,1.0,20.85,0.0,1.75
2,2023-06-24 05:15:00,2023-06-24 06:00:00,1,1.19,2,N,248,83,1,4.55,0.0,0.5,9.48,6.55,1.0,24.58,2.5,0.0
2,2023-06-24 08:11:00,2023-06-24 09:03:00,2,2.52,1,N,244,173,1,3.34,2.5,0.5,2.08,6.55,1.0,18.47,2.5,0.0
2,2023-06-24 13:11:00,2023-06-24 13:58:00,1,3.4,1,N,155,153,2,9.81,3.5,0.5,5.3,0.0,1.0,22.61,2.5,0.0
2,2023-06-24 14:51:00,2023-06-24 15:34:00,1,0.83,1,N,159,112,1,24.49,0.0,0.5,0.27,0.0,1.0,28.76,2.5,0.0
2,2023-06-24 14:59:00,2023-06-24 15:05:00,1,4.14,1,N,161,77,1,3.36,2.5,0.5,0.43,6.55,1.0,16.84,2.5,0.0
2,2023-06-24 15:32:00,2023-06-24 16:21:00,1,3.24,1,N,232,56,1,11.96,2.5,0.5,2.23,6.55,1.0,27.24,2.5,0.0
1,2023-06-24 15:54:00,2023-06-24 16:07:00,3,1.16,1,N,149,224,1,5.78,0.5,0.5,6.99,6.55,1.0,21.32,0.0,0.0
2,2023-06-24 16:17:00,2023-06-24 16:40:00,1,1.15,1,Y,258,164,1,16.54,0.0,0.5,3.97,0.0,1.0,22.01,0.0,0.0
1,2023-06-24 18:31:00,2023-06-24 18:39:00,1,0.58,1,N,45,170,1,3.84,1.0,0.5,0.83,6.55,1.0,16.22,2.5,0.0
1,2023-06-24 21:19:00,2023-06-24 21:52:00,1,0.93,1,N,81,35,1,5.5,3.5,0.5,0.96,0.0,1.0,13.96,2.5,0.0
2,2023-06-24 22:44:00,2023-06-24 23:03:00,3,1.24,1,N,41,47,1,7.75,1.0,0.5,5.96,0.0,1.0,16.21,0.0,0.0
2,2023-06-24 23:55:00,2023-06-25 00:25:00,1,3.84,1,N,13,253,1,4.79,3.5,0.5,2.58,0.0,1.0,14.87,2.5,0.0
1,2023-06-25 02:36:00,2023-06-25 02:44:00,1,4.05,1,N,54,183,1,3.54,2.5,0.5,1.17,0.0,1.0,8.71,0.0,0.0
1,2023-06-25 02:44:00,2023-06-25 03:30:00,1,0.94,1,N,157,96,2,36.45,0.5,0.5,5.3,0.0,1.0,46.25,2.5,0.0
2,2023-06-25 06:28:00,2023-06-25 07:16:00,1,4.36,1,N,210,249,1,12.92,3.5,0.5,0.33,6.55,1.0,27.3,2.5,0.0
1,2023-06-25 06:59:00,2023-06-25 07:44:00,1,4.19,1,N,179,118,1,23.43,0.5,0.5,0.46,6.55,1.0,34.94,2.5,0.0
2,2023-06-25 09:17:00,2023-06-25 10:08:00,1,2.14,1,N,213,58,1,16.57,0.5,0.5,1.42,6.55,1.0,30.79,2.5,1.75
2,2023-06-25 12:44:00,2023-06-25 13:31:00,1,0.47,3,N,23,91,1,19.0,0.5,0.5,4.38,0.0,1.0,27.88,2.5,0.0
2,2023-06-25 13:11:00,2023-06-25 13:49:00,1,2.09,1,N,198,29,1,32.85,0.0,0.5,2.54,0.0,1.0,39.39,2.5,0.0
1,2023-06-25 18:11:00,2023-06-25 18:37:00,2,6.31,1,N,106,242,1,11.95,1.0,0.5,0.45,0.0,1.0,17.4,2.5,0.0
1,2023-06-25 21:57:00,2023-06-25 22:41:00,1,1.07,1,N,252,19,1,50.58,2.5,0.5,0.06,0.0,1.0,54.64,0.0,0.0
2,2023-06-26 00:50:00,2023-06-26 01:43:00,4,3.15,1,N,259,225,1,9.98,0.5,0.5,2.93,0.0,1.0,14.91,0.0,0.0
2,2023-06-26 02:58:00,2023-06-26 03:37:00,1,1.32,1,N,143,181,2,11.7,0.5,0.5,1.22,0.0,1.0,17.42,2.5,0.0
1,2023-06-26 08:53:00,2023-06-26 09:11:00,1,3.35,1,N,185,15,1,11.31,2.5,0.5,2.66,0.0,1.0,20.47,2.5,0.0
1,2023-06-26 09:44:00,2023-06-26 09:57:00,4,1.25,1,N,168,130,4,3.46,0.0,0.5,0.97,0.0,1.0,8.43,2.5,0.0
2,2023-06-26 10:39:00,2023-06-26 11:18:00,1,5.59,1,N,177,246,1,8.36,1.0,0.5,2.76,0.0,1.0,16.12,2.5,0.0
1,2023-06-26 14:31:00,2023-06-26 15:17:00,1,3.17,4,N,141,248,4,30.01,0.0,0.5,4.01,0.0,1.0,37.27,0.0,1.75
2,2023-06-26 15:06:00,2023-06-26 15:43:00,1,2.63,1,N,149,126,1,13.55,2.5,0.5,0.06,6.55,1.0,28.41,2.5,1.75
2,2023-06-26 15:31:00,2023-06-26 15:40:00,1,1.54,1,N,216,96,1,11.13,3.5,0.5,0.81,0.0,1.0,19.44,2.5,0.0
1,2023-06-26 16:44:00,2023-06-26 17:07:00,3,0.98,1,N,102,236,1,9.48,0.0,0.5,0.95,0.0,1.0,16.18,2.5,1.75
2,2023-06-26 21:26:00,2023-06-26 21:51:00,1,1.46,1,N,252,250,1,10.54,0.0,0.5,8.29,0.0,1.0,22.08,0.0,1.75
1,2023-06-26 21:30:00,2023-06-26 21:51:00,1,4.73,1,N,116,83,1,7.52,0.5,0.5,0.36,0.0,1.0,12.38,2.5,0.0
2,2023-06-27 03:23:00,2023-06-27 03:40:00,4,1.36,1,N,37,103,1,30.54,2.5,0.5,0.51,0.0,1.0,37.55,2.5,0.0
1,2023-06-27 03:56:00,2023-06-27 04:09:00,2,2.9,1,N,139,5,1,18.72,0.0,0.5,1.12,0.0,1.0,23.09,0.0,1.75
1,2023-06-27 10:13:00,2023-06-27 11:10:00,1,1.64,1,N,154,116,1,8.81,3.5,0.5,1.84,0.0,1.0,15.65,0.0,0.0
1,2023-06-27 12:58:00,2023-06-27 13:18:00,1,6.82,1,N,20,222,1,14.79,2.5,0.5,2.32,6.55,1.0,30.16,2.5,0.0
1,2023-06-27 13:59:00,2023-06-27 14:11:00,1,3.42,1,N,79,263,1,4.74,0.0,0.5,10.73,6.55,1.0,26.02,2.5,0.0
1,2023-06-27 14:13:00,2023-06-27 15:07:00,1,0.34,1,N,138,8,1,14.5,3.5,0.5,1.81,0.0,1.0,23.81,2.5,0.0
2,2023-06-27 15:41:00,2023-06-27 16:39:00,1,1.88,1,N,92,175,1,10.37,1.0,0.5,9.68,0.0,1.0,26.8,2.5,1.75
1,2023-06-27 17:27:00,2023-06-27 18:10:00,1,4.43,1,N,133,40,1,23.79,1.0,0.5,2.61,6.55,1.0,39.7,2.5,1.75
1,2023-06-27 17:48:00,2023-06-27 18:46:00,4,0.51,1,N,221,30,1,10.58,0.0,0.5,2.32,0.0,1.0,16.9,2.5,0.0
1,2023-06-27 21:50:00,2023-06-27 22:05:00,1,2.94,1,N,67,180,2,11.51,0.5,0.5,4.12,0.0,1.0,20.13,2.5,0.0
2,2023-06-28 03:05:00,2023-06-28 03:48:00,4,0.57,1,N,190,205,1,16.94,2.5,0.5,0.9,0.0,1.0,21.84,0.0,0.0
1,2023-06-28 03:08:00,2023-06-28 03:40:00,1,5.8,1,N,186,212,2,8.61,1.0,0.5,5.85,0.0,1.0,19.46,2.5,0.0
2,2023-06-28 03:53:00,2023-06-28 04:49:00,2,1.25,1,N,105,256,1,46.0,3.5,0.5,4.14,0.0,1.0,57.64,2.5,0.0
2,2023-06-28 04:49:00,2023-06-28 05:39:00,1,0.82,1,N,8,42,1,6.56,1.0,0.5,0.76,6.55,1.0,20.62,2.5,1.75
2,2023-06-28 06:07:00,2023-06-28 06:18:00,1,1.6,1,N,241,2,1,6.46,2.5,0.5,0.04,6.55,1.0,21.3,2.5,1.75
2,2023-06-28 06:15:00,2023-06-28 06:33:00,1,1.57,1,N,125,168,1,22.97,3.5,0.5,0.07,0.0,1.0,30.54,2.5,0.0
2,2023-06-28 06:33:00,2023-06-28 06:49:00,1,1.46,1,N,213,97,1,3.11,1.0,0.5,2.81,0.0,1.0,10.92,2.5,0.0
1,2023-06-28 08:12:00,2023-06-28 08:30:00,1,4.77,1,N,228,48,1,11.03,3.5,0.5,4.57,0.0,1.0,23.1,2.5,0.0
2,2023-06-28 08:40:00,2023-06-28 08:56:00,1,0.45,1,N,77,74,2,6.03,3.5,0.5,2.51,0.0,1.0,13.54,0.0,0.0
1,2023-06-28 09:51:00,2023-06-28 09:58:00,1,1.46,1,N,53,193,1,3.51,2.5,0.5,1.62,6.55,1.0,18.18,2.5,0.0
2,2023-06-28 11:29:00,2023-06-28 11:49:00,1,7.92,1,N,119,3,1,28.56,2.5,0.5,5.58,0.0,1.0,38.14,0.0,0.0
2,2023-06-28 13:34:00,2023-06-28 13:46:00,2,6.35,5,N,134,47,1,5.73,0.0,0.5,2.03,0.0,1.0,11.01,0.0,1.75
2,2023-06-28 14:58:00,2023-06-28 15:05:00,1,3.08,1,N,201,222,1,12.05,0.5,0.5,4.57,6.55,1.0,27.67,2.5,0.0
1,2023-06-28 16:44:00,2023-06-28 17:21:00,3,5.15,5,N,213,155,1,33.6,0.5,0.5,1.34,0.0,1.0,39.44,2.5,0.0
2,2023-06-28 17:14:00,2023-06-28 17:33:00,1,6.72,2,N,88,19,1,8.14,2.5,0.5,1.14,0.0,1.0,15.78,2.5,0.0
1,2023-06-28 17:28:00,2023-06-28 17:37:00,1,2.39,2,N,236,79,1,4.67,3.5,0.5,0.19,6.55,1.0,18.91,2.5,0.0
1,2023-06-28 18:26:00,2023-06-28 19:19:00,1,2.34,1,N,146,59,2,20.24,2.5,0.5,8.37,6.55,1.0,41.66,2.5,0.0
2,2023-06-28 18:38:00,2023-06-28 19:31:00,1,3.76,1,N,92,175,1,16.61,2.5,0.5,0.57,0.0,1.0,22.93,0.0,1.75
2,2023-06-28 21:14:00,2023-06-28 21:53:00,1,1.73,1,N,190,218,1,12.66,2.5,0.5,1.94,0.0,1.0,21.1,2.5,0.0
2,2023-06-28 22:25:00,2023-06-28 22:57:00,5,0.55,1,N,189,59,2,5.28,0.5,0.5,0.4,6.55,1.0,14.23,0.0,0.0
2,2023-06-28 22:41:00,2023-06-28 22:49:00,1,3.1,1,N,30,261,1,8.05,0.5,0.5,0.9,6.55,1.0,20.0,2.5,0.0
1,2023-06-29 00:42:00,2023-06-29 01:29:00,1,3.74,1,N,208,263,1,8.25,3.5,0.5,2.11,6.55,1.0,24.41,2.5,0.0
2,2023-06-29 00:43:00,2023-06-29 00:59:00,2,1.39,1,N,85,185,1,25.52,0.5,0.5,2.95,0.0,1.0,32.22,0.0,1.75
2,2023-06-29 02:26:00,2023-06-29 03:13:00,1,2.26,1,N,261,43,3,7.56,0.0,0.5,3.5,6.55,1.0,23.36,2.5,1.75
2,2023-06-29 05:30:00,2023-06-29 05:35:00,1,4.55,1,N,262,217,1,11.31,0.5,0.5,0.51,0.0,1.0,16.32,2.5,0.0
1,2023-06-29 10:00:00,2023-06-29 10:42:00,2,0.69,1,N,205,237,2,77.11,0.0,0.5,0.11,0.0,1.0,78.72,0.0,0.0
1,2023-06-29 12:23:00,2023-06-29 13:13:00,4,7.49,1,N,47,190,1,11.86,0.0,0.5,2.96,0.0,1.0,18.82,2.5,0.0
2,2023-06-29 12:37:00,2023-06-29 12:59:00,3,3.33,1,N,255,38,4,24.89,3.5,0.5,0.1,0.0,1.0,32.49,2.5,0.0
1,2023-06-29 14:35:00,2023-06-29 14:50:00,1,0.44,1,N,21,112,4,8.16,1.0,0.5,0.85,0.0,1.0,14.01,2.5,0.0
2,2023-06-29 16:02:00,2023-06-29 16:45:00,1,2.98,1,N,128,32,1,3.95,1.0,0.5,5.71,0.0,1.0,16.41,2.5,1.75
1,2023-06-29 17:15:00,2023-06-29 18:05:00,1,0.6,1,N,258,114,1,20.89,0.0,0.5,1.59,6.55,1.0,33.03,2.5,0.0
1,2023-06-29 19:30:00,2023-06-29 20:00:00,1,0.83,1,N,208,99,1,21.66,1.0,0.5,0.39,0.0,1.0,24.55,0.0,0.0
2,2023-06-29 21:01:00,2023-06-29 21:31:00,2,3.85,1,N,195,142,1,6.07,0.5,0.5,2.56,0.0,1.0,13.13,2.5,0.0
2,2023-06-29 23:38:00,2023-06-29 23:51:00,1,5.91,1,N,239,224,1,3.42,1.0,0.5,0.25,6.55,1.0,15.22,2.5,0.0
2,2023-06-30 00:14:00,2023-06-30 00:49:00,1,3.21,1,N,77,159,1,14.31,2.5,0.5,2.95,0.0,1.0,23.76,2.5,0.0
2,2023-06-30 03:58:00,2023-06-30 04:49:00,1,1.46,1,N,246,129,1,5.93,3.5,0.5,1.35,0.0,1.0,14.78,2.5,0.0
2,2023-06-30 04:40:00,2023-06-30 05:04:00,1,3.4,1,N,1,242,1,17.21,1.0,0.5,0.59,6.55,1.0,29.35,2.5,0.0
1,2023-06-30 06:08:00,2023-06-30 06:54:00,1,0.61,1,N,108,152,1,28.66,0.0,0.5,1.22,0.0,1.0,31.38,0.0,0.0
2,2023-06-30 06:30:00,2023-06-30 06:49:00,1,1.23,1,N,21,105,1,20.59,2.5,0.5,8.82,0.0,1.0,35.91,2.5,0.0
1,2023-06-30 09:07:00,2023-06-30 09:41:00,1,3.28,1,N,45,89,2,7.55,3.5,0.5,4.61,0.0,1.0,19.66,2.5,0.0
2,2023-06-30 12:11:00,2023-06-30 13:07:00,3,3.21,1,N,132,48,2,7.94,0.5,0.5,2.51,0.0,1.0,14.95,2.5,0.0
1,2023-06-30 15:16:00,2023-06-30 15:29:00,1,4.24,1,N,66,20,1,3.79,1.0,0.5,0.5,0.0,1.0,11.04,2.5,1.75
2,2023-06-30 17:00:00,2023-06-30 17:17:00,2,0.67,1,N,126,22,1,46.13,0.5,0.5,0.38,0.0,1.0,51.01,2.5,0.0
2,2023-07-01 00:29:00,2023-07-01 00:44:00,1,2.28,1,N,212,220,1,5.68,3.5,0.5,1.37,6.55,1.0,18.6,0.0,0.0
1,2023-07-01 04:30:00,2023-07-01 05:03:00,2,1.68,1,N,100,141,2,19.58,0.5,0.5,2.07,6.55,1.0,32.7,2.5,0.0
1,2023-07-01 13:19:00,2023-07-01 13:56:00,1,5.33,1,N,260,86,2,19.79,2.5,0.5,5.17,0.0,1.0,28.96,0.0,0.0
1,2023-07-01 13:25:00,2023-07-01 13:34:00,1,4.82,1,N,76,86,1,19.47,2.5,0.5,1.77,6.55,1.0,33.54,0.0,1.75
1,2023-07-01 14:06:00,2023-07-01 14:29:00,3,0.6,1,N,258,21,1,20.24,3.5,0.5,0.88,0.0,1.0,28.62,2.5,0.0
2,2023-07-01 14:17:00,2023-07-01 14:48:00,5,6.82,2,N,251,65,1,22.76,0.0,0.5,2.04,6.55,1.0,35.35,2.5,0.0
1,2023-07-01 14:21:00,2023-07-01 14:48:00,3,0.9,2,N,97,163,4,3.99,2.5,0.5,0.25,0.0,1.0,10.74,2.5,0.0
1,2023-07-01 17:31:00,2023-07-01 18:13:00,1,3.01,1,N,41,65,1,9.39,2.5,0.5,2.89,0.0,1.0,18.78,2.5,0.0
1,2023-07-01 17:56:00,2023-07-01 18:18:00,4,0.41,2,N,122,233,1,3.09,2.5,0.5,6.85,0.0,1.0,16.44,2.5,0.0
2,2023-07-01 23:28:00,2023-07-01 23:51:00,1,0.62,3,N,205,256,1,15.52,2.5,0.5,2.65,6.55,1.0,31.22,2.5,0.0
2,2023-07-02 00:11:00,2023-07-02 00:49:00,1,2.29,1,N,84,208,2,10.17,0.0,0.5,0.91,6.55,1.0,19.13,0.0,0.0
1,2023-07-02 00:13:00,2023-07-02 00:37:00,3,0.6,1,N,72,18,1,5.44,2.5,0.5,0.98,6.55,1.0,19.47,2.5,0.0
1,2023-07-02 02:10:00,2023-07-02 02:56:00,2,1.43,1,N,186,148,1,7.39,3.5,0.5,2.43,6.55,1.0,23.87,2.5,0.0
1,2023-07-02 03:39:00,2023-07-02 04:04:00,1,2.07,1,N,248,254,1,32.06,1.0,0.5,2.19,0.0,1.0,39.25,2.5,0.0
2,2023-07-02 03:47:00,2023-07-02 03:54:00,1,1.8,1,N,7,106,2,15.94,0.0,0.5,2.69,0.0,1.0,22.63,2.5,0.0
2,2023-07-02 03:58:00,2023-07-02 04:25:00,2,2.21,1,N,226,211,1,5.02,0.5,0.5,1.41,6.55,1.0,19.23,2.5,1.75
2,2023-07-02 15:51:00,2023-07-02 16:44:00,1,0.41,1,N,102,162,1,6.77,0.0,0.5,0.29,6.55,1.0,15.11,0.0,0.0
1,2023-07-02 18:00:00,2023-07-02 18:30:00,1,0.38,1,N,93,249,2,3.24,1.0,0.5,1.26,0.0,1.0,9.5,2.5,0.0
2,2023-07-02 20:48:00,2023-07-02 21:35:00,3,8.0,1,N,73,127,2,20.91,0.0,0.5,0.47,0.0,1.0,25.38,2.5,0.0
1,2023-07-03 00:59:00,2023-07-03 01:48:00,1,3.49,1,N,25,215,1,4.71,0.5,0.5,1.33,0.0,1.0,8.04,0.0,0.0
2,2023-07-03 01:26:00,2023-07-03 01:45:00,1,2.75,1,N,55,170,1,33.65,2.5,0.5,5.66,0.0,1.0,45.81,2.5,0.0
2,2023-07-03 01:45:00,2023-07-03 02:42:00,1,0.99,5,N,222,87,2,5.76,0.5,0.5,3.04,6.55,1.0,21.6,2.5,1.75
2,2023-07-03 03:49:00,2023-07-03 04:45:00,5,12.67,1,N,59,146,1,16.96,3.5,0.5,1.07,6.55,1.0,29.58,0.0,0.0
2,2023-07-03 05:24:00,2023-07-03 05:36:00,1,2.44,1,N,192,199,1,13.47,0.5,0.5,0.53,0.0,1.0,18.5,2.5,0.0
2,2023-07-03 09:04:00,2023-07-03 09:52:00,1,1.82,2,N,130,181,2,3.27,3.5,0.5,0.62,0.0,1.0,11.39,2.5,0.0
1,2023-07-03 10:47:00,2023-07-03 10:54:00,2,3.19,1,N,175,249,1,26.45,2.5,0.5,0.19,6.55,1.0,39.69,2.5,0.0
2,2023-07-03 10:59:00,2023-07-03 11:32:00,2,0.46,1,N,211,67,1,17.88,0.5,0.5,6.29,6.55,1.0,32.72,0.0,0.0
2,2023-07-03 11:43:00,2023-07-03 12:11:00,1,3.37,1,N,158,181,1,16.42,0.0,0.5,4.42,6.55,1.0,31.39,2.5,0.0
2,2023-07-03 11:57:00,2023-07-03 12:10:00,1,0.55,2,N,189,100,1,48.87,1.0,0.5,2.84,0.0,1.0,58.46,2.5,1.75
1,2023-07-03 16:00:00,2023-07-03 16:16:00,1,3.9,1,N,139,87,1,14.99,1.0,0.5,0.41,6.55,1.0,26.95,2.5,0.0
1,2023-07-03 16:20:00,2023-07-03 17:04:00,1,0.36,3,N,212,91,1,17.83,3.5,0.5,4.94,0.0,1.0,30.27,2.5,0.0
2,2023-07-03 16:32:00,2023-07-03 16:42:00,3,1.58,1,N,218,202,1,8.36,2.5,0.5,2.68,0.0,1.0,17.54,2.5,0.0
1,2023-07-03 16:48:00,2023-07-03 17:41:00,1,1.31,1,N,81,258,1,15.64,3.5,0.5,0.26,6.55,1.0,29.95,2.5,0.0
1,2023-07-03 17:58:00,2023-07-03 18:04:00,1,0.96,1,N,138,2,1,3.16,0.0,0.5,4.97,0.0,1.0,13.88,2.5,1.75
2,2023-07-03 19:52:00,2023-07-03 20:16:00,1,3.3,1,N,81,52,1,4.35,3.5,0.5,8.04,6.55,1.0,23.94,0.0,0.0
2,2023-07-03 21:23:00,2023-07-03 21:46:00,1,2.42,1,N,177,40,1,13.04,2.5,0.5,0.53,6.55,1.0,26.62,2.5,0.0
1,2023-07-03 22:12:00,2023-07-03 22:54:00,1,2.27,1,N,190,142,1,10.77,1.0,0.5,1.32,0.0,1.0,17.09,2.5,0.0
2,2023-07-04 01:19:00,2023-07-04 02:17:00,3,0.61,1,N,231,89,1,7.19,2.5,0.5,1.07,0.0,1.0,14.76,2.5,0.0
2,2023-07-04 04:28:00,2023-07-04 05:17:00,1,1.89,1,N,221,111,1,9.08,0.0,0.5,2.8,0.0,1.0,13.38,0.0,0.0
1,2023-07-04 05:43:00,2023-07-04 06:20:00,1,4.5,1,N,133,179,2,3.51,1.0,0.5,14.88,0.0,1.0,23.39,2.5,0.0
1,2023-07-04 05:48:00,2023-07-04 06:43:00,1,2.24,1,Y,112,56,1,8.92,0.0,0.5,4.97,0.0,1.0,17.89,2.5,0.0
2,2023-07-04 06:49:00,2023-07-04 07:16:00,1,2.92,2,N,81,117,2,3.61,1.0,0.5,12.79,6.55,1.0,27.95,2.5,0.0
2,2023-07-04 07:26:00,2023-07-04 07:52:00,3,0.42,1,N,95,140,2,8.03,0.5,0.5,4.75,0.0,1.0,17.28,2.5,0.0
2,2023-07-04 08:31:00,2023-07-04 08:49:00,1,2.47,1,N,251,165,1,5.35,0.0,0.5,0.09,0.0,1.0,6.94,0.0,0.0
2,2023-07-04 09:17:00,2023-07-04 10:11:00,2,0.54,1,N,261,213,1,9.72,0.0,0.5,0.8,0.0,1.0,14.52,2.5,0.0
1,2023-07-04 12:22:00,2023-07-04 12:28:00,1,0.41,1,N,101,142,1,23.81,1.0,0.5,2.56,0.0,1.0,31.37,2.5,0.0
2,2023-07-04 13:58:00,2023-07-04 14:37:00,1,0.79,1,Y,65,184,1,6.79,2.5,0.5,3.87,6.55,1.0,21.21,0.0,0.0
2,2023-07-04 15:04:00,2023-07-04 15:22:00,3,0.86,1,N,3,87,1,17.79,0.5,0.5,0.34,0.0,1.0,22.63,2.5,0.0
1,2023-07-04 15:28:00,2023-07-04 15:44:00,1,2.2,1,N,240,5,1,46.29,1.0,0.5,1.14,6.55,1.0,58.98,2.5,0.0
1,2023-07-04 15:59:00,2023-07-04 16:51:00,4,0.58,1,N,99,88,1,35.42,0.0,0.5,1.89,0.0,1.0,41.31,2.5,0.0
1,2023-07-04 16:36:00,2023-07-04 17:24:00,5,2.79,1,N,54,231,2,4.4,1.0,0.5,0.3,6.55,1.0,16.25,2.5,0.0
2,2023-07-04 16:52:00,2023-07-04 16:58:00,2,0.45,1,N,185,142,1,6.34,0.5,0.5,0.33,0.0,1.0,11.17,2.5,0.0
2,2023-07-04 16:56:00,2023-07-04 17:14:00,1,0.43,1,N,202,230,2,3.06,0.0,0.5,2.15,0.0,1.0,10.96,2.5,1.75
1,2023-07-04 17:30:00,2023-07-04 18:23:00,2,0.67,3,N,159,198,1,20.72,1.0,0.5,1.16,6.55,1.0,30.93,0.0,0.0
2,2023-07-04 19:50:00,2023-07-04 19:59:00,1,1.15,2,N,60,234,2,3.49,0.0,0.5,5.37,0.0,1.0,12.86,2.5,0.0
2,2023-07-05 06:05:00,2023-07-05 06:38:00,4,0.42,1,N,81,137,1,7.67,1.0,0.5,1.39,6.55,1.0,20.61,2.5,0.0
2,2023-07-05 06:16:00,2023-07-05 06:35:00,2,3.67,1,N,67,224,1,8.91,0.5,0.5,2.08,0.0,1.0,12.99,0.0,0.0
2,2023-07-05 07:27:00,2023-07-05 07:46:00,2,2.58,1,N,171,19,1,10.91,0.0,0.5,2.11,0.0,1.0,17.02,2.5,0.0
2,2023-07-05 08:29:00,2023-07-05 08:49:00,1,1.26,1,N,22,3,1,21.98,1.0,0.5,0.41,6.55,1.0,33.94,2.5,0.0
2,2023-07-05 09:57:00,2023-07-05 10:35:00,1,6.2,1,N,66,179,2,5.58,2.5,0.5,0.24,0.0,1.0,12.32,2.5,0.0
2,2023-07-05 12:16:00,2023-07-05 12:28:00,3,2.15,1,N,223,18,1,5.93,0.0,0.5,0.03,6.55,1.0,16.51,2.5,0.0
2,2023-07-05 14:07:00,2023-07-05 14:34:00,2,5.4,1,N,227,54,2,7.11,1.0,0.5,0.83,0.0,1.0,12.94,2.5,0.0
1,2023-07-05 18:11:00,2023-07-05 19:06:00,2,4.89,1,N,207,258,4,6.45,1.0,0.5,3.02,6.55,1.0,21.02,2.5,0.0
1,2023-07-05 19:12:00,2023-07-05 19:43:00,1,2.43,2,N,130,69,2,6.62,2.5,0.5,6.54,6.55,1.0,26.21,2.5,0.0
2,2023-07-05 19:58:00,2023-07-05 20:35:00,1,0.59,1,N,28,206,1,10.45,3.5,0.5,5.9,0.0,1.0,23.85,2.5,0.0
2,2023-07-05 20:13:00,2023-07-05 20:33:00,1,4.84,1,N,202,37,1,17.67,0.5,0.5,1.48,0.0,1.0,21.15,0.0,0.0
1,2023-07-05 21:13:00,2023-07-05 22:11:00,1,0.46,4,N,230,148,1,23.84,3.5,0.5,0.46,0.0,1.0,31.8,2.5,0.0
2,2023-07-05 22:07:00,2023-07-05 22:18:00,1,2.93,1,N,250,13,4,5.47,2.5,0.5,0.83,0.0,1.0,14.55,2.5,1.75
2,2023-07-06 01:26:00,2023-07-06 01:33:00,1,2.13,1,N,218,116,1,6.62,2.5,0.5,1.54,6.55,1.0,21.21,2.5,0.0
2,2023-07-06 02:26:00,2023-07-06 03:25:00,3,9.38,1,N,220,149,1,10.36,0.5,0.5,0.96,0.0,1.0,15.07,0.0,1.75
2,2023-07-06 04:03:00,2023-07-06 04:12:00,1,1.49,1,N,186,247,1,7.93,0.5,0.5,0.59,0.0,1.0,10.52,0.0,0.0
1,2023-07-06 04:13:00,2023-07-06 05:09:00,1,1.51,2,N,217,225,1,10.81,2.5,0.5,5.24,0.0,1.0,22.55,2.5,0.0
1,2023-07-06 06:46:00,2023-07-06 07:44:00,1,0.58,2,N,108,168,1,22.61,2.5,0.5,0.52,6.55,1.0,36.18,2.5,0.0
1,2023-07-06 07:34:00,2023-07-06 08:08:00,1,3.58,1,N,140,237,1,19.07,2.5,0.5,1.82,6.55,1.0,33.94,2.5,0.0
2,2023-07-06 10:08:00,2023-07-06 10:56:00,1,2.05,1,N,113,161,1,24.67,0.0,0.5,3.29,6.55,1.0,38.51,2.5,0.0
2,2023-07-06 10:09:00,2023-07-06 10:16:00,3,0.82,1,N,60,243,1,4.37,0.5,0.5,4.52,0.0,1.0,13.39,2.5,0.0
1,2023-07-06 11:08:00,2023-07-06 11:17:00,2,0.3,1,N,95,87,1,6.18,0.5,0.5,7.48,6.55,1.0,24.71,2.5,0.0
2,2023-07-06 11:12:00,2023-07-06 11:58:00,3,3.3,1,N,154,35,2,19.7,3.5,0.5,0.15,6.55,1.0,33.9,2.5,0.0
2,2023-07-06 12:54:00,2023-07-06 13:43:00,4,2.11,1,N,248,84,1,11.67,1.0,0.5,1.24,0.0,1.0,17.91,2.5,0.0
2,2023-07-06 12:55:00,2023-07-06 13:28:00,2,4.18,1,N,181,38,1,18.28,0.0,0.5,4.42,0.0,1.0,26.7,2.5,0.0
2,2023-07-06 14:53:00,2023-07-06 15:47:00,1,2.49,1,N,248,197,1,5.95,0.0,0.5,2.15,0.0,1.0,12.1,2.5,0.0
1,2023-07-06 15:47:00,2023-07-06 16:05:00,1,6.02,1,N,217,161,1,7.29,2.5,0.5,1.62,0.0,1.0,15.41,2.5,0.0
1,2023-07-06 15:59:00,2023-07-06 16:33:00,3,11.43,4,N,207,152,1,8.16,3.5,0.5,4.43,0.0,1.0,20.09,2.5,0.0
1,2023-07-06 16:54:00,2023-07-06 17:26:00,1,9.14,1,N,149,1,1,42.29,1.0,0.5,1.45,0.0,1.0,48.74,2.5,0.0
2,2023-07-06 20:05:00,2023-07-06 20:32:00,1,3.04,1,N,44,122,1,3.32,0.5,0.5,0.98,6.55,1.0,15.35,2.5,0.0
2,2023-07-06 20:14:00,2023-07-06 20:33:00,2,9.24,1,N,76,140,1,9.94,3.5,0.5,0.14,0.0,1.0,17.58,2.5,0.0
2,2023-07-06 21:14:00,2023-07-06 22:01:00,2,3.92,2,Y,224,5,1,10.92,3.5,0.5,0.05,0.0,1.0,18.47,2.5,0.0
1,2023-07-06 21:50:00,2023-07-06 22:46:00,1,1.27,1,N,164,253,1,3.68,0.0,0.5,0.37,0.0,1.0,9.8,2.5,1.75
2,2023-07-06 21:52:00,2023-07-06 22:51:00,5,0.87,1,N,249,23,1,14.29,0.0,0.5,8.56,0.0,1.0,26.85,2.5,0.0
1,2023-07-06 22:00:00,2023-07-06 22:33:00,2,2.99,1,N,130,237,3,11.95,0.0,0.5,3.6,0.0,1.0,19.55,2.5,0.0
2,2023-07-07 01:15:00,2023-07-07 01:21:00,1,0.51,2,N,230,138,2,4.79,1.0,0.5,14.76,0.0,1.0,24.55,2.5,0.0
1,2023-07-07 02:58:00,2023-07-07 03:29:00,3,3.68,3,N,183,51,1,8.72,2.5,0.5,1.11,0.0,1.0,16.33,2.5,0.0
1,2023-07-07 03:55:00,2023-07-07 04:18:00,1,6.01,1,N,102,259,1,13.45,0.0,0.5,0.58,0.0,1.0,15.53,0.0,0.0
2,2023-07-07 04:16:00,2023-07-07 04:37:00,2,0.45,1,N,249,153,1,8.95,1.0,0.5,1.48,6.55,1.0,19.48,0.0,0.0
1,2023-07-07 04:24:00,2023-07-07 04:41:00,1,6.01,1,N,119,213,1,13.44,0.0,0.5,3.82,6.55,1.0,27.81,2.5,0.0
1,2023-07-07 05:57:00,2023-07-07 06:20:00,1,0.83,1,N,1,186,1,4.06,2.5,0.5,0.02,6.55,1.0,18.88,2.5,1.75
1,2023-07-07 07:08:00,2023-07-07 07:59:00,1,0.74,1,N,195,22,2,9.57,0.5,0.5,5.23,0.0,1.0,16.8,0.0,0.0
1,2023-07-07 07:45:00,2023-07-07 08:41:00,1,9.44,2,N,174,264,3,8.7,1.0,0.5,1.27,0.0,1.0,14.97,2.5,0.0
1,2023-07-07 10:52:00,2023-07-07 11:15:00,1,0.99,1,N,139,186,1,14.9,0.0,0.5,3.8,0.0,1.0,24.45,2.5,1.75
2,2023-07-07 11:16:00,2023-07-07 11:59:00,1,7.23,1,Y,12,128,1,4.14,0.5,0.5,0.58,6.55,1.0,13.27,0.0,0.0
2,2023-07-07 12:40:00,2023-07-07 13:33:00,1,3.95,3,N,251,149,2,4.38,2.5,0.5,1.13,0.0,1.0,12.01,2.5,0.0
2,2023-07-07 14:23:00,2023-07-07 14:49:00,3,4.3,1,N,51,23,1,15.09,0.0,0.5,0.77,6.55,1.0,23.91,0.0,0.0
2,2023-07-07 14:26:00,2023-07-07 15:17:00,1,4.46,1,N,55,120,1,9.4,0.0,0.5,9.39,0.0,1.0,22.79,2.5,0.0
2,2023-07-07 14:50:00,2023-07-07 15:40:00,5,3.7,1,N,146,202,1,12.05,0.0,0.5,0.97,0.0,1.0,14.52,0.0,0.0
1,2023-07-07 18:43:00,2023-07-07 19:27:00,1,2.44,1,N,246,218,1,10.36,2.5,0.5,3.09,0.0,1.0,19.95,2.5,0.0
1,2023-07-07 23:15:00,2023-07-07 23:29:00,1,2.23,1,Y,216,105,4,21.29,3.5,0.5,0.33,6.55,1.0,33.17,0.0,0.0
2,2023-07-08 00:21:00,2023-07-08 00:49:00,1,1.01,1,N,220,166,1,15.24,3.5,0.5,1.0,6.55,1.0,27.79,0.0,0.0
2,2023-07-08 01:04:00,2023-07-08 01:29:00,4,0.39,1,N,80,94,1,6.42,2.5,0.5,0.05,6.55,1.0,17.02,0.0,0.0
2,2023-07-08 02:06:00,2023-07-08 02:54:00,2,1.28,1,N,45,127,1,18.83,0.0,0.5,4.14,0.0,1.0,26.97,2.5,0.0
1,2023-07-08 02:16:00,2023-07-08 03:00:00,1,7.27,1,N,227,178,1,13.38,0.5,0.5,1.82,0.0,1.0,17.2,0.0,0.0
2,2023-07-08 03:14:00,2023-07-08 03:46:00,1,1.0,1,N,251,217,1,10.41,1.0,0.5,7.75,6.55,1.0,29.71,2.5,0.0
2,2023-07-08 03:36:00,2023-07-08 04:12:00,1,3.39,1,N,1,2,1,14.74,3.5,0.5,0.88,0.0,1.0,23.12,2.5,0.0
2,2023-07-08 09:05:00,2023-07-08 10:03:00,1,6.34,1,N,209,70,1,5.89,0.0,0.5,1.41,0.0,1.0,8.8,0.0,0.0
2,2023-07-08 10:45:00,2023-07-08 11:17:00,4,2.68,1,N,143,87,2,12.74,3.5,0.5,0.75,0.0,1.0,20.99,2.5,0.0
2,2023-07-08 11:20:00,2023-07-08 12:19:00,1,7.97,1,N,94,39,1,5.4,2.5,0.5,2.05,6.55,1.0,20.5,2.5,0.0
1,2023-07-08 11:29:00,2023-07-08 12:20:00,1,1.96,1,N,259,150,1,16.62,0.5,0.5,4.02,0.0,1.0,26.89,2.5,1.75
2,2023-07-08 11:41:00,2023-07-08 12:06:00,2,0.74,1,N,250,157,2,6.01,2.5,0.5,0.13,0.0,1.0,12.64,2.5,0.0
1,2023-07-08 14:44:00,2023-07-08 14:51:00,1,1.84,1,N,225,50,1,18.39,2.5,0.5,1.97,0.0,1.0,26.86,2.5,0.0
2,2023-07-08 18:30:00,2023-07-08 18:54:00,1,2.97,1,N,247,200,1,11.31,0.5,0.5,4.27,0.0,1.0,20.08,2.5,0.0
1,2023-07-08 18:36:00,2023-07-08 18:48:00,1,2.93,1,N,85,256,1,8.93,3.5,0.5,2.19,0.0,1.0,18.62,2.5,0.0
2,2023-07-08 20:47:00,2023-07-08 21:04:00,1,1.68,1,N,248,46,2,11.13,1.0,0.5,1.4,6.55,1.0,24.08,2.5,0.0
2,2023-07-08 21:11:00,2023-07-08 21:31:00,1,0.74,1,N,170,42,1,9.67,1.0,0.5,1.3,0.0,1.0,15.97,2.5,0.0
2,2023-07-08 23:58:00,2023-07-09 00:11:00,1,3.37,1,N,95,128,1,3.09,0.0,0.5,1.75,0.0,1.0,8.84,2.5,0.0
2,2023-07-09 04:48:00,2023-07-09 05:34:00,1,1.95,1,N,182,44,2,4.41,3.5,0.5,6.23,0.0,1.0,18.14,2.5,0.0
2,2023-07-09 06:24:00,2023-07-09 07:10:00,4,0.81,2,N,55,117,1,6.49,1.0,0.5,2.11,0.0,1.0,11.1,0.0,0.0
2,2023-07-09 08:07:00,2023-07-09 08:56:00,1,1.24,5,N,169,8,1,21.58,3.5,0.5,0.08,6.55,1.0,35.71,2.5,0.0
2,2023-07-09 08:30:00,2023-07-09 09:12:00,1,1.35,1,N,250,20,1,8.84,3.5,0.5,5.79,6.55,1.0,28.68,2.5,0.0
1,2023-07-09 11:52:00,2023-07-09 12:27:00,3,3.68,1,N,125,190,1,20.46,3.5,0.5,0.04,6.55,1.0,32.05,0.0,0.0
1,2023-07-09 12:20:00,2023-07-09 13:08:00,2,3.56,1,N,127,7,1,19.02,3.5,0.5,1.35,0.0,1.0,27.87,2.5,0.0
2,2023-07-09 12:39:00,2023-07-09 13:24:00,1,5.32,1,N,63,98,1,28.01,2.5,0.5,6.36,6.55,1.0,49.17,2.5,1.75
2,2023-07-09 12:53:00,2023-07-09 13:22:00,3,1.21,1,N,200,200,1,33.06,0.5,0.5,1.41,6.55,1.0,43.02,0.0,0.0
2,2023-07-09 14:22:00,2023-07-09 14:45:00,1,0.6,1,N,231,248,1,18.59,0.5,0.5,1.01,6.55,1.0,28.15,0.0,0.0
2,2023-07-09 15:49:00,2023-07-09 16:46:00,2,1.45,1,N,133,22,4,8.03,0.0,0.5,0.48,0.0,1.0,14.26,2.5,1.75
2,2023-07-09 16:26:00,2023-07-09 17:18:00,1,1.45,1,N,158,177,3,24.98,1.0,0.5,6.07,6.55,1.0,42.6,2.5,0.0
2,2023-07-09 17:57:00,2023-07-09 18:19:00,2,2.86,1,N,208,75,1,7.42,3.5,0.5,1.03,0.0,1.0,15.95,2.5,0.0
1,2023-07-09 18:15:00,2023-07-09 18:21:00,1,1.37,1,N,89,257,1,49.02,0.0,0.5,0.52,6.55,1.0,61.84,2.5,1.75
1,2023-07-09 18:20:00,2023-07-09 18:51:00,1,6.89,1,N,162,220,1,18.19,0.5,0.5,0.07,0.0,1.0,22.76,2.5,0.0
2,2023-07-09 19:49:00,2023-07-09 20:05:00,1,1.18,1,N,133,247,2,4.17,3.5,0.5,0.87,0.0,1.0,10.04,0.0,0.0
2,2023-07-09 21:32:00,2023-07-09 22:17:00,1,1.95,1,N,33,154,1,3.56,3.5,0.5,2.16,0.0,1.0,13.22,2.5,0.0
2,2023-07-09 22:58:00,2023-07-09 23:43:00,2,1.5,1,N,120,17,2,16.4,0.0,0.5,1.24,0.0,1.0,21.64,2.5,0.0
2,2023-07-09 23:01:00,2023-07-10 00:00:00,1,0.48,1,N,72,14,1,42.52,2.5,0.5,0.47,0.0,1.0,49.49,2.5,0.0
2,2023-07-09 23:46:00,2023-07-10 00:11:00,1,5.43,1,N,163,209,2,9.37,1.0,0.5,10.19,6.55,1.0,31.11,2.5,0.0
2,2023-07-10 03:17:00,2023-07-10 03:47:00,2,2.9,1,N,59,232,2,12.3,0.5,0.5,2.03,6.55,1.0,25.38,2.5,0.0
2,2023-07-10 03:33:00,2023-07-10 04:05:00,1,3.28,1,N,234,260,1,15.92,3.5,0.5,4.22,6.55,1.0,35.94,2.5,1.75
2,2023-07-10 03:40:00,2023-07-10 04:08:00,2,0.94,1,N,212,128,1,17.38,0.0,0.5,0.96,6.55,1.0,26.39,0.0,0.0
1,2023-07-10 12:09:00,2023-07-10 12:48:00,1,0.5,3,N,211,122,1,3.23,3.5,0.5,0.58,6.55,1.0,17.86,2.5,0.0
2,2023-07-10 12:16:00,2023-07-10 12:45:00,2,0.46,1,N,141,186,1,4.94,3.5,0.5,0.84,6.55,1.0,21.58,2.5,1.75
2,2023-07-10 12:29:00,2023-07-10 12:43:00,1,2.86,1,N,12,104,2,18.0,0.5,0.5,2.87,0.0,1.0,22.87,0.0,0.0
1,2023-07-10 14:46:00,2023-07-10 15:35:00,1,5.32,1,N,39,63,1,4.75,3.5,0.5,0.41,0.0,1.0,10.16,0.0,0.0
1,2023-07-10 15:35:00,2023-07-10 16:13:00,1,3.78,1,N,21,264,1,45.7,0.0,0.5,9.93,6.55,1.0,66.18,2.5,0.0
1,2023-07-10 16:37:00,2023-07-10 17:17:00,1,5.35,1,N,199,42,1,23.58,3.5,0.5,0.1,0.0,1.0,31.18,2.5,0.0
2,2023-07-10 21:04:00,2023-07-10 22:03:00,2,4.28,1,N,42,7,1,8.09,2.5,0.5,1.62,0.0,1.0,17.96,2.5,1.75
2,2023-07-10 21:47:00,2023-07-10 22:24:00,2,2.06,1,N,4,219,1,10.92,0.0,0.5,1.23,6.55,1.0,22.7,2.5,0.0
2,2023-07-10 23:31:00,2023-07-11 00:17:00,1,3.57,1,N,122,134,1,3.77,1.0,0.5,0.86,0.0,1.0,9.63,2.5,0.0
2,2023-07-11 00:09:00,2023-07-11 01:02:00,1,5.54,2,N,215,52,4,9.09,1.0,0.5,1.76,0.0,1.0,17.6,2.5,1.75
2,2023-07-11 01:28:00,2023-07-11 02:08:00,1,1.35,1,N,127,123,1,10.58,2.5,0.5,3.19,0.0,1.0,19.52,0.0,1.75
1,2023-07-11 07:34:00,2023-07-11 08:09:00,3,2.52,4,N,58,30,1,41.28,2.5,0.5,2.92,0.0,1.0,50.7,2.5,0.0
2,2023-07-11 08:33:00,2023-07-11 08:59:00,1,0.99,1,N,1,115,2,21.04,3.5,0.5,0.19,6.55,1.0,35.28,2.5,0.0
2,2023-07-11 11:09:00,2023-07-11 11:57:00,1,3.25,2,N,36,256,1,10.55,2.5,0.5,0.41,0.0,1.0,14.96,0.0,0.0
2,2023-07-11 12:36:00,2023-07-11 13:19:00,1,2.72,1,N,24,173,2,17.75,1.0,0.5,0.77,6.55,1.0,30.07,2.5,0.0
1,2023-07-11 13:28:00,2023-07-11 13:42:00,1,2.84,1,N,213,235,1,44.45,0.5,0.5,5.66,6.55,1.0,58.66,0.0,0.0
1,2023-07-11 15:47:00,2023-07-11 16:45:00,2,0.4,1,N,256,122,2,4.62,1.0,0.5,7.4,0.0,1.0,17.02,2.5,0.0
1,2023-07-11 17:31:00,2023-07-11 18:30:00,1,2.38,1,N,90,27,1,8.8,0.0,0.5,2.72,6.55,1.0,23.82,2.5,1.75
2,2023-07-11 23:32:00,2023-07-12 00:08:00,1,1.23,1,N,185,148,1,33.56,0.5,0.5,6.99,0.0,1.0,45.05,2.5,0.0
2,2023-07-12 05:35:00,2023-07-12 05:40:00,3,0.39,1,N,133,61,1,34.5,3.5,0.5,0.13,0.0,1.0,42.13,2.5,0.0
1,2023-07-12 08:33:00,2023-07-12 09:03:00,1,11.14,1,N,225,214,2,5.15,0.0,0.5,0.38,0.0,1.0,9.53,2.5,0.0
2,2023-07-12 09:48:00,2023-07-12 10:19:00,1,0.74,1,N,51,132,2,28.79,2.5,0.5,0.36,6.55,1.0,42.2,2.5,0.0
1,2023-07-12 20:27:00,2023-07-12 20:43:00,1,1.29,1,N,240,119,1,8.63,2.5,0.5,0.72,0.0,1.0,15.85,2.5,0.0
2,2023-07-12 21:45:00,2023-07-12 22:22:00,1,0.79,1,N,81,126,2,4.95,2.5,0.5,1.92,0.0,1.0,13.37,2.5,0.0
2,2023-07-13 00:28:00,2023-07-13 00:56:00,2,0.92,1,N,242,44,1,6.73,1.0,0.5,0.28,0.0,1.0,12.01,2.5,0.0
1,2023-07-13 03:04:00,2023-07-13 03:25:00,1,9.74,1,N,107,157,1,7.94,0.5,0.5,1.43,6.55,1.0,20.42,2.5,0.0
2,2023-07-13 04:07:00,2023-07-13 04:33:00,2,6.31,1,N,110,58,2,5.62,0.0,0.5,0.03,0.0,1.0,9.65,2.5,0.0
1,2023-07-13 04:16:00,2023-07-13 04:58:00,1,0.9,1,N,157,24,1,10.07,0.5,0.5,0.35,0.0,1.0,14.92,2.5,0.0
2,2023-07-13 05:46:00,2023-07-13 06:44:00,4,0.31,1,N,26,241,1,12.79,1.0,0.5,0.61,6.55,1.0,26.7,2.5,1.75
1,2023-07-13 07:15:00,2023-07-13 07:21:00,1,0.58,1,N,198,173,1,7.12,0.5,0.5,5.77,6.55,1.0,23.94,2.5,0.0
1,2023-07-13 08:04:00,2023-07-13 08:21:00,1,4.18,1,N,64,182,2,12.65,3.5,0.5,0.02,0.0,1.0,20.17,2.5,0.0
1,2023-07-13 09:06:00,2023-07-13 09:25:00,1,4.83,1,N,225,253,1,22.69,0.0,0.5,0.98,0.0,1.0,27.67,2.5,0.0
1,2023-07-13 09:35:00,2023-07-13 09:53:00,1,5.25,1,N,169,153,1,34.05,2.5,0.5,0.08,6.55,1.0,47.18,2.5,0.0
2,2023-07-13 09:58:00,2023-07-13 10:46:00,4,0.59,1,N,198,179,1,3.42,1.0,0.5,8.59,0.0,1.0,14.51,0.0,0.0
2,2023-07-13 10:52:00,2023-07-13 11:33:00,1,0.66,1,N,148,212,1,6.15,3.5,0.5,2.28,0.0,1.0,15.93,2.5,0.0
1,2023-07-13 11:20:00,2023-07-13 11:49:00,3,1.13,1,N,241,130,1,68.21,0.0,0.5,0.36,6.55,1.0,79.12,2.5,0.0
2,2023-07-13 13:10:00,2023-07-13 13:52:00,1,0.9,1,N,72,144,1,5.84,0.5,0.5,1.9,6.55,1.0,18.79,2.5,0.0
2,2023-07-13 13:20:00,2023-07-13 13:58:00,1,1.04,1,N,104,117,2,30.1,0.5,0.5,1.89,0.0,1.0,33.99,0.0,0.0
2,2023-07-13 16:30:00,2023-07-13 16:45:00,1,1.69,1,N,36,25,2,4.45,1.0,0.5,1.57,6.55,1.0,17.57,2.5,0.0
1,2023-07-13 18:03:00,2023-07-13 18:16:00,1,6.49,1,N,183,87,2,7.08,3.5,0.5,3.79,6.55,1.0,24.92,2.5,0.0
2,2023-07-13 19:07:00,2023-07-13 19:19:00,1,1.83,1,N,22,140,1,6.09,0.0,0.5,2.14,0.0,1.0,12.23,2.5,0.0
1,2023-07-13 20:23:00,2023-07-13 20:42:00,1,0.33,1,N,23,103,1,12.47,0.5,0.5,9.68,0.0,1.0,24.15,0.0,0.0
1,2023-07-13 21:35:00,2023-07-13 21:55:00,1,0.72,1,N,104,11,2,3.74,0.0,0.5,0.94,6.55,1.0,15.23,2.5,0.0
2,2023-07-14 05:27:00,2023-07-14 06:24:00,1,2.64,1,N,247,167,2,31.66,1.0,0.5,1.32,0.0,1.0,37.98,2.5,0.0
2,2023-07-14 05:53:00,2023-07-14 06:20:00,2,5.25,1,N,228,232,1,9.75,2.5,0.5,3.97,6.55,1.0,26.77,2.5,0.0
2,2023-07-14 06:00:00,2023-07-14 06:51:00,1,1.65,1,N,17,10,1,14.86,2.5,0.5,1.29,0.0,1.0,22.65,2.5,0.0
2,2023-07-14 09:22:00,2023-07-14 09:57:00,1,5.41,1,N,236,161,1,11.06,0.5,0.5,1.72,0.0,1.0,14.78,0.0,0.0
2,2023-07-14 18:26:00,2023-07-14 19:19:00,1,0.41,1,N,190,21,1,13.72,0.0,0.5,1.01,0.0,1.0,18.73,2.5,0.0
2,2023-07-14 19:39:00,2023-07-14 20:06:00,2,1.93,1,N,158,238,1,12.68,1.0,0.5,0.56,0.0,1.0,18.24,2.5,0.0
1,2023-07-14 20:58:00,2023-07-14 21:19:00,1,1.56,1,N,222,20,2,4.54,3.5,0.5,0.63,6.55,1.0,16.72,0.0,0.0
2,2023-07-14 23:43:00,2023-07-15 00:23:00,1,3.53,1,N,58,55,1,4.24,0.0,0.5,3.44,6.55,1.0,18.23,2.5,0.0
2,2023-07-15 00:33:00,2023-07-15 01:11:00,4,1.05,1,N,27,156,1,48.01,0.0,0.5,0.81,0.0,1.0,54.57,2.5,1.75
1,2023-07-15 00:52:00,2023-07-15 01:35:00,3,1.1,1,N,151,158,1,11.95,0.5,0.5,0.09,6.55,1.0,23.09,2.5,0.0
2,2023-07-15 02:06:00,2023-07-15 02:24:00,2,0.89,1,N,95,20,1,8.26,0.5,0.5,0.98,0.0,1.0,13.74,2.5,0.0
2,2023-07-15 04:35:00,2023-07-15 05:32:00,3,0.68,1,Y,200,176,1,8.31,2.5,0.5,1.85,6.55,1.0,23.21,2.5,0.0
2,2023-07-15 06:13:00,2023-07-15 07:08:00,1,3.9,1,N,214,178,1,19.01,1.0,0.5,5.03,0.0,1.0,29.04,2.5,0.0
2,2023-07-15 06:37:00,2023-07-15 07:08:00,1,7.63,1,N,152,98,1,10.71,2.5,0.5,2.22,0.0,1.0,19.43,2.5,0.0
1,2023-07-15 06:49:00,2023-07-15 07:17:00,2,1.29,1,N,219,247,1,17.06,3.5,0.5,1.19,0.0,1.0,23.25,0.0,0.0
1,2023-07-15 09:02:00,2023-07-15 09:25:00,5,2.6,1,N,113,243,1,20.14,0.5,0.5,2.71,6.55,1.0,31.4,0.0,0.0
1,2023-07-15 09:33:00,2023-07-15 09:44:00,2,3.24,1,N,169,27,2,9.51,2.5,0.5,0.85,0.0,1.0,16.86,2.5,0.0
2,2023-07-15 10:11:00,2023-07-15 10:33:00,1,3.28,1,N,162,227,1,6.59,3.5,0.5,0.51,0.0,1.0,14.6,2.5,0.0
2,2023-07-15 12:50:00,2023-07-15 12:55:00,1,1.18,1,N,134,108,1,19.03,1.0,0.5,2.46,0.0,1.0,28.24,2.5,1.75
2,2023-07-15 14:12:00,2023-07-15 14:22:00,1,1.49,4,N,228,43,1,5.64,2.5,0.5,0.95,6.55,1.0,19.64,2.5,0.0
1,2023-07-15 14:45:00,2023-07-15 15:41:00,1,0.84,1,N,231,259,1,7.02,0.5,0.5,1.2,6.55,1.0,19.27,2.5,0.0
2,2023-07-15 14:56:00,2023-07-15 15:29:00,1,0.34,1,Y,236,103,2,8.26,3.5,0.5,0.56,0.0,1.0,16.32,2.5,0.0
2,2023-07-15 15:55:00,2023-07-15 16:03:00,1,1.76,1,N,136,52,2,15.07,2.5,0.5,0.9,0.0,1.0,22.47,2.5,0.0
1,2023-07-15 17:34:00,2023-07-15 18:13:00,1,1.89,1,N,201,18,1,18.49,1.0,0.5,1.69,0.0,1.0,26.93,2.5,1.75
2,2023-07-15 19:34:00,2023-07-15 19:46:00,3,4.46,1,N,66,173,1,20.06,1.0,0.5,6.64,6.55,1.0,40.0,2.5,1.75
2,2023-07-15 20:17:00,2023-07-15 21:01:00,1,0.44,1,N,139,22,2,8.24,2.5,0.5,1.01,6.55,1.0,22.3,2.5,0.0
1,2023-07-15 22:20:00,2023-07-15 22:28:00,1,1.06,1,N,244,184,1,9.37,0.0,0.5,2.26,6.55,1.0,22.18,2.5,0.0
1,2023-07-15 22:32:00,2023-07-15 22:44:00,1,1.12,1,N,52,93,1,7.64,1.0,0.5,0.05,6.55,1.0,18.49,0.0,1.75
2,2023-07-15 23:49:00,2023-07-16 00:20:00,1,1.87,1,N,224,246,1,3.36,2.5,0.5,2.04,6.55,1.0,18.45,2.5,0.0
2,2023-07-16 00:07:00,2023-07-16 00:40:00,1,1.1,1,N,9,259,1,18.16,0.0,0.5,0.64,0.0,1.0,20.3,0.0,0.0
1,2023-07-16 00:32:00,2023-07-16 01:28:00,3,2.41,1,N,223,1,1,6.22,0.0,0.5,1.61,0.0,1.0,11.83,2.5,0.0
1,2023-07-16 05:39:00,2023-07-16 06:08:00,1,1.04,1,N,177,27,1,6.37,2.5,0.5,3.66,0.0,1.0,16.53,2.5,0.0
2,2023-07-16 08:05:00,2023-07-16 08:32:00,2,0.81,1,N,93,177,1,7.98,2.5,0.5,1.19,6.55,1.0,23.97,2.5,1.75
2,2023-07-16 08:33:00,2023-07-16 09:14:00,1,5.09,1,N,234,185,1,31.56,2.5,0.5,0.95,6.55,1.0,43.06,0.0,0.0
2,2023-07-16 08:42:00,2023-07-16 08:59:00,1,0.32,1,N,104,236,1,6.51,0.0,0.5,3.9,0.0,1.0,14.41,2.5,0.0
1,2023-07-16 09:23:00,2023-07-16 10:16:00,3,0.61,1,N,249,179,2,30.76,3.5,0.5,3.64,6.55,1.0,48.45,2.5,0.0
2,2023-07-16 10:04:00,2023-07-16 10:27:00,1,0.34,1,N,142,155,1,24.49,2.5,0.5,1.18,0.0,1.0,32.17,2.5,0.0
1,2023-07-16 12:46:00,2023-07-16 13:25:00,2,4.86,1,N,186,76,1,6.62,2.5,0.5,0.04,0.0,1.0,12.41,0.0,1.75
1,2023-07-16 12:47:00,2023-07-16 13:11:00,2,0.96,1,N,38,72,1,3.77,0.5,0.5,0.56,0.0,1.0,8.83,2.5,0.0
2,2023-07-16 13:02:00,2023-07-16 13:35:00,4,1.07,1,N,229,54,1,11.85,0.5,0.5,0.21,6.55,1.0,23.11,2.5,0.0
2,2023-07-16 13:08:00,2023-07-16 13:52:00,1,1.44,1,N,195,114,1,6.74,1.0,0.5,0.65,6.55,1.0,20.69,2.5,1.75
2,2023-07-16 14:17:00,2023-07-16 15:09:00,1,4.98,1,N,162,175,1,7.29,2.5,0.5,2.86,6.55,1.0,20.7,0.0,0.0
2,2023-07-16 20:20:00,2023-07-16 20:58:00,1,0.48,1,N,9,211,2,28.06,0.5,0.5,3.7,0.0,1.0,36.26,2.5,0.0
1,2023-07-17 00:27:00,2023-07-17 01:18:00,1,1.63,1,N,256,190,1,19.36,0.0,0.5,12.16,0.0,1.0,33.02,0.0,0.0
2,2023-07-17 01:40:00,2023-07-17 02:20:00,2,1.01,1,N,95,206,1,3.73,3.5,0.5,1.47,6.55,1.0,19.25,2.5,0.0
2,2023-07-17 02:21:00,2023-07-17 02:38:00,5,6.98,1,N,63,73,1,12.34,3.5,0.5,3.01,6.55,1.0,29.4,2.5,0.0
2,2023-07-17 03:16:00,2023-07-17 04:12:00,1,2.22,2,N,59,164,1,17.33,0.5,0.5,3.02,0.0,1.0,24.85,2.5,0.0
1,2023-07-17 05:03:00,2023-07-17 05:14:00,4,2.99,1,N,22,70,2,17.26,0.5,0.5,0.68,0.0,1.0,22.44,2.5,0.0
1,2023-07-17 07:54:00,2023-07-17 08:34:00,1,0.48,1,N,199,66,1,19.09,3.5,0.5,0.53,0.0,1.0,27.12,2.5,0.0
1,2023-07-17 08:26:00,2023-07-17 09:04:00,1,1.61,1,N,194,264,2,3.53,0.5,0.5,0.8,6.55,1.0,12.88,0.0,0.0
1,2023-07-17 09:40:00,2023-07-17 10:13:00,1,0.31,1,N,239,43,1,11.82,3.5,0.5,4.12,0.0,1.0,23.44,2.5,0.0
1,2023-07-17 10:54:00,2023-07-17 11:18:00,1,4.1,1,N,172,238,1,12.02,1.0,0.5,3.16,0.0,1.0,20.18,2.5,0.0
2,2023-07-17 14:44:00,2023-07-17 15:17:00,1,15.9,1,N,258,27,1,3.91,3.5,0.5,2.39,0.0,1.0,13.8,2.5,0.0
2,2023-07-17 15:00:00,2023-07-17 15:38:00,1,1.38,1,N,83,62,1,10.84,1.0,0.5,1.15,6.55,1.0,25.29,2.5,1.75
2,2023-07-17 18:46:00,2023-07-17 19:09:00,1,0.77,1,N,111,108,2,7.96,3.5,0.5,1.78,6.55,1.0,23.79,2.5,0.0
2,2023-07-17 19:01:00,2023-07-17 19:07:00,1,1.89,2,N,138,97,1,4.15,0.0,0.5,8.49,0.0,1.0,16.64,2.5,0.0
1,2023-07-17 21:04:00,2023-07-17 21:29:00,1,1.01,1,N,29,202,2,26.41,1.0,0.5,0.97,6.55,1.0,36.43,0.0,0.0
2,2023-07-17 21:56:00,2023-07-17 22:46:00,3,0.76,1,N,96,159,1,10.76,0.5,0.5,1.8,6.55,1.0,23.61,2.5,0.0
2,2023-07-18 01:15:00,2023-07-18 01:28:00,1,4.61,2,N,66,143,1,9.94,1.0,0.5,5.3,6.55,1.0,24.29,0.0,0.0
2,2023-07-18 01:25:00,2023-07-18 01:59:00,4,1.58,1,N,260,197,1,8.99,3.5,0.5,1.49,0.0,1.0,17.98,2.5,0.0
1,2023-07-18 06:41:00,2023-07-18 07:12:00,1,2.22,1,N,154,194,1,19.49,0.5,0.5,3.83,0.0,1.0,25.32,0.0,0.0
1,2023-07-18 07:15:00,2023-07-18 07:26:00,1,9.2,1,N,145,47,2,9.97,0.0,0.5,4.62,0.0,1.0,18.59,2.5,0.0
2,2023-07-18 08:22:00,2023-07-18 08:59:00,1,4.12,1,N,239,92,1,8.27,0.5,0.5,0.89,0.0,1.0,13.66,2.5,0.0
2,2023-07-18 09:51:00,2023-07-18 10:17:00,3,0.46,1,N,230,126,1,12.15,0.0,0.5,5.59,6.55,1.0,25.79,0.0,0.0
2,2023-07-18 09:53:00,2023-07-18 10:46:00,3,0.78,1,N,183,210,1,3.31,0.5,0.5,5.12,6.55,1.0,19.48,2.5,0.0
1,2023-07-18 11:30:00,2023-07-18 11:42:00,1,0.92,1,N,171,143,1,5.36,3.5,0.5,6.61,6.55,1.0,26.02,2.5,0.0
1,2023-07-18 12:15:00,2023-07-18 12:43:00,1,0.82,1,N,260,115,2,32.72,0.5,0.5,1.05,0.0,1.0,38.27,2.5,0.0
1,2023-07-18 14:00:00,2023-07-18 14:27:00,2,3.6,1,N,126,241,1,8.3,1.0,0.5,0.46,0.0,1.0,13.76,2.5,0.0
1,2023-07-18 14:17:00,2023-07-18 15:14:00,2,4.93,1,N,6,3,1,43.47,1.0,0.5,1.82,6.55,1.0,56.84,2.5,0.0
1,2023-07-18 15:53:00,2023-07-18 16:51:00,1,0.72,1,N,190,175,1,11.71,0.5,0.5,1.65,6.55,1.0,24.41,2.5,0.0
2,2023-07-18 16:23:00,2023-07-18 17:02:00,1,2.92,1,N,54,107,2,3.04,2.5,0.5,3.9,6.55,1.0,19.99,2.5,0.0
1,2023-07-18 17:26:00,2023-07-18 18:12:00,1,1.66,1,N,262,263,1,5.4,1.0,0.5,0.47,6.55,1.0,14.92,0.0,0.0
2,2023-07-18 18:14:00,2023-07-18 18:54:00,1,0.67,1,N,41,120,1,3.91,0.0,0.5,0.22,6.55,1.0,12.18,0.0,0.0
2,2023-07-18 18:33:00,2023-07-18 18:40:00,1,1.13,1,N,107,81,1,31.52,1.0,0.5,0.96,0.0,1.0,37.48,2.5,0.0
1,2023-07-18 22:39:00,2023-07-18 23:36:00,2,0.95,1,N,174,202,1,3.39,1.0,0.5,2.09,6.55,1.0,14.53,0.0,0.0
1,2023-07-19 00:50:00,2023-07-19 01:37:00,1,1.51,1,N,22,220,1,19.56,1.0,0.5,0.47,6.55,1.0,31.58,2.5,0.0
1,2023-07-19 01:43:00,2023-07-19 02:21:00,1,2.76,1,N,224,45,1,14.75,0.5,0.5,0.27,0.0,1.0,17.02,0.0,0.0
1,2023-07-19 09:39:00,2023-07-19 10:05:00,1,2.61,1,N,243,103,1,20.89,3.5,0.5,0.05,0.0,1.0,25.94,0.0,0.0
1,2023-07-19 12:33:00,2023-07-19 12:48:00,1,2.36,1,N,223,230,1,4.82,1.0,0.5,0.03,6.55,1.0,16.4,2.5,0.0
2,2023-07-19 13:20:00,2023-07-19 14:19:00,1,0.64,2,N,182,131,2,8.01,0.5,0.5,2.2,6.55,1.0,21.26,2.5,0.0
2,2023-07-19 15:56:00,2023-07-19 16:12:00,4,1.2,1,N,188,149,2,16.79,2.5,0.5,1.65,6.55,1.0,31.49,2.5,0.0
2,2023-07-19 17:43:00,2023-07-19 18:21:00,4,0.93,1,N,124,51,1,9.31,3.5,0.5,3.08,6.55,1.0,28.19,2.5,1.75
2,2023-07-19 17:55:00,2023-07-19 18:30:00,2,2.31,1,N,125,189,1,4.63,1.0,0.5,0.75,6.55,1.0,16.93,2.5,0.0
1,2023-07-19 18:04:00,2023-07-19 18:38:00,1,2.43,1,Y,6,253,1,22.08,0.0,0.5,3.29,0.0,1.0,29.37,2.5,0.0
1,2023-07-19 18:14:00,2023-07-19 18:27:00,1,1.56,1,N,179,185,1,46.46,3.5,0.5,0.86,0.0,1.0,54.82,2.5,0.0
2,2023-07-19 18:41:00,2023-07-19 18:56:00,1,1.64,1,N,217,233,2,29.07,2.5,0.5,1.7,6.55,1.0,43.82,2.5,0.0
2,2023-07-19 19:10:00,2023-07-19 19:17:00,1,2.45,2,N,15,81,1,27.61,0.5,0.5,0.49,0.0,1.0,32.6,2.5,0.0
2,2023-07-20 01:15:00,2023-07-20 01:29:00,1,0.47,1,N,26,89,2,14.15,0.0,0.5,1.07,0.0,1.0,16.72,0.0,0.0
2,2023-07-20 02:41:00,2023-07-20 03:27:00,1,0.38,1,N,127,155,1,20.54,3.5,0.5,1.98,0.0,1.0,30.02,2.5,0.0
2,2023-07-20 03:33:00,2023-07-20 04:24:00,4,1.82,1,N,79,215,4,7.06,0.0,0.5,2.99,0.0,1.0,11.55,0.0,0.0
2,2023-07-20 04:09:00,2023-07-20 04:46:00,1,3.1,1,N,84,237,1,7.34,0.5,0.5,2.3,0.0,1.0,11.64,0.0,0.0
1,2023-07-20 05:16:00,2023-07-20 06:10:00,1,5.0,1,N,37,52,1,3.6,2.5,0.5,1.15,6.55,1.0,15.3,0.0,0.0
2,2023-07-20 05:45:00,2023-07-20 05:55:00,1,0.91,1,N,199,209,2,16.42,2.5,0.5,1.79,0.0,1.0,23.96,0.0,1.75
2,2023-07-20 05:50:00,2023-07-20 06:02:00,1,2.09,1,N,107,263,1,21.53,0.5,0.5,2.02,0.0,1.0,25.55,0.0,0.0
1,2023-07-20 13:10:00,2023-07-20 13:22:00,4,1.7,1,N,153,4,2,13.28,2.5,0.5,2.45,0.0,1.0,22.23,2.5,0.0
2,2023-07-20 13:36:00,2023-07-20 14:24:00,1,2.47,1,N,185,229,1,9.07,1.0,0.5,4.53,0.0,1.0,18.6,2.5,0.0
2,2023-07-20 14:19:00,2023-07-20 15:10:00,4,1.92,1,N,139,25,1,5.89,0.5,0.5,0.92,6.55,1.0,17.86,2.5,0.0
2,2023-07-20 16:03:00,2023-07-20 16:10:00,1,0.42,1,N,219,18,1,35.98,0.0,0.5,0.69,6.55,1.0,44.72,0.0,0.0
2,2023-07-20 16:38:00,2023-07-20 17:16:00,1,0.71,3,N,167,257,3,7.75,3.5,0.5,0.55,0.0,1.0,15.8,2.5,0.0
2,2023-07-20 16:54:00,2023-07-20 17:05:00,1,2.58,1,N,231,247,2,7.78,1.0,0.5,7.34,6.55,1.0,24.17,0.0,0.0
2,2023-07-20 18:22:00,2023-07-20 19:10:00,1,7.76,1,N,245,18,1,5.02,0.0,0.5,1.46,6.55,1.0,14.53,0.0,0.0
1,2023-07-20 18:26:00,2023-07-20 19:05:00,3,1.33,1,N,32,157,1,4.22,0.5,0.5,1.39,0.0,1.0,11.86,2.5,1.75
2,2023-07-20 18:54:00,2023-07-20 19:15:00,1,2.12,1,N,149,124,2,42.89,1.0,0.5,0.19,6.55,1.0,54.63,2.5,0.0
2,2023-07-20 19:52:00,2023-07-20 20:50:00,2,1.69,1,N,22,170,1,21.06,0.0,0.5,8.36,0.0,1.0,33.42,2.5,0.0
2,2023-07-20 20:20:00,2023-07-20 20:48:00,3,1.15,1,N,239,145,1,27.23,0.5,0.5,5.74,0.0,1.0,36.72,0.0,1.75
2,2023-07-20 20:26:00,2023-07-20 21:16:00,2,3.06,1,N,137,86,2,4.27,1.0,0.5,1.59,0.0,1.0,8.36,0.0,0.0
2,2023-07-20 20:27:00,2023-07-20 20:59:00,1,1.22,1,N,258,114,1,25.23,3.5,0.5,1.97,0.0,1.0,32.2,0.0,0.0
2,2023-07-20 22:16:00,2023-07-20 23:04:00,1,2.98,1,N,126,133,1,28.49,1.0,0.5,1.5,0.0,1.0,32.49,0.0,0.0
2,2023-07-20 22:40:00,2023-07-20 22:57:00,2,1.24,1,N,2,42,1,14.38,0.5,0.5,1.65,6.55,1.0,27.08,2.5,0.0
2,2023-07-20 23:05:00,2023-07-20 23:41:00,1,0.65,1,N,186,51,1,19.66,0.5,0.5,1.79,0.0,1.0,25.95,2.5,0.0
1,2023-07-21 01:08:00,2023-07-21 01:35:00,2,3.25,1,N,89,48,1,9.56,3.5,0.5,1.86,0.0,1.0,18.92,2.5,0.0
2,2023-07-21 01:30:00,2023-07-21 02:18:00,5,1.02,1,N,182,183,1,5.1,0.0,0.5,2.31,0.0,1.0,11.41,2.5,0.0
2,2023-07-21 03:42:00,2023-07-21 03:52:00,1,0.36,3,N,14,36,1,17.22,1.0,0.5,1.06,6.55,1.0,29.83,2.5,0.0
1,2023-07-21 04:50:00,2023-07-21 05:11:00,1,4.48,1,N,130,105,1,18.41,0.0,0.5,3.43,6.55,1.0,29.89,0.0,0.0
2,2023-07-21 05:28:00,2023-07-21 06:19:00,1,1.13,1,N,89,34,1,17.0,0.0,0.5,5.84,0.0,1.0,24.34,0.0,0.0
2,2023-07-21 07:50:00,2023-07-21 08:40:00,1,0.86,1,N,144,119,1,17.34,1.0,0.5,0.13,6.55,1.0,29.02,2.5,0.0
2,2023-07-21 08:34:00,2023-07-21 09:02:00,2,2.92,1,N,112,204,1,9.95,2.5,0.5,1.74,0.0,1.0,18.19,2.5,0.0
2,2023-07-21 09:07:00,2023-07-21 10:02:00,2,1.44,1,N,22,228,1,4.81,2.5,0.5,1.58,6.55,1.0,19.44,2.5,0.0
2,2023-07-21 12:00:00,2023-07-21 12:21:00,1,2.12,1,N,21,237,2,10.3,0.5,0.5,1.07,0.0,1.0,15.87,2.5,0.0
2,2023-07-21 15:34:00,2023-07-21 16:25:00,5,1.86,1,N,117,47,2,9.29,3.5,0.5,4.33,0.0,1.0,18.62,0.0,0.0
2,2023-07-21 16:46:00,2023-07-21 17:13:00,1,2.66,1,N,114,211,1,5.82,2.5,0.5,3.78,0.0,1.0,16.1,2.5,0.0
2,2023-07-21 18:04:00,2023-07-21 19:03:00,1,5.42,1,N,242,132,2,5.25,0.5,0.5,3.45,0.0,1.0,13.2,2.5,0.0
2,2023-07-22 01:11:00,2023-07-22 02:01:00,1,2.26,4,N,207,226,1,26.7,2.5,0.5,4.67,0.0,1.0,37.87,2.5,0.0
2,2023-07-22 01:58:00,2023-07-22 02:12:00,1,2.18,1,N,230,186,1,6.73,0.0,0.5,3.3,0.0,1.0,11.53,0.0,0.0
1,2023-07-22 03:17:00,2023-07-22 03:58:00,1,3.27,1,N,260,135,1,40.51,3.5,0.5,5.71,6.55,1.0,62.02,2.5,1.75
2,2023-07-22 04:06:00,2023-07-22 05:01:00,1,0.72,1,N,35,7,1,16.24,1.0,0.5,5.81,0.0,1.0,27.05,2.5,0.0
2,2023-07-22 06:22:00,2023-07-22 06:48:00,2,0.89,1,N,258,63,1,20.37,0.0,0.5,2.3,6.55,1.0,33.22,2.5,0.0
2,2023-07-22 09:24:00,2023-07-22 10:18:00,1,1.68,1,N,168,18,1,9.26,0.5,0.5,0.06,6.55,1.0,17.87,0.0,0.0
1,2023-07-22 09:44:00,2023-07-22 10:19:00,2,13.97,1,N,263,121,2,13.63,0.0,0.5,2.37,0.0,1.0,20.0,2.5,0.0
1,2023-07-22 11:28:00,2023-07-22 12:16:00,1,3.04,1,N,170,12,1,4.81,0.0,0.5,1.17,0.0,1.0,9.98,2.5,0.0
1,2023-07-22 18:15:00,2023-07-22 18:40:00,1,1.29,2,N,46,135,1,8.14,0.5,0.5,6.5,0.0,1.0,20.89,2.5,1.75
2,2023-07-22 18:39:00,2023-07-22 19:26:00,2,3.4,1,N,108,8,1,11.38,0.0,0.5,4.29,6.55,1.0,26.22,2.5,0.0
1,2023-07-22 18:47:00,2023-07-22 18:59:00,4,1.14,1,N,191,122,1,4.47,2.5,0.5,2.65,0.0,1.0,15.37,2.5,1.75
2,2023-07-22 20:27:00,2023-07-22 20:45:00,1,1.06,1,N,183,158,1,3.06,1.0,0.5,1.11,0.0,1.0,6.67,0.0,0.0
2,2023-07-22 22:31:00,2023-07-22 23:25:00,1,0.43,1,N,121,33,1,10.14,0.5,0.5,1.38,6.55,1.0,24.32,2.5,1.75
2,2023-07-22 22:53:00,2023-07-22 23:15:00,1,1.53,1,Y,71,92,2,3.28,2.5,0.5,1.23,6.55,1.0,19.31,2.5,1.75
2,2023-07-23 04:15:00,2023-07-23 04:33:00,1,0.41,4,N,135,260,1,35.02,1.0,0.5,1.77,6.55,1.0,50.09,2.5,1.75
2,2023-07-23 06:37:00,2023-07-23 06:43:00,1,2.66,1,N,214,262,1,23.18,2.5,0.5,3.83,6.55,1.0,40.06,2.5,0.0
2,2023-07-23 08:22:00,2023-07-23 08:54:00,3,0.97,1,N,136,19,3,7.56,3.5,0.5,1.72,6.55,1.0,20.83,0.0,0.0
1,2023-07-23 09:30:00,2023-07-23 09:48:00,1,0.41,1,N,146,220,1,30.21,0.5,0.5,1.37,0.0,1.0,33.58,0.0,0.0
2,2023-07-23 11:05:00,2023-07-23 11:26:00,1,1.83,1,N,233,105,1,8.65,3.5,0.5,4.75,0.0,1.0,18.4,0.0,0.0
1,2023-07-23 12:12:00,2023-07-23 12:44:00,5,1.85,1,N,237,234,1,4.5,2.5,0.5,2.23,6.55,1.0,19.78,2.5,0.0
2,2023-07-23 13:25:00,2023-07-23 13:57:00,1,9.27,1,N,258,133,1,9.86,0.0,0.5,0.86,6.55,1.0,21.27,2.5,0.0
1,2023-07-23 14:39:00,2023-07-23 15:15:00,2,2.69,1,N,26,221,1,5.14,0.5,0.5,2.12,6.55,1.0,15.81,0.0,0.0
2,2023-07-23 18:59:00,2023-07-23 19:28:00,1,2.81,1,N,132,11,1,4.48,0.0,0.5,1.26,0.0,1.0,9.74,2.5,0.0
2,2023-07-23 19:21:00,2023-07-23 19:56:00,1,0.39,1,N,191,231,1,8.51,0.0,0.5,0.22,6.55,1.0,19.28,2.5,0.0
1,2023-07-23 20:41:00,2023-07-23 20:58:00,1,0.79,1,Y,121,143,1,31.67,3.5,0.5,1.16,6.55,1.0,46.88,2.5,0.0
1,2023-07-23 21:44:00,2023-07-23 22:39:00,3,1.01,3,N,29,246,1,16.86,0.0,0.5,1.47,6.55,1.0,28.88,2.5,0.0
2,2023-07-24 01:31:00,2023-07-24 02:12:00,1,0.69,1,N,68,199,1,59.91,1.0,0.5,1.97,6.55,1.0,73.43,2.5,0.0
1,2023-07-24 02:14:00,2023-07-24 03:00:00,2,0.96,3,N,53,59,1,17.35,0.5,0.5,2.32,6.55,1.0,29.97,0.0,1.75
2,2023-07-24 02:45:00,2023-07-24 03:11:00,3,2.73,1,N,238,43,1,19.33,3.5,0.5,9.48,6.55,1.0,40.36,0.0,0.0
1,2023-07-24 03:06:00,2023-07-24 03:11:00,1,3.25,1,N,79,206,2,12.17,2.5,0.5,10.23,6.55,1.0,32.95,0.0,0.0
2,2023-07-24 04:25:00,2023-07-24 04:39:00,1,0.82,1,N,110,202,1,8.62,0.5,0.5,1.58,0.0,1.0,14.7,2.5,0.0
2,2023-07-24 04:54:00,2023-07-24 05:03:00,1,3.17,1,N,119,54,2,8.9,2.5,0.5,3.39,6.55,1.0,25.34,2.5,0.0
2,2023-07-24 05:07:00,2023-07-24 06:02:00,5,5.17,1,N,163,263,1,4.19,1.0,0.5,0.16,6.55,1.0,15.9,2.5,0.0
2,2023-07-24 12:19:00,2023-07-24 12:40:00,1,1.24,4,N,105,86,1,22.64,1.0,0.5,0.09,6.55,1.0,31.78,0.0,0.0
1,2023-07-24 12:27:00,2023-07-24 13:19:00,4,7.13,1,N,174,154,1,21.85,1.0,0.5,2.47,6.55,1.0,35.87,2.5,0.0
1,2023-07-24 15:40:00,2023-07-24 16:22:00,2,4.12,1,N,189,32,1,4.42,3.5,0.5,0.2,0.0,1.0,12.12,2.5,0.0
2,2023-07-24 16:26:00,2023-07-24 16:58:00,1,2.63,3,N,236,255,1,6.52,0.5,0.5,0.76,0.0,1.0,9.28,0.0,0.0
1,2023-07-24 19:23:00,2023-07-24 19:59:00,1,1.86,1,N,88,53,1,5.32,2.5,0.5,7.2,0.0,1.0,20.77,2.5,1.75
2,2023-07-24 21:44:00,2023-07-24 22:08:00,1,1.47,1,N,91,153,1,10.52,2.5,0.5,0.91,6.55,1.0,24.48,2.5,0.0
2,2023-07-24 22:58:00,2023-07-24 23:10:00,1,4.0,1,N,173,121,1,16.13,2.5,0.5,1.28,0.0,1.0,23.91,2.5,0.0
2,2023-07-25 01:26:00,2023-07-25 01:39:00,1,2.1,1,N,83,89,1,16.06,3.5,0.5,3.54,0.0,1.0,27.1,2.5,0.0
1,2023-07-25 04:11:00,2023-07-25 04:22:00,1,1.77,1,N,247,11,2,10.5,1.0,0.5,9.57,0.0,1.0,22.57,0.0,0.0
1,2023-07-25 06:39:00,2023-07-25 07:38:00,1,2.07,1,N,257,36,1,7.45,3.5,0.5,3.38,6.55,1.0,24.88,2.5,0.0
2,2023-07-25 09:27:00,2023-07-25 10:22:00,1,5.78,1,N,5,65,1,6.56,3.5,0.5,6.03,0.0,1.0,17.59,0.0,0.0
1,2023-07-25 10:04:00,2023-07-25 10:30:00,1,0.73,2,N,30,183,2,10.33,0.5,0.5,2.71,0.0,1.0,17.54,2.5,0.0
1,2023-07-25 10:09:00,2023-07-25 10:42:00,3,6.67,1,N,55,109,3,19.63,1.0,0.5,5.34,0.0,1.0,29.97,2.5,0.0
2,2023-07-25 10:30:00,2023-07-25 10:39:00,1,2.09,1,N,190,118,1,32.79,2.5,0.5,0.57,6.55,1.0,43.91,0.0,0.0
1,2023-07-25 11:06:00,2023-07-25 11:42:00,1,0.69,1,Y,94,86,1,6.51,0.5,0.5,1.16,0.0,1.0,12.17,2.5,0.0
1,2023-07-25 11:40:00,2023-07-25 12:00:00,1,1.25,1,N,101,226,2,10.97,0.5,0.5,11.53,0.0,1.0,24.5,0.0,0.0
1,2023-07-25 12:00:00,2023-07-25 12:26:00,1,4.91,1,N,37,139,1,4.93,2.5,0.5,0.5,0.0,1.0,11.93,2.5,0.0
2,2023-07-25 13:57:00,2023-07-25 14:38:00,1,1.32,2,N,256,117,1,9.58,0.5,0.5,2.49,0.0,1.0,18.32,2.5,1.75
2,2023-07-25 14:23:00,2023-07-25 14:55:00,1,6.25,1,N,97,173,1,21.78,1.0,0.5,3.22,0.0,1.0,27.5,0.0,0.0
2,2023-07-25 15:24:00,2023-07-25 16:20:00,1,0.88,1,Y,124,263,1,6.07,0.0,0.5,1.45,0.0,1.0,9.02,0.0,0.0
2,2023-07-25 15:41:00,2023-07-25 16:38:00,1,1.58,1,N,113,148,1,4.89,0.5,0.5,0.96,0.0,1.0,10.35,2.5,0.0
2,2023-07-25 16:48:00,2023-07-25 17:19:00,3,2.18,2,N,229,179,1,9.05,0.5,0.5,2.71,0.0,1.0,13.76,0.0,0.0
2,2023-07-25 16:53:00,2023-07-25 16:59:00,1,5.85,1,N,204,252,4,3.79,2.5,0.5,2.01,6.55,1.0,16.35,0.0,0.0
1,2023-07-25 18:23:00,2023-07-25 19:17:00,1,1.85,1,N,255,231,1,18.3,0.0,0.5,0.17,0.0,1.0,22.47,2.5,0.0
2,2023-07-25 23:38:00,2023-07-26 00:28:00,2,2.54,1,N,148,5,2,10.21,1.0,0.5,0.86,6.55,1.0,21.87,0.0,1.75
2,2023-07-25 23:49:00,2023-07-26 00:47:00,1,1.07,1,N,99,90,1,5.82,1.0,0.5,2.29,0.0,1.0,13.11,2.5,0.0
1,2023-07-26 02:34:00,2023-07-26 03:33:00,1,3.69,1,N,215,43,1,28.98,2.5,0.5,1.87,0.0,1.0,37.35,2.5,0.0
2,2023-07-26 06:16:00,2023-07-26 06:41:00,1,0.69,1,N,110,11,1,13.61,2.5,0.5,0.33,0.0,1.0,20.44,2.5,0.0
1,2023-07-26 08:22:00,2023-07-26 09:00:00,1,0.87,1,N,33,259,1,4.91,1.0,0.5,1.68,6.55,1.0,15.64,0.0,0.0
1,2023-07-26 09:10:00,2023-07-26 09:24:00,1,2.76,2,N,188,203,2,21.63,0.0,0.5,1.26,0.0,1.0,24.39,0.0,0.0
2,2023-07-26 09:45:00,2023-07-26 10:19:00,1,2.4,1,N,174,87,3,29.29,0.0,0.5,0.2,0.0,1.0,30.99,0.0,0.0
2,2023-07-26 15:02:00,2023-07-26 16:01:00,1,0.68,1,N,239,117,1,5.31,1.0,0.5,0.51,0.0,1.0,12.57,2.5,1.75
2,2023-07-26 15:44:00,2023-07-26 16:32:00,1,0.58,1,N,264,208,1,4.83,0.5,0.5,1.4,6.55,1.0,14.78,0.0,0.0
2,2023-07-26 16:32:00,2023-07-26 17:13:00,1,4.61,1,N,235,133,1,33.66,3.5,0.5,1.12,6.55,1.0,48.83,2.5,0.0
1,2023-07-26 17:15:00,2023-07-26 17:37:00,1,5.75,1,N,67,237,1,16.26,2.5,0.5,0.43,0.0,1.0,20.69,0.0,0.0
2,2023-07-26 17:38:00,2023-07-26 18:12:00,3,9.17,1,N,83,144,3,5.49,2.5,0.5,0.94,0.0,1.0,12.93,2.5,0.0
2,2023-07-26 20:03:00,2023-07-26 20:56:00,1,1.92,1,N,187,57,1,25.33,0.0,0.5,3.7,0.0,1.0,34.78,2.5,1.75
1,2023-07-26 20:41:00,2023-07-26 21:16:00,1,1.19,1,Y,156,56,1,26.62,2.5,0.5,0.71,0.0,1.0,31.33,0.0,0.0
1,2023-07-26 20:43:00,2023-07-26 21:09:00,1,0.33,1,N,158,193,1,38.83,0.5,0.5,4.17,0.0,1.0,47.5,2.5,0.0
1,2023-07-26 22:26:00,2023-07-26 23:10:00,2,0.35,3,N,257,251,1,8.59,3.5,0.5,4.02,0.0,1.0,20.11,2.5,0.0
1,2023-07-26 23:56:00,2023-07-27 00:22:00,3,1.1,1,N,28,94,1,61.47,3.5,0.5,3.26,0.0,1.0,72.23,2.5,0.0
2,2023-07-27 00:10:00,2023-07-27 01:09:00,1,1.67,1,N,119,103,2,15.96,0.0,0.5,0.09,6.55,1.0,26.6,2.5,0.0
2,2023-07-27 01:45:00,2023-07-27 02:19:00,1,13.69,1,N,124,238,2,3.42,2.5,0.5,1.33,0.0,1.0,13.0,2.5,1.75
2,2023-07-27 03:17:00,2023-07-27 04:16:00,1,1.15,1,N,155,53,1,9.46,0.0,0.5,0.39,0.0,1.0,13.85,2.5,0.0
2,2023-07-27 04:15:00,2023-07-27 04:22:00,1,4.52,1,N,195,58,1,44.85,3.5,0.5,4.35,0.0,1.0,56.7,2.5,0.0
2,2023-07-27 04:36:00,2023-07-27 05:19:00,1,2.73,1,N,201,52,2,26.11,1.0,0.5,12.55,0.0,1.0,41.16,0.0,0.0
2,2023-07-27 07:12:00,2023-07-27 07:36:00,3,3.16,1,N,174,135,1,27.69,0.5,0.5,2.47,0.0,1.0,34.66,2.5,0.0
1,2023-07-27 07:22:00,2023-07-27 07:41:00,1,4.12,1,N,149,95,1,10.32,3.5,0.5,5.18,0.0,1.0,23.0,2.5,0.0
1,2023-07-27 07:30:00,2023-07-27 08:10:00,1,0.82,1,N,201,160,1,4.18,1.0,0.5,4.15,0.0,1.0,13.33,2.5,0.0
2,2023-07-27 09:07:00,2023-07-27 09:33:00,1,6.95,1,N,135,157,1,6.65,2.5,0.5,0.22,0.0,1.0,13.37,2.5,0.0
1,2023-07-27 11:43:00,2023-07-27 12:37:00,1,6.07,1,N,174,66,1,10.41,0.0,0.5,0.08,0.0,1.0,14.49,2.5,0.0
2,2023-07-27 13:11:00,2023-07-27 13:35:00,1,4.03,1,N,76,94,1,4.89,3.5,0.5,0.16,0.0,1.0,12.55,2.5,0.0
2,2023-07-27 17:55:00,2023-07-27 18:26:00,3,2.47,2,N,258,52,1,6.44,0.0,0.5,2.91,6.55,1.0,17.4,0.0,0.0
2,2023-07-27 18:22:00,2023-07-27 18:53:00,2,4.55,1,N,130,2,1,4.61,1.0,0.5,13.03,6.55,1.0,29.19,2.5,0.0
2,2023-07-27 18:28:00,2023-07-27 19:24:00,2,2.25,1,N,216,120,1,79.65,3.5,0.5,9.29,0.0,1.0,98.19,2.5,1.75
1,2023-07-27 21:32:00,2023-07-27 22:03:00,1,1.08,1,N,256,224,1,10.5,1.0,0.5,0.95,6.55,1.0,23.0,2.5,0.0
2,2023-07-27 23:17:00,2023-07-27 23:50:00,1,8.08,1,N,195,175,1,30.38,0.5,0.5,0.5,0.0,1.0,32.88,0.0,0.0
1,2023-07-27 23:28:00,2023-07-28 00:26:00,2,2.43,1,N,118,202,2,9.69,0.0,0.5,0.4,0.0,1.0,11.59,0.0,0.0
2,2023-07-28 01:51:00,2023-07-28 02:34:00,1,1.42,1,N,152,232,1,3.03,3.5,0.5,0.23,0.0,1.0,8.26,0.0,0.0
1,2023-07-28 02:08:00,2023-07-28 02:51:00,2,3.95,2,N,141,126,1,15.23,3.5,0.5,5.44,0.0,1.0,27.42,0.0,1.75
2,2023-07-28 04:10:00,2023-07-28 04:44:00,1,3.86,1,N,40,261,1,19.49,2.5,0.5,2.99,6.55,1.0,33.03,0.0,0.0
2,2023-07-28 06:08:00,2023-07-28 06:38:00,1,3.26,1,N,106,101,2,46.79,3.5,0.5,0.09,6.55,1.0,60.18,0.0,1.75
2,2023-07-28 10:15:00,2023-07-28 10:20:00,2,6.62,1,N,115,169,2,5.03,0.5,0.5,1.38,0.0,1.0,10.91,2.5,0.0
2,2023-07-28 16:06:00,2023-07-28 16:59:00,1,5.18,2,N,132,19,1,3.75,0.0,0.5,13.76,0.0,1.0,23.26,2.5,1.75
2,2023-07-28 19:49:00,2023-07-28 20:19:00,1,4.73,1,N,36,219,1,28.11,0.0,0.5,0.48,0.0,1.0,30.09,0.0,0.0
2,2023-07-28 21:24:00,2023-07-28 22:16:00,1,0.66,1,N,9,29,1,15.44,2.5,0.5,2.44,0.0,1.0,24.38,2.5,0.0
2,2023-07-28 22:16:00,2023-07-28 22:45:00,1,3.23,1,N,24,37,1,7.35,2.5,0.5,1.74,0.0,1.0,13.09,0.0,0.0
1,2023-07-28 23:31:00,2023-07-29 00:19:00,1,1.3,1,N,78,175,1,6.76,1.0,0.5,7.44,0.0,1.0,19.2,2.5,0.0
2,2023-07-29 00:54:00,2023-07-29 01:51:00,1,1.84,1,N,118,183,1,3.63,0.0,0.5,1.34,0.0,1.0,6.47,0.0,0.0
2,2023-07-29 04:07:00,2023-07-29 04:41:00,3,0.92,1,N,95,206,2,14.4,2.5,0.5,0.45,0.0,1.0,23.1,2.5,1.75
2,2023-07-29 08:14:00,2023-07-29 08:28:00,1,0.31,1,N,82,253,1,29.41,0.0,0.5,1.7,6.55,1.0,41.66,2.5,0.0
2,2023-07-29 11:28:00,2023-07-29 11:56:00,1,0.8,1,N,101,232,1,13.95,3.5,0.5,8.67,0.0,1.0,30.12,2.5,0.0
1,2023-07-29 16:33:00,2023-07-29 17:13:00,5,1.04,1,N,182,153,1,4.83,0.5,0.5,1.8,6.55,1.0,15.18,0.0,0.0
1,2023-07-29 17:14:00,2023-07-29 17:38:00,3,4.16,1,N,28,140,2,11.36,1.0,0.5,0.47,6.55,1.0,23.38,2.5,0.0
2,2023-07-29 17:59:00,2023-07-29 18:06:00,1,0.87,1,N,136,231,4,9.38,0.5,0.5,1.15,0.0,1.0,15.03,2.5,0.0
2,2023-07-29 18:26:00,2023-07-29 19:22:00,1,0.43,1,N,10,251,2,9.7,1.0,0.5,0.56,0.0,1.0,17.01,2.5,1.75
2,2023-07-29 20:26:00,2023-07-29 20:35:00,1,3.0,1,N,22,233,2,19.19,0.5,0.5,1.77,6.55,1.0,32.01,2.5,0.0
2,2023-07-29 21:20:00,2023-07-29 21:57:00,3,4.4,1,N,71,111,1,8.73,1.0,0.5,1.03,0.0,1.0,12.26,0.0,0.0
2,2023-07-29 21:54:00,2023-07-29 22:21:00,1,3.1,1,N,100,101,2,18.02,0.0,0.5,1.05,0.0,1.0,23.07,2.5,0.0
1,2023-07-30 02:03:00,2023-07-30 02:33:00,1,1.3,1,N,13,67,1,12.09,2.5,0.5,0.85,0.0,1.0,19.44,2.5,0.0
2,2023-07-30 03:39:00,2023-07-30 03:44:00,1,4.52,4,N,227,113,1,9.16,1.0,0.5,3.38,6.55,1.0,24.09,2.5,0.0
2,2023-07-30 06:15:00,2023-07-30 06:32:00,1,11.99,1,N,31,207,1,20.86,0.5,0.5,4.55,6.55,1.0,35.71,0.0,1.75
1,2023-07-30 06:28:00,2023-07-30 06:46:00,1,0.48,3,N,39,190,1,17.1,2.5,0.5,4.71,6.55,1.0,34.86,2.5,0.0
2,2023-07-30 08:38:00,2023-07-30 08:55:00,3,0.7,1,N,138,107,1,25.75,0.5,0.5,0.4,0.0,1.0,30.65,2.5,0.0
2,2023-07-30 08:49:00,2023-07-30 09:24:00,1,1.8,1,N,159,236,1,23.51,0.0,0.5,2.23,0.0,1.0,29.74,2.5,0.0
2,2023-07-30 09:10:00,2023-07-30 09:23:00,1,0.53,1,N,5,27,2,39.29,3.5,0.5,2.51,6.55,1.0,53.35,0.0,0.0
1,2023-07-30 15:42:00,2023-07-30 15:52:00,4,1.97,1,Y,86,45,1,33.27,0.0,0.5,0.72,6.55,1.0,44.54,2.5,0.0
2,2023-07-30 19:28:00,2023-07-30 19:35:00,2,0.83,1,N,44,76,1,14.23,3.5,0.5,1.62,0.0,1.0,23.35,2.5,0.0
1,2023-07-30 19:31:00,2023-07-30 20:19:00,3,1.87,1,N,159,206,1,19.67,3.5,0.5,0.29,0.0,1.0,29.21,2.5,1.75
2,2023-07-30 20:02:00,2023-07-30 20:12:00,1,2.76,1,N,245,178,1,19.53,0.5,0.5,0.17,0.0,1.0,24.2,2.5,0.0
2,2023-07-30 20:30:00,2023-07-30 21:07:00,2,2.1,1,N,241,172,1,12.96,0.0,0.5,0.26,0.0,1.0,17.22,2.5,0.0
2,2023-07-30 21:04:00,2023-07-30 21:12:00,1,1.27,1,N,113,225,1,21.05,0.5,0.5,3.59,6.55,1.0,35.69,2.5,0.0
2,2023-07-31 02:28:00,2023-07-31 03:09:00,1,1.01,1,N,80,97,1,12.97,0.0,0.5,0.57,0.0,1.0,15.04,0.0,0.0
1,2023-07-31 04:39:00,2023-07-31 05:12:00,1,1.9,1,N,24,27,3,17.48,0.5,0.5,0.54,6.55,1.0,26.57,0.0,0.0
1,2023-07-31 06:14:00,2023-07-31 06:50:00,1,0.34,1,N,118,108,1,11.02,3.5,0.5,0.14,0.0,1.0,18.66,2.5,0.0
1,2023-07-31 06:24:00,2023-07-31 07:20:00,4,1.71,1,N,130,47,1,3.27,0.0,0.5,4.65,0.0,1.0,11.92,2.5,0.0
1,2023-07-31 08:39:00,2023-07-31 08:56:00,1,1.99,2,N,142,104,2,34.32,0.5,0.5,4.41,0.0,1.0,44.98,2.5,1.75
2,2023-07-31 10:22:00,2023-07-31 10:56:00,1,4.46,1,N,32,38,1,31.85,2.5,0.5,1.11,6.55,1.0,45.26,0.0,1.75
1,2023-07-31 15:08:00,2023-07-31 15:52:00,1,2.88,3,N,22,263,1,35.96,1.0,0.5,4.43,0.0,1.0,45.39,2.5,0.0
1,2023-07-31 18:38:00,2023-07-31 18:56:00,1,0.34,3,N,88,43,1,10.12,0.0,0.5,2.28,0.0,1.0,18.15,2.5,1.75
1,2023-07-31 18:42:00,2023-07-31 19:39:00,1,2.07,1,N,190,89,1,19.8,2.5,0.5,1.02,0.0,1.0,27.32,2.5,0.0
1,2023-07-31 19:55:00,2023-07-31 20:14:00,1,0.81,1,N,31,68,1,10.45,2.5,0.5,0.13,0.0,1.0,17.08,2.5,0.0
2,2023-07-31 20:22:00,2023-07-31 21:20:00,2,7.0,1,N,45,218,1,7.59,2.5,0.5,4.47,0.0,1.0,17.81,0.0,1.75
2,2023-07-31 20:23:00,2023-07-31 20:35:00,1,2.42,1,N,7,238,1,14.9,0.0,0.5,0.16,0.0,1.0,20.81,2.5,1.75
1,2023-07-31 20:33:00,2023-07-31 21:15:00,1,4.84,1,N,197,63,2,19.26,2.5,0.5,0.08,0.0,1.0,25.84,2.5,0.0
2,2023-07-31 23:53:00,2023-08-01 00:42:00,1,0.56,1,N,185,119,2,4.52,0.0,0.5,0.54,0.0,1.0,10.81,2.5,1.75
2,2023-08-01 02:42:00,2023-08-01 02:58:00,2,1.91,1,N,218,40,1,43.21,2.5,0.5,6.69,0.0,1.0,56.4,2.5,0.0
2,2023-08-01 03:45:00,2023-08-01 03:50:00,1,1.95,1,N,18,129,1,14.06,0.0,0.5,0.79,6.55,1.0,25.4,2.5,0.0
2,2023-08-01 05:48:00,2023-08-01 06:13:00,4,4.79,1,N,45,88,2,18.76,1.0,0.5,4.32,0.0,1.0,28.08,2.5,0.0
2,2023-08-01 12:24:00,2023-08-01 12:34:00,1,3.36,1,N,257,252,1,9.08,0.0,0.5,0.96,6.55,1.0,19.84,0.0,1.75
1,2023-08-01 13:03:00,2023-08-01 13:54:00,1,1.78,2,N,147,241,1,40.03,0.0,0.5,1.91,6.55,1.0,52.49,2.5,0.0
1,2023-08-01 13:21:00,2023-08-01 13:28:00,2,1.97,1,N,58,57,2,13.16,0.5,0.5,0.85,0.0,1.0,16.01,0.0,0.0
2,2023-08-01 13:33:00,2023-08-01 13:54:00,2,1.51,1,N,210,115,1,9.04,3.5,0.5,2.63,6.55,1.0,25.72,2.5,0.0
1,2023-08-01 13:34:00,2023-08-01 14:00:00,2,2.99,1,N,232,253,1,21.18,0.5,0.5,0.38,0.0,1.0,26.06,2.5,0.0
2,2023-08-01 22:06:00,2023-08-01 22:34:00,3,4.58,1,N,118,150,1,17.66,3.5,0.5,0.57,0.0,1.0,25.73,2.5,0.0
1,2023-08-01 23:31:00,2023-08-02 00:30:00,4,2.85,1,N,85,180,1,13.13,0.5,0.5,0.71,6.55,1.0,24.89,2.5,0.0
2,2023-08-02 00:53:00,2023-08-02 01:48:00,1,0.83,1,N,180,171,3,4.26,1.0,0.5,0.87,6.55,1.0,14.18,0.0,0.0
2,2023-08-02 03:01:00,2023-08-02 03:14:00,5,5.43,1,N,187,49,1,37.69,2.5,0.5,0.72,0.0,1.0,44.91,2.5,0.0
1,2023-08-02 03:55:00,2023-08-02 04:41:00,1,5.78,1,N,98,232,1,8.85,2.5,0.5,4.06,6.55,1.0,25.96,2.5,0.0
1,2023-08-02 06:06:00,2023-08-02 06:34:00,1,0.8,1,N,144,201,1,5.31,0.5,0.5,3.32,6.55,1.0,19.68,2.5,0.0
2,2023-08-02 08:57:00,2023-08-02 09:19:00,1,0.67,2,N,107,69,1,65.42,0.5,0.5,0.95,0.0,1.0,70.87,2.5,0.0
2,2023-08-02 10:02:00,2023-08-02 10:16:00,2,1.96,1,N,110,155,1,16.84,3.5,0.5,2.11,6.55,1.0,33.0,2.5,0.0
2,2023-08-02 16:00:00,2023-08-02 16:50:00,1,3.89,1,N,150,30,1,8.3,3.5,0.5,0.55,0.0,1.0,16.35,2.5,0.0
2,2023-08-02 17:07:00,2023-08-02 17:34:00,1,0.69,3,N,178,10,1,17.88,2.5,0.5,1.25,6.55,1.0,32.18,2.5,0.0
2,2023-08-02 23:12:00,2023-08-03 00:08:00,1,2.92,1,N,13,73,1,29.08,3.5,0.5,3.11,6.55,1.0,45.49,0.0,1.75
1,2023-08-03 03:20:00,2023-08-03 04:08:00,1,3.33,1,N,35,140,1,14.5,2.5,0.5,12.39,6.55,1.0,39.94,2.5,0.0
1,2023-08-03 03:22:00,2023-08-03 04:14:00,1,5.52,1,N,17,263,2,17.14,3.5,0.5,0.13,0.0,1.0,22.27,0.0,0.0
2,2023-08-03 04:49:00,2023-08-03 05:20:00,2,1.13,1,N,160,119,1,7.96,2.5,0.5,2.33,6.55,1.0,23.34,2.5,0.0
2,2023-08-03 05:19:00,2023-08-03 05:31:00,2,0.34,1,N,29,13,1,11.83,1.0,0.5,1.79,6.55,1.0,22.67,0.0,0.0
1,2023-08-03 06:37:00,2023-08-03 07:13:00,2,1.26,1,Y,8,120,1,22.77,1.0,0.5,3.13,0.0,1.0,28.4,0.0,0.0
1,2023-08-03 07:37:00,2023-08-03 08:16:00,5,6.29,3,N,181,148,1,3.23,0.5,0.5,1.41,0.0,1.0,9.14,2.5,0.0
1,2023-08-03 07:43:00,2023-08-03 08:27:00,1,7.01,3,N,104,18,1,4.91,1.0,0.5,0.31,0.0,1.0,10.22,2.5,0.0
2,2023-08-03 11:57:00,2023-08-03 12:08:00,2,5.29,1,N,72,112,2,14.06,0.0,0.5,1.8,6.55,1.0,26.41,2.5,0.0
1,2023-08-03 13:34:00,2023-08-03 13:56:00,1,1.13,1,N,56,62,1,4.84,3.5,0.5,1.37,0.0,1.0,13.71,2.5,0.0
2,2023-08-03 13:47:00,2023-08-03 14:12:00,3,4.96,1,N,74,257,1,3.11,0.0,0.5,2.43,0.0,1.0,9.54,2.5,0.0
2,2023-08-03 15:06:00,2023-08-03 15:17:00,2,14.09,1,N,65,135,1,13.43,1.0,0.5,5.11,6.55,1.0,30.09,2.5,0.0
1,2023-08-03 16:23:00,2023-08-03 17:07:00,1,5.16,1,N,7,151,1,4.34,2.5,0.5,0.52,6.55,1.0,17.91,2.5,0.0
2,2023-08-03 20:18:00,2023-08-03 21:14:00,5,2.62,1,N,175,131,2,27.17,3.5,0.5,1.53,0.0,1.0,36.2,2.5,0.0
2,2023-08-03 22:29:00,2023-08-03 23:12:00,2,0.57,1,N,129,161,1,4.69,2.5,0.5,0.57,6.55,1.0,18.31,2.5,0.0
1,2023-08-03 22:41:00,2023-08-03 23:29:00,1,3.39,1,N,209,118,3,55.57,2.5,0.5,3.64,0.0,1.0,65.71,2.5,0.0
2,2023-08-03 23:10:00,2023-08-04 00:00:00,2,1.06,1,N,157,222,1,28.81,2.5,0.5,0.21,6.55,1.0,42.07,2.5,0.0
1,2023-08-04 02:15:00,2023-08-04 03:04:00,3,2.77,1,N,39,194,1,31.76,3.5,0.5,3.86,0.0,1.0,42.37,0.0,1.75
1,2023-08-04 06:41:00,2023-08-04 07:10:00,1,2.15,1,N,238,71,1,14.53,0.0,0.5,1.89,0.0,1.0,20.42,2.5,0.0
2,2023-08-04 11:12:00,2023-08-04 11:47:00,2,1.03,1,N,215,145,1,6.89,2.5,0.5,2.37,0.0,1.0,15.76,2.5,0.0
1,2023-08-04 12:55:00,2023-08-04 13:27:00,2,1.23,3,N,208,227,1,15.45,3.5,0.5,2.01,0.0,1.0,24.21,0.0,1.75
1,2023-08-04 13:55:00,2023-08-04 14:49:00,1,0.36,1,N,138,239,1,8.26,2.5,0.5,0.86,6.55,1.0,21.42,0.0,1.75
2,2023-08-04 17:35:00,2023-08-04 18:07:00,1,1.42,1,N,44,210,1,5.01,3.5,0.5,4.53,0.0,1.0,16.29,0.0,1.75
2,2023-08-04 20:09:00,2023-08-04 21:00:00,2,0.89,4,N,13,219,1,9.89,1.0,0.5,3.49,0.0,1.0,18.38,2.5,0.0
2,2023-08-04 21:54:00,2023-08-04 22:13:00,3,4.63,1,N,141,196,1,4.16,1.0,0.5,0.98,6.55,1.0,16.69,2.5,0.0
2,2023-08-04 22:05:00,2023-08-04 22:16:00,1,5.95,1,N,117,199,1,12.05,0.5,0.5,0.92,0.0,1.0,14.97,0.0,0.0
2,2023-08-04 22:09:00,2023-08-04 22:17:00,1,6.4,1,N,21,154,1,7.38,1.0,0.5,1.1,0.0,1.0,13.48,2.5,0.0
2,2023-08-04 22:11:00,2023-08-04 22:32:00,4,1.01,1,N,246,56,1,6.7,2.5,0.5,4.39,6.55,1.0,24.14,2.5,0.0
2,2023-08-05 05:45:00,2023-08-05 06:07:00,2,1.69,1,N,208,215,2,53.8,0.0,0.5,0.75,6.55,1.0,65.1,2.5,0.0
1,2023-08-05 06:42:00,2023-08-05 06:50:00,1,2.48,1,N,5,18,3,43.31,0.5,0.5,4.33,6.55,1.0,58.69,2.5,0.0
2,2023-08-05 07:18:00,2023-08-05 07:36:00,1,2.2,1,N,206,135,1,44.08,1.0,0.5,0.08,0.0,1.0,46.66,0.0,0.0
1,2023-08-05 08:53:00,2023-08-05 09:43:00,2,0.71,2,N,43,160,1,18.62,0.5,0.5,0.62,6.55,1.0,27.79,0.0,0.0
2,2023-08-05 12:33:00,2023-08-05 12:55:00,2,1.98,3,N,208,13,1,6.19,0.0,0.5,0.81,0.0,1.0,11.0,2.5,0.0
2,2023-08-05 13:02:00,2023-08-05 13:56:00,3,2.97,1,N,123,93,1,6.47,0.0,0.5,0.98,6.55,1.0,18.0,2.5,0.0
1,2023-08-05 13:57:00,2023-08-05 14:42:00,2,0.61,1,N,237,228,1,7.99,2.5,0.5,3.67,6.55,1.0,22.21,0.0,0.0
2,2023-08-05 15:15:00,2023-08-05 15:53:00,1,6.59,2,N,35,154,1,28.27,3.5,0.5,4.78,0.0,1.0,40.55,2.5,0.0
1,2023-08-05 15:15:00,2023-08-05 15:35:00,1,1.42,1,N,150,183,1,31.21,0.0,0.5,0.07,6.55,1.0,39.33,0.0,0.0
2,2023-08-05 16:23:00,2023-08-05 17:21:00,1,1.97,1,N,16,51,1,7.49,3.5,0.5,3.41,0.0,1.0,18.4,2.5,0.0
1,2023-08-05 17:06:00,2023-08-05 17:23:00,1,1.14,1,N,190,119,1,3.24,0.5,0.5,0.21,0.0,1.0,7.95,2.5,0.0
2,2023-08-05 19:49:00,2023-08-05 20:28:00,1,0.41,1,N,236,137,1,8.86,2.5,0.5,1.05,6.55,1.0,22.96,2.5,0.0
2,2023-08-05 20:10:00,2023-08-05 21:01:00,1,0.75,1,N,9,196,1,24.42,0.5,0.5,1.03,0.0,1.0,29.95,2.5,0.0
2,2023-08-05 20:12:00,2023-08-05 20:20:00,1,5.18,1,N,172,30,1,48.62,0.0,0.5,0.58,6.55,1.0,59.75,2.5,0.0
1,2023-08-05 20:17:00,2023-08-05 20:29:00,1,3.25,1,N,58,4,1,3.85,3.5,0.5,6.22,6.55,1.0,21.62,0.0,0.0
2,2023-08-05 20:42:00,2023-08-05 21:02:00,1,1.11,1,N,185,256,2,4.38,0.5,0.5,2.43,6.55,1.0,15.36,0.0,0.0
2,2023-08-06 01:39:00,2023-08-06 02:19:00,1,1.14,1,N,182,12,1,109.62,0.5,0.5,1.56,0.0,1.0,115.68,2.5,0.0
2,2023-08-06 02:36:00,2023-08-06 03:20:00,3,3.55,1,N,200,128,1,14.52,3.5,0.5,0.74,0.0,1.0,22.76,2.5,0.0
2,2023-08-06 03:00:00,2023-08-06 03:37:00,1,2.37,1,N,35,54,1,21.79,2.5,0.5,2.5,0.0,1.0,30.79,2.5,0.0
1,2023-08-06 04:07:00,2023-08-06 04:29:00,3,3.07,1,N,52,7,1,11.36,2.5,0.5,2.22,0.0,1.0,19.33,0.0,1.75
2,2023-08-06 05:33:00,2023-08-06 05:38:00,1,0.54,2,N,229,165,1,28.8,0.5,0.5,2.0,0.0,1.0,35.3,2.5,0.0
1,2023-08-06 06:09:00,2023-08-06 06:49:00,3,4.24,1,N,145,156,1,9.09,3.5,0.5,0.39,0.0,1.0,14.48,0.0,0.0
2,2023-08-06 06:23:00,2023-08-06 07:02:00,1,2.75,1,N,25,88,1,49.89,0.0,0.5,0.32,0.0,1.0,54.21,2.5,0.0
1,2023-08-06 07:16:00,2023-08-06 07:34:00,3,3.16,1,N,72,141,1,9.87,0.0,0.5,2.02,6.55,1.0,22.44,2.5,0.0
2,2023-08-06 13:35:00,2023-08-06 14:18:00,2,0.56,1,N,150,199,1,6.8,0.5,0.5,3.26,6.55,1.0,21.11,2.5,0.0
2,2023-08-06 17:59:00,2023-08-06 18:09:00,1,3.36,1,N,164,147,3,9.36,1.0,0.5,2.45,6.55,1.0,23.36,2.5,0.0
2,2023-08-06 22:37:00,2023-08-06 23:35:00,1,0.71,1,N,63,206,1,11.65,1.0,0.5,0.95,0.0,1.0,17.6,2.5,0.0
2,2023-08-07 00:20:00,2023-08-07 00:26:00,2,0.93,3,N,201,111,2,6.7,0.5,0.5,0.13,0.0,1.0,11.33,2.5,0.0
2,2023-08-07 02:23:00,2023-08-07 03:04:00,1,3.18,2,N,242,179,2,5.62,1.0,0.5,2.74,0.0,1.0,13.36,2.5,0.0
1,2023-08-07 05:40:00,2023-08-07 06:13:00,5,11.0,1,N,249,220,1,5.62,3.5,0.5,2.03,0.0,1.0,15.15,2.5,0.0
2,2023-08-07 08:51:00,2023-08-07 09:41:00,1,3.8,1,N,48,139,1,12.83,2.5,0.5,2.16,6.55,1.0,28.04,2.5,0.0
1,2023-08-07 09:10:00,2023-08-07 09:43:00,1,3.45,1,N,105,140,1,6.27,1.0,0.5,1.65,0.0,1.0,12.92,2.5,0.0
1,2023-08-07 09:33:00,2023-08-07 10:09:00,1,5.39,1,N,140,178,1,17.2,0.0,0.5,2.39,6.55,1.0,30.14,2.5,0.0
1,2023-08-07 10:37:00,2023-08-07 10:49:00,1,3.32,1,N,238,153,1,4.83,0.5,0.5,1.18,6.55,1.0,17.06,2.5,0.0
2,2023-08-07 15:57:00,2023-08-07 16:53:00,2,1.31,1,N,255,111,1,6.07,0.5,0.5,3.23,0.0,1.0,15.55,2.5,1.75
1,2023-08-07 16:45:00,2023-08-07 17:35:00,2,4.66,1,N,89,162,4,22.7,0.0,0.5,1.0,6.55,1.0,31.75,0.0,0.0
2,2023-08-07 17:57:00,2023-08-07 18:50:00,1,6.24,1,N,117,201,1,4.51,1.0,0.5,3.0,0.0,1.0,12.51,2.5,0.0
2,2023-08-07 18:14:00,2023-08-07 18:38:00,3,2.09,1,N,81,23,2,18.85,0.0,0.5,2.1,0.0,1.0,24.95,2.5,0.0
2,2023-08-07 18:18:00,2023-08-07 18:34:00,1,0.56,1,N,39,96,1,6.56,1.0,0.5,2.42,0.0,1.0,13.98,2.5,0.0
1,2023-08-07 20:19:00,2023-08-07 20:53:00,1,2.6,3,N,34,36,1,7.17,0.0,0.5,0.11,0.0,1.0,8.78,0.0,0.0
2,2023-08-07 20:52:00,2023-08-07 21:50:00,1,0.7,1,N,9,119,1,18.9,2.5,0.5,3.23,0.0,1.0,28.63,2.5,0.0
1,2023-08-07 22:21:00,2023-08-07 23:13:00,1,0.55,1,N,139,236,1,28.93,0.5,0.5,2.85,0.0,1.0,36.28,2.5,0.0
2,2023-08-08 02:27:00,2023-08-08 03:21:00,1,1.72,3,N,24,75,1,7.02,0.0,0.5,2.29,0.0,1.0,13.31,2.5,0.0
2,2023-08-08 02:28:00,2023-08-08 03:23:00,1,0.99,1,N,185,225,1,24.35,3.5,0.5,0.76,0.0,1.0,32.61,2.5,0.0
2,2023-08-08 03:17:00,2023-08-08 03:59:00,1,0.37,2,N,237,232,1,18.01,1.0,0.5,0.35,6.55,1.0,29.91,2.5,0.0
1,2023-08-08 04:17:00,2023-08-08 05:15:00,1,3.57,3,N,27,106,2,30.05,0.0,0.5,3.13,0.0,1.0,37.18,2.5,0.0
1,2023-08-08 07:03:00,2023-08-08 07:38:00,1,4.08,1,N,43,249,4,7.81,2.5,0.5,1.1,0.0,1.0,12.91,0.0,0.0
2,2023-08-08 07:46:00,2023-08-08 08:15:00,1,9.37,4,N,134,4,1,10.91,3.5,0.5,4.57,6.55,1.0,29.53,2.5,0.0
1,2023-08-08 09:29:00,2023-08-08 09:59:00,1,0.78,1,N,161,92,1,3.97,3.5,0.5,0.98,6.55,1.0,18.25,0.0,1.75
1,2023-08-08 11:56:00,2023-08-08 12:39:00,1,7.75,1,N,124,34,1,14.26,0.0,0.5,7.68,0.0,1.0,25.94,2.5,0.0
2,2023-08-08 14:05:00,2023-08-08 14:56:00,3,1.0,1,N,74,45,1,9.28,3.5,0.5,2.99,6.55,1.0,26.32,2.5,0.0
2,2023-08-08 15:15:00,2023-08-08 15:20:00,2,11.51,1,N,264,246,1,11.36,3.5,0.5,0.49,0.0,1.0,16.85,0.0,0.0
1,2023-08-08 16:43:00,2023-08-08 16:58:00,2,1.55,1,N,76,63,1,12.55,1.0,0.5,0.21,6.55,1.0,21.81,0.0,0.0
2,2023-08-08 16:44:00,2023-08-08 17:09:00,4,0.97,1,N,42,228,1,8.1,0.5,0.5,1.56,0.0,1.0,14.16,2.5,0.0
1,2023-08-08 17:17:00,2023-08-08 17:32:00,5,2.05,1,N,112,250,4,29.07,2.5,0.5,0.29,0.0,1.0,33.36,0.0,0.0
1,2023-08-08 18:16:00,2023-08-08 19:07:00,1,1.21,1,N,64,227,1,10.19,0.0,0.5,3.85,0.0,1.0,18.04,2.5,0.0
1,2023-08-08 18:22:00,2023-08-08 18:58:00,4,1.45,1,N,211,244,1,6.62,1.0,0.5,0.2,6.55,1.0,15.87,0.0,0.0
2,2023-08-08 18:23:00,2023-08-08 18:54:00,1,0.62,2,N,49,100,1,4.14,3.5,0.5,0.14,0.0,1.0,13.53,2.5,1.75
2,2023-08-08 18:40:00,2023-08-08 19:18:00,5,3.37,1,N,107,130,1,13.74,0.5,0.5,2.79,6.55,1.0,25.08,0.0,0.0
1,2023-08-08 19:27:00,2023-08-08 19:36:00,1,1.76,1,N,260,248,1,36.59,3.5,0.5,1.28,6.55,1.0,49.42,0.0,0.0
2,2023-08-09 00:37:00,2023-08-09 01:01:00,4,0.45,1,N,102,89,1,10.72,0.0,0.5,3.79,0.0,1.0,16.01,0.0,0.0
2,2023-08-09 01:55:00,2023-08-09 02:34:00,1,0.44,1,N,243,58,2,6.95,1.0,0.5,2.04,0.0,1.0,13.99,2.5,0.0
2,2023-08-09 03:33:00,2023-08-09 03:55:00,1,3.59,4,N,94,237,2,4.62,1.0,0.5,3.81,6.55,1.0,17.48,0.0,0.0
2,2023-08-09 07:47:00,2023-08-09 08:22:00,2,3.04,1,N,164,194,2,6.94,1.0,0.5,1.84,0.0,1.0,13.78,2.5,0.0
1,2023-08-09 08:40:00,2023-08-09 09:03:00,3,4.08,1,N,136,157,2,15.01,2.5,0.5,0.15,6.55,1.0,28.21,2.5,0.0
2,2023-08-09 08:56:00,2023-08-09 09:07:00,1,3.44,1,N,140,31,1,22.29,2.5,0.5,6.14,0.0,1.0,32.43,0.0,0.0
2,2023-08-09 09:08:00,2023-08-09 09:46:00,1,1.77,1,N,228,118,1,29.87,0.5,0.5,1.39,6.55,1.0,42.31,2.5,0.0
2,2023-08-09 10:28:00,2023-08-09 10:35:00,1,0.89,5,N,168,253,1,14.11,0.0,0.5,6.11,0.0,1.0,21.72,0.0,0.0
2,2023-08-09 12:17:00,2023-08-09 12:33:00,2,1.88,1,N,57,20,1,8.03,3.5,0.5,0.04,0.0,1.0,17.32,2.5,1.75
1,2023-08-09 13:43:00,2023-08-09 14:13:00,1,2.17,1,N,2,125,1,11.9,3.5,0.5,2.95,6.55,1.0,26.4,0.0,0.0
2,2023-08-09 14:10:00,2023-08-09 14:17:00,3,0.82,1,N,214,175,1,4.73,3.5,0.5,1.85,6.55,1.0,18.13,0.0,0.0
2,2023-08-09 15:15:00,2023-08-09 15:25:00,2,0.59,1,N,23,254,1,10.3,0.0,0.5,0.28,0.0,1.0,14.58,2.5,0.0
2,2023-08-09 17:04:00,2023-08-09 17:57:00,1,0.89,3,N,35,63,1,11.07,0.0,0.5,1.92,6.55,1.0,23.54,2.5,0.0
2,2023-08-09 17:55:00,2023-08-09 18:48:00,4,0.78,1,N,79,229,1,27.6,1.0,0.5,1.27,6.55,1.0,37.92,0.0,0.0
2,2023-08-09 19:02:00,2023-08-09 19:59:00,3,0.96,1,N,45,192,1,15.1,1.0,0.5,1.06,0.0,1.0,21.16,2.5,0.0
1,2023-08-09 23:52:00,2023-08-10 00:24:00,1,3.76,1,N,112,250,1,5.66,3.5,0.5,3.21,0.0,1.0,13.87,0.0,0.0
2,2023-08-10 00:37:00,2023-08-10 01:08:00,1,2.35,1,N,28,7,2,18.49,0.5,0.5,2.84,0.0,1.0,25.83,2.5,0.0
1,2023-08-10 02:34:00,2023-08-10 03:24:00,1,1.95,1,N,235,209,1,26.97,0.0,0.5,8.94,6.55,1.0,46.46,2.5,0.0
1,2023-08-10 02:48:00,2023-08-10 03:04:00,1,4.05,3,N,17,251,1,5.15,1.0,0.5,1.77,6.55,1.0,18.47,2.5,0.0
2,2023-08-10 03:00:00,2023-08-10 03:34:00,1,2.43,1,N,105,172,1,6.97,2.5,0.5,0.24,0.0,1.0,13.71,2.5,0.0
2,2023-08-10 04:08:00,2023-08-10 04:21:00,5,1.13,1,N,229,99,1,25.7,3.5,0.5,1.58,0.0,1.0,34.03,0.0,1.75
2,2023-08-10 06:47:00,2023-08-10 07:09:00,2,8.54,1,N,53,39,1,8.6,1.0,0.5,0.01,6.55,1.0,17.66,0.0,0.0
1,2023-08-10 07:54:00,2023-08-10 08:42:00,1,4.26,1,N,246,65,1,12.18,0.0,0.5,0.49,0.0,1.0,16.67,2.5,0.0
1,2023-08-10 07:57:00,2023-08-10 08:50:00,3,3.18,1,Y,70,170,1,3.42,0.5,0.5,2.43,0.0,1.0,9.6,0.0,1.75
1,2023-08-10 08:46:00,2023-08-10 09:14:00,2,0.79,1,N,26,109,2,21.96,0.5,0.5,1.74,0.0,1.0,28.2,2.5,0.0
2,2023-08-10 09:16:00,2023-08-10 09:35:00,1,4.22,1,N,69,107,3,28.29,2.5,0.5,2.13,0.0,1.0,34.42,0.0,0.0
2,2023-08-10 11:03:00,2023-08-10 11:33:00,1,1.41,1,N,27,181,1,6.56,2.5,0.5,0.84,0.0,1.0,13.15,0.0,1.75
1,2023-08-10 11:53:00,2023-08-10 12:47:00,1,0.63,1,N,128,157,1,65.31,2.5,0.5,3.37,0.0,1.0,75.18,2.5,0.0
1,2023-08-10 13:10:00,2023-08-10 13:48:00,1,0.66,1,N,21,109,1,11.15,0.0,0.5,4.54,6.55,1.0,26.24,2.5,0.0
2,2023-08-10 15:25:00,2023-08-10 15:46:00,1,5.82,1,N,237,146,1,4.31,1.0,0.5,4.74,0.0,1.0,11.55,0.0,0.0
2,2023-08-10 15:47:00,2023-08-10 16:21:00,1,3.91,1,N,216,51,1,22.98,0.0,0.5,1.56,0.0,1.0,28.54,2.5,0.0
2,2023-08-10 17:18:00,2023-08-10 18:06:00,1,7.72,4,N,208,5,1,14.53,0.0,0.5,0.86,0.0,1.0,19.39,2.5,0.0
1,2023-08-10 18:28:00,2023-08-10 19:23:00,1,0.57,1,N,68,136,1,5.36,3.5,0.5,1.75,6.55,1.0,18.66,0.0,0.0
2,2023-08-10 23:38:00,2023-08-11 00:31:00,1,1.82,2,N,12,227,1,3.57,0.5,0.5,3.06,0.0,1.0,8.63,0.0,0.0
2,2023-08-10 23:54:00,2023-08-11 00:52:00,1,2.77,1,N,69,82,1,26.37,2.5,0.5,2.86,6.55,1.0,42.28,2.5,0.0
1,2023-08-11 01:12:00,2023-08-11 02:11:00,1,1.09,1,N,119,184,1,9.68,0.0,0.5,0.67,6.55,1.0,18.4,0.0,0.0
2,2023-08-11 01:19:00,2023-08-11 02:07:00,1,1.47,1,N,189,31,1,3.5,2.5,0.5,10.0,0.0,1.0,20.0,2.5,0.0
1,2023-08-11 04:52:00,2023-08-11 05:43:00,1,0.51,1,N,189,82,1,17.17,1.0,0.5,0.27,0.0,1.0,19.94,0.0,0.0
2,2023-08-11 07:46:00,2023-08-11 08:42:00,4,1.91,1,N,251,203,1,7.1,3.5,0.5,0.1,0.0,1.0,14.7,2.5,0.0
2,2023-08-11 08:37:00,2023-08-11 08:47:00,1,3.23,1,N,164,178,1,6.22,3.5,0.5,4.52,0.0,1.0,17.49,0.0,1.75
1,2023-08-11 10:24:00,2023-08-11 10:30:00,1,5.42,1,N,18,15,1,7.69,0.5,0.5,3.61,0.0,1.0,15.8,2.5,0.0
2,2023-08-11 16:06:00,2023-08-11 17:04:00,1,1.93,1,N,39,99,1,15.63,3.5,0.5,0.18,0.0,1.0,20.81,0.0,0.0
2,2023-08-11 17:01:00,2023-08-11 17:20:00,1,0.88,1,N,38,232,1,13.67,0.0,0.5,2.27,6.55,1.0,28.24,2.5,1.75
2,2023-08-11 17:52:00,2023-08-11 18:19:00,1,2.62,1,N,96,242,1,13.76,0.5,0.5,0.57,6.55,1.0,27.13,2.5,1.75
1,2023-08-11 18:27:00,2023-08-11 18:49:00,1,2.35,1,N,135,71,2,8.19,3.5,0.5,0.4,0.0,1.0,16.09,2.5,0.0
1,2023-08-11 18:55:00,2023-08-11 19:23:00,2,1.33,1,N,121,250,1,18.88,1.0,0.5,5.5,0.0,1.0,26.88,0.0,0.0
1,2023-08-11 21:21:00,2023-08-11 21:58:00,3,4.22,1,N,157,209,1,25.37,0.5,0.5,3.47,0.0,1.0,33.34,2.5,0.0
1,2023-08-12 01:04:00,2023-08-12 01:46:00,1,2.06,1,N,233,262,1,19.18,0.5,0.5,4.11,0.0,1.0,27.79,2.5,0.0
2,2023-08-12 03:33:00,2023-08-12 04:28:00,2,0.77,1,N,77,157,1,11.41,1.0,0.5,1.67,0.0,1.0,19.83,2.5,1.75
1,2023-08-12 04:35:00,2023-08-12 05:19:00,1,3.63,1,N,193,211,1,47.48,0.0,0.5,8.12,0.0,1.0,57.1,0.0,0.0
1,2023-08-12 06:17:00,2023-08-12 06:36:00,1,4.33,1,N,214,52,2,10.37,1.0,0.5,1.87,6.55,1.0,23.79,2.5,0.0
2,2023-08-12 08:38:00,2023-08-12 09:32:00,3,1.43,1,N,114,48,1,17.73,0.5,0.5,4.17,0.0,1.0,28.15,2.5,1.75
2,2023-08-12 12:39:00,2023-08-12 13:29:00,1,7.13,1,N,98,29,2,4.03,3.5,0.5,0.75,0.0,1.0,9.78,0.0,0.0
2,2023-08-12 12:58:00,2023-08-12 13:36:00,1,1.67,1,N,139,48,1,43.38,1.0,0.5,1.84,6.55,1.0,54.27,0.0,0.0
2,2023-08-12 13:09:00,2023-08-12 13:21:00,1,1.47,1,N,52,78,1,41.68,3.5,0.5,2.13,6.55,1.0,57.86,2.5,0.0
2,2023-08-12 16:57:00,2023-08-12 17:56:00,1,3.53,1,N,65,189,1,45.73,2.5,0.5,1.72,0.0,1.0,53.95,2.5,0.0
2,2023-08-12 20:21:00,2023-08-12 21:15:00,4,17.07,1,N,146,36,1,7.82,0.0,0.5,0.83,0.0,1.0,12.65,2.5,0.0
2,2023-08-12 23:54:00,2023-08-13 00:00:00,1,4.7,4,N,126,104,1,16.0,0.0,0.5,5.19,6.55,1.0,29.24,0.0,0.0
1,2023-08-13 02:30:00,2023-08-13 02:58:00,1,0.52,1,N,124,225,1,45.68,1.0,0.5,3.76,6.55,1.0,58.49,0.0,0.0
1,2023-08-13 04:54:00,2023-08-13 05:49:00,1,0.36,1,N,215,255,1,3.4,0.0,0.5,0.52,0.0,1.0,7.92,2.5,0.0
2,2023-08-13 05:58:00,2023-08-13 06:23:00,1,1.05,1,N,101,199,1,5.15,3.5,0.5,0.7,6.55,1.0,19.9,2.5,0.0
2,2023-08-13 06:39:00,2023-08-13 07:16:00,1,4.19,1,N,262,264,1,14.2,2.5,0.5,8.46,6.55,1.0,37.46,2.5,1.75
2,2023-08-13 08:24:00,2023-08-13 08:47:00,1,4.08,1,N,128,148,1,12.4,0.5,0.5,0.46,6.55,1.0,23.91,2.5,0.0
2,2023-08-13 11:38:00,2023-08-13 12:06:00,4,1.42,1,N,27,12,1,23.28,2.5,0.5,1.31,0.0,1.0,31.09,2.5,0.0
1,2023-08-13 13:50:00,2023-08-13 14:43:00,1,1.74,1,N,222,14,1,30.83,3.5,0.5,1.85,0.0,1.0,40.18,2.5,0.0
2,2023-08-13 14:12:00,2023-08-13 14:55:00,2,0.38,1,N,145,122,1,8.16,2.5,0.5,3.62,0.0,1.0,18.28,2.5,0.0
2,2023-08-13 15:34:00,2023-08-13 16:05:00,1,0.8,2,N,106,115,1,11.52,3.5,0.5,3.38,6.55,1.0,26.45,0.0,0.0
1,2023-08-13 16:37:00,2023-08-13 17:09:00,1,5.19,1,N,64,125,1,17.6,2.5,0.5,0.45,0.0,1.0,26.3,2.5,1.75
1,2023-08-13 18:20:00,2023-08-13 18:34:00,1,1.09,1,N,136,48,1,12.47,2.5,0.5,8.55,0.0,1.0,29.27,2.5,1.75
1,2023-08-13 18:33:00,2023-08-13 19:05:00,1,2.54,4,N,40,113,1,4.5,1.0,0.5,0.78,0.0,1.0,10.28,2.5,0.0
2,2023-08-13 19:20:00,2023-08-13 20:04:00,1,0.33,1,N,249,168,1,7.58,0.0,0.5,2.59,0.0,1.0,15.92,2.5,1.75
2,2023-08-13 21:05:00,2023-08-13 21:29:00,1,0.42,1,N,188,123,2,7.63,2.5,0.5,2.28,0.0,1.0,13.91,0.0,0.0
2,2023-08-13 21:33:00,2023-08-13 22:04:00,1,0.39,1,N,240,234,1,7.55,1.0,0.5,2.95,0.0,1.0,15.5,2.5,0.0
1,2023-08-13 23:26:00,2023-08-14 00:21:00,1,0.33,1,N,163,9,1,22.52,0.0,0.5,1.17,0.0,1.0,25.19,0.0,0.0
2,2023-08-14 01:00:00,2023-08-14 01:28:00,1,0.43,1,N,109,183,1,34.99,0.0,0.5,2.67,6.55,1.0,48.21,2.5,0.0
1,2023-08-14 04:24:00,2023-08-14 04:35:00,1,0.57,1,N,117,131,1,6.36,1.0,0.5,2.36,0.0,1.0,13.72,2.5,0.0
2,2023-08-14 07:44:00,2023-08-14 08:30:00,1,1.8,1,N,261,153,1,4.76,3.5,0.5,0.31,0.0,1.0,10.07,0.0,0.0
1,2023-08-14 11:23:00,2023-08-14 11:55:00,1,3.74,1,N,76,160,1,24.53,3.5,0.5,3.25,0.0,1.0,35.28,2.5,0.0
2,2023-08-14 11:43:00,2023-08-14 12:28:00,2,3.06,1,N,138,216,1,9.76,0.0,0.5,1.74,6.55,1.0,22.05,2.5,0.0
1,2023-08-14 12:47:00,2023-08-14 12:55:00,1,0.36,1,N,97,187,1,4.14,1.0,0.5,0.32,0.0,1.0,9.46,2.5,0.0
1,2023-08-14 15:12:00,2023-08-14 15:55:00,5,1.87,3,N,250,235,1,34.68,2.5,0.5,5.89,0.0,1.0,47.07,2.5,0.0
1,2023-08-14 15:34:00,2023-08-14 16:29:00,1,5.05,1,N,248,30,1,23.3,2.5,0.5,1.51,0.0,1.0,31.31,2.5,0.0
2,2023-08-14 18:57:00,2023-08-14 19:53:00,1,4.5,1,N,25,117,1,28.38,0.0,0.5,1.22,0.0,1.0,33.6,2.5,0.0
2,2023-08-14 20:03:00,2023-08-14 20:17:00,1,0.52,1,N,201,128,1,13.12,0.0,0.5,3.04,0.0,1.0,20.16,2.5,0.0
1,2023-08-14 22:09:00,2023-08-14 22:16:00,1,1.55,1,N,14,198,2,7.31,3.5,0.5,10.76,0.0,1.0,25.57,2.5,0.0
2,2023-08-14 22:32:00,2023-08-14 23:29:00,1,3.4,1,Y,215,252,1,4.19,1.0,0.5,2.72,0.0,1.0,9.41,0.0,0.0
2,2023-08-14 23:57:00,2023-08-15 00:10:00,1,3.63,2,N,183,137,3,18.56,0.0,0.5,7.1,6.55,1.0,37.96,2.5,1.75
2,2023-08-15 00:57:00,2023-08-15 01:32:00,1,0.35,1,N,253,227,1,73.51,0.5,0.5,2.95,0.0,1.0,80.96,2.5,0.0
1,2023-08-15 06:00:00,2023-08-15 06:58:00,1,15.24,1,N,84,77,1,21.1,0.5,0.5,0.77,0.0,1.0,26.37,2.5,0.0
2,2023-08-15 09:16:00,2023-08-15 09:33:00,1,1.1,1,N,228,25,1,6.62,2.5,0.5,3.76,0.0,1.0,16.88,2.5,0.0
2,2023-08-15 09:42:00,2023-08-15 10:39:00,1,0.62,1,N,178,56,1,9.03,2.5,0.5,1.34,0.0,1.0,16.87,2.5,0.0
2,2023-08-15 09:52:00,2023-08-15 10:23:00,2,2.18,1,N,47,95,1,35.07,2.5,0.5,4.23,0.0,1.0,45.8,2.5,0.0
2,2023-08-15 14:04:00,2023-08-15 14:23:00,1,8.08,1,N,137,15,1,31.44,2.5,0.5,0.56,0.0,1.0,38.5,2.5,0.0
2,2023-08-15 16:59:00,2023-08-15 17:53:00,1,4.34,1,N,242,258,1,5.26,0.5,0.5,3.91,0.0,1.0,13.67,2.5,0.0
2,2023-08-15 18:51:00,2023-08-15 18:56:00,1,3.99,3,N,170,215,1,10.48,0.0,0.5,3.89,0.0,1.0,18.37,2.5,0.0
2,2023-08-15 22:58:00,2023-08-15 23:03:00,2,1.23,1,N,221,20,1,3.81,3.5,0.5,3.62,0.0,1.0,12.43,0.0,0.0
2,2023-08-16 00:18:00,2023-08-16 00:38:00,1,1.61,1,N,147,193,1,8.61,1.0,0.5,0.21,0.0,1.0,13.82,2.5,0.0
2,2023-08-16 00:36:00,2023-08-16 00:47:00,4,1.93,1,N,61,222,1,53.81,0.0,0.5,4.16,6.55,1.0,67.77,0.0,1.75
2,2023-08-16 02:25:00,2023-08-16 03:11:00,2,3.8,1,N,162,47,2,5.64,3.5,0.5,0.8,6.55,1.0,17.99,0.0,0.0
2,2023-08-16 02:31:00,2023-08-16 03:06:00,1,1.13,1,N,107,229,1,4.04,0.0,0.5,0.74,6.55,1.0,15.33,2.5,0.0
2,2023-08-16 03:09:00,2023-08-16 03:47:00,1,1.18,1,N,120,82,2,5.61,1.0,0.5,6.56,0.0,1.0,14.67,0.0,0.0
1,2023-08-16 03:09:00,2023-08-16 03:25:00,1,2.62,1,N,207,143,1,41.89,0.5,0.5,8.93,0.0,1.0,57.07,2.5,1.75
1,2023-08-16 03:13:00,2023-08-16 03:28:00,2,0.83,1,N,254,68,1,19.22,0.0,0.5,0.75,0.0,1.0,21.47,0.0,0.0
1,2023-08-16 05:30:00,2023-08-16 05:55:00,1,0.79,4,N,165,76,1,10.19,3.5,0.5,1.54,0.0,1.0,19.23,2.5,0.0
1,2023-08-16 05:51:00,2023-08-16 05:57:00,1,6.26,1,N,196,227,2,6.3,0.5,0.5,0.49,0.0,1.0,11.29,2.5,0.0
2,2023-08-16 06:12:00,2023-08-16 07:08:00,1,4.42,1,N,142,212,2,11.69,0.5,0.5,1.18,0.0,1.0,17.37,2.5,0.0
1,2023-08-16 07:04:00,2023-08-16 07:42:00,1,1.13,1,N,141,81,1,20.18,0.0,0.5,3.71,0.0,1.0,27.89,2.5,0.0
2,2023-08-16 07:50:00,2023-08-16 08:45:00,1,3.79,1,N,52,206,1,11.79,1.0,0.5,1.51,6.55,1.0,26.6,2.5,1.75
2,2023-08-16 07:59:00,2023-08-16 08:17:00,1,2.77,1,N,108,223,1,62.61,0.0,0.5,2.73,6.55,1.0,75.89,2.5,0.0
2,2023-08-16 15:45:00,2023-08-16 16:40:00,1,7.75,2,N,230,205,1,3.84,0.0,0.5,3.51,6.55,1.0,17.9,2.5,0.0
2,2023-08-16 19:35:00,2023-08-16 20:19:00,1,1.84,4,N,77,137,2,6.17,0.0,0.5,3.09,0.0,1.0,13.26,2.5,0.0
2,2023-08-16 21:44:00,2023-08-16 22:03:00,4,2.13,1,N,50,100,1,10.95,0.0,0.5,0.64,0.0,1.0,15.59,2.5,0.0
2,2023-08-17 04:55:00,2023-08-17 05:42:00,2,2.27,1,N,203,240,1,10.98,3.5,0.5,9.77,0.0,1.0,28.25,2.5,0.0
2,2023-08-17 07:28:00,2023-08-17 07:47:00,1,0.47,1,N,189,56,1,6.15,1.0,0.5,7.47,0.0,1.0,18.62,2.5,0.0
2,2023-08-17 07:45:00,2023-08-17 08:05:00,1,0.39,5,N,51,148,1,7.71,0.5,0.5,0.33,6.55,1.0,19.09,2.5,0.0
1,2023-08-17 08:21:00,2023-08-17 08:55:00,1,3.46,1,N,120,254,1,8.67,0.5,0.5,3.55,0.0,1.0,16.72,2.5,0.0
2,2023-08-17 08:21:00,2023-08-17 08:28:00,1,1.01,1,N,86,13,2,19.98,2.5,0.5,1.45,0.0,1.0,27.93,2.5,0.0
1,2023-08-17 08:21:00,2023-08-17 09:18:00,1,5.24,2,N,198,197,3,14.54,1.0,0.5,0.93,0.0,1.0,20.47,2.5,0.0
1,2023-08-17 09:50:00,2023-08-17 10:32:00,1,1.39,1,N,238,242,1,12.65,1.0,0.5,1.15,0.0,1.0,18.8,2.5,0.0
1,2023-08-17 10:27:00,2023-08-17 10:47:00,3,4.58,1,N,120,29,1,11.93,2.5,0.5,1.64,6.55,1.0,24.12,0.0,0.0
2,2023-08-17 10:33:00,2023-08-17 11:04:00,1,3.04,1,N,187,61,1,7.45,2.5,0.5,0.76,6.55,1.0,18.76,0.0,0.0
2,2023-08-17 13:25:00,2023-08-17 14:20:00,1,2.43,1,N,145,122,1,38.08,2.5,0.5,0.72,0.0,1.0,45.3,2.5,0.0
1,2023-08-17 15:11:00,2023-08-17 15:38:00,1,6.1,1,N,5,59,1,7.86,3.5,0.5,2.94,0.0,1.0,18.3,2.5,0.0
2,2023-08-17 17:25:00,2023-08-17 17:46:00,1,0.62,1,N,165,155,1,8.34,0.0,0.5,3.14,6.55,1.0,23.78,2.5,1.75
1,2023-08-17 21:08:00,2023-08-17 21:48:00,1,0.71,1,N,236,179,1,10.33,0.5,0.5,3.53,0.0,1.0,15.86,0.0,0.0
2,2023-08-17 21:58:00,2023-08-17 22:48:00,1,1.19,1,N,141,152,2,16.11,0.5,0.5,0.13,0.0,1.0,22.49,2.5,1.75
2,2023-08-17 22:30:00,2023-08-17 22:37:00,1,0.45,1,N,88,202,1,5.21,0.0,0.5,8.8,0.0,1.0,15.51,0.0,0.0
2,2023-08-18 00:00:00,2023-08-18 00:24:00,3,1.76,1,N,105,193,1,9.45,3.5,0.5,0.07,0.0,1.0,17.02,2.5,0.0
1,2023-08-18 00:33:00,2023-08-18 00:48:00,1,5.8,1,N,175,162,1,10.55,0.5,0.5,1.15,0.0,1.0,13.7,0.0,0.0
1,2023-08-18 00:41:00,2023-08-18 01:08:00,1,1.84,1,N,227,159,1,4.98,0.5,0.5,4.47,0.0,1.0,11.45,0.0,0.0
1,2023-08-18 06:50:00,2023-08-18 07:09:00,2,1.09,1,N,188,136,1,3.48,0.5,0.5,0.85,0.0,1.0,8.83,2.5,0.0
1,2023-08-18 10:28:00,2023-08-18 11:14:00,1,2.86,2,N,198,142,1,3.3,1.0,0.5,0.88,0.0,1.0,9.18,2.5,0.0
1,2023-08-18 12:31:00,2023-08-18 12:44:00,2,2.59,1,N,40,111,1,13.44,1.0,0.5,0.24,0.0,1.0,16.18,0.0,0.0
1,2023-08-18 17:34:00,2023-08-18 18:16:00,1,0.93,1,N,188,252,1,16.71,0.5,0.5,1.15,0.0,1.0,19.86,0.0,0.0
2,2023-08-18 17:37:00,2023-08-18 18:23:00,1,0.78,1,N,40,247,1,5.58,3.5,0.5,1.16,6.55,1.0,22.54,2.5,1.75
1,2023-08-18 19:04:00,2023-08-18 19:32:00,1,1.31,1,Y,142,53,1,12.72,3.5,0.5,2.14,6.55,1.0,28.91,2.5,0.0
2,2023-08-18 19:29:00,2023-08-18 19:37:00,3,0.75,1,N,13,254,3,7.66,3.5,0.5,3.13,6.55,1.0,22.34,0.0,0.0
2,2023-08-18 22:39:00,2023-08-18 22:55:00,1,0.77,1,N,22,199,1,6.72,0.0,0.5,0.78,0.0,1.0,13.25,2.5,1.75
1,2023-08-19 00:36:00,2023-08-19 00:53:00,1,2.17,1,N,198,170,2,10.16,2.5,0.5,2.88,6.55,1.0,26.09,2.5,0.0
1,2023-08-19 01:50:00,2023-08-19 02:18:00,1,0.33,1,N,89,244,1,12.29,0.0,0.5,1.09,0.0,1.0,17.38,2.5,0.0
2,2023-08-19 02:08:00,2023-08-19 03:07:00,1,0.52,1,N,21,258,1,21.08,0.5,0.5,1.22,0.0,1.0,24.3,0.0,0.0
1,2023-08-19 02:36:00,2023-08-19 03:10:00,1,0.47,1,N,176,115,1,7.82,2.5,0.5,0.53,0.0,1.0,14.85,2.5,0.0
2,2023-08-19 06:33:00,2023-08-19 06:39:00,1,2.09,4,N,157,79,1,18.71,0.0,0.5,3.05,0.0,1.0,25.76,2.5,0.0
2,2023-08-19 06:47:00,2023-08-19 06:56:00,4,8.87,1,N,105,62,1,41.59,0.5,0.5,4.99,6.55,1.0,55.13,0.0,0.0
1,2023-08-19 09:30:00,2023-08-19 10:26:00,1,4.11,1,Y,36,5,1,5.21,1.0,0.5,4.04,6.55,1.0,18.3,0.0,0.0
2,2023-08-19 11:08:00,2023-08-19 11:38:00,1,1.98,1,N,65,187,2,7.74,0.0,0.5,0.62,6.55,1.0,18.91,2.5,0.0
1,2023-08-19 12:07:00,2023-08-19 12:29:00,1,2.53,1,N,154,192,1,20.5,0.0,0.5,4.39,0.0,1.0,28.89,2.5,0.0
1,2023-08-19 13:19:00,2023-08-19 14:05:00,2,0.39,5,N,84,148,1,3.78,2.5,0.5,2.42,0.0,1.0,14.45,2.5,1.75
1,2023-08-19 14:26:00,2023-08-19 15:00:00,1,2.75,1,N,218,106,3,3.45,1.0,0.5,0.51,6.55,1.0,15.51,2.5,0.0
1,2023-08-19 17:35:00,2023-08-19 18:27:00,1,5.74,1,N,81,203,1,9.59,1.0,0.5,0.38,0.0,1.0,12.47,0.0,0.0
2,2023-08-19 23:17:00,2023-08-20 00:14:00,1,15.68,1,N,98,122,1,6.88,0.0,0.5,2.71,0.0,1.0,13.59,2.5,0.0
2,2023-08-20 08:14:00,2023-08-20 08:32:00,2,2.7,1,N,253,157,2,8.12,0.0,0.5,1.08,6.55,1.0,19.75,2.5,0.0
2,2023-08-20 10:32:00,2023-08-20 10:53:00,1,0.88,1,N,53,160,1,26.11,3.5,0.5,0.38,0.0,1.0,33.99,2.5,0.0
1,2023-08-20 10:59:00,2023-08-20 11:34:00,2,0.36,1,N,166,58,1,12.5,2.5,0.5,0.38,0.0,1.0,16.88,0.0,0.0
2,2023-08-20 12:13:00,2023-08-20 12:53:00,1,3.02,1,N,140,84,1,34.04,1.0,0.5,2.84,0.0,1.0,41.88,2.5,0.0
2,2023-08-20 13:58:00,2023-08-20 14:55:00,1,3.88,2,N,167,179,1,14.86,0.5,0.5,0.04,0.0,1.0,16.9,0.0,0.0
2,2023-08-20 15:29:00,2023-08-20 15:36:00,1,2.48,1,N,36,26,1,12.16,1.0,0.5,4.14,6.55,1.0,27.85,2.5,0.0
2,2023-08-20 17:53:00,2023-08-20 18:31:00,1,0.69,1,N,26,234,1,7.1,0.0,0.5,1.05,0.0,1.0,12.15,2.5,0.0
2,2023-08-20 18:00:00,2023-08-20 18:55:00,1,0.49,1,N,127,63,2,19.23,1.0,0.5,2.65,0.0,1.0,26.13,0.0,1.75
2,2023-08-20 20:00:00,2023-08-20 20:37:00,1,1.3,1,N,165,80,1,65.06,0.0,0.5,1.15,6.55,1.0,76.76,2.5,0.0
2,2023-08-20 20:23:00,2023-08-20 20:41:00,1,3.76,1,N,127,98,1,20.43,0.5,0.5,0.26,6.55,1.0,31.74,2.5,0.0
2,2023-08-20 21:36:00,2023-08-20 22:05:00,1,0.34,2,N,210,78,2,9.57,0.5,0.5,1.24,0.0,1.0,15.31,2.5,0.0
2,2023-08-20 22:17:00,2023-08-20 22:58:00,2,2.68,1,N,134,257,1,21.54,3.5,0.5,2.71,6.55,1.0,38.3,2.5,0.0
2,2023-08-20 22:37:00,2023-08-20 23:21:00,1,5.04,1,N,68,86,1,16.16,0.5,0.5,0.92,0.0,1.0,21.58,2.5,0.0
1,2023-08-20 23:51:00,2023-08-21 00:47:00,1,10.46,1,N,5,220,2,3.64,0.0,0.5,0.21,6.55,1.0,14.4,2.5,0.0
2,2023-08-21 01:59:00,2023-08-21 02:48:00,1,2.18,1,N,175,261,4,30.06,0.5,0.5,1.76,6.55,1.0,40.37,0.0,0.0
2,2023-08-21 02:48:00,2023-08-21 02:59:00,3,0.42,1,N,174,173,1,4.5,0.5,0.5,5.23,0.0,1.0,11.73,0.0,0.0
2,2023-08-21 05:22:00,2023-08-21 05:32:00,1,0.53,1,N,117,171,1,10.77,0.5,0.5,0.71,0.0,1.0,13.48,0.0,0.0
2,2023-08-21 07:17:00,2023-08-21 08:04:00,1,0.35,1,N,8,23,1,7.2,3.5,0.5,1.85,0.0,1.0,16.55,2.5,0.0
1,2023-08-21 08:58:00,2023-08-21 09:26:00,1,0.81,1,N,13,9,1,12.54,0.5,0.5,4.03,0.0,1.0,22.82,2.5,1.75
2,2023-08-21 14:03:00,2023-08-21 14:49:00,1,3.57,1,N,220,160,1,4.39,0.5,0.5,2.16,6.55,1.0,15.1,0.0,0.0
2,2023-08-21 14:51:00,2023-08-21 15:13:00,1,0.48,1,N,238,81,1,5.36,0.5,0.5,4.68,6.55,1.0,21.09,2.5,0.0
2,2023-08-21 14:57:00,2023-08-21 15:52:00,1,2.46,1,N,258,78,1,5.1,1.0,0.5,0.58,0.0,1.0,8.18,0.0,0.0
2,2023-08-21 16:24:00,2023-08-21 16:37:00,1,10.74,1,N,156,158,1,16.57,1.0,0.5,2.44,0.0,1.0,21.51,0.0,0.0
2,2023-08-21 16:58:00,2023-08-21 17:32:00,1,0.61,1,N,256,76,1,4.44,3.5,0.5,10.1,0.0,1.0,22.04,2.5,0.0
2,2023-08-21 20:19:00,2023-08-21 20:37:00,1,0.66,1,N,87,32,1,10.7,3.5,0.5,0.14,6.55,1.0,24.89,2.5,0.0
2,2023-08-21 22:41:00,2023-08-21 23:07:00,1,2.53,2,N,181,193,1,20.25,2.5,0.5,2.09,6.55,1.0,35.39,2.5,0.0
2,2023-08-21 23:08:00,2023-08-21 23:33:00,1,4.0,2,N,139,20,1,4.34,0.0,0.5,2.78,6.55,1.0,17.67,2.5,0.0
1,2023-08-21 23:24:00,2023-08-21 23:50:00,4,4.98,1,N,91,111,1,13.57,1.0,0.5,0.39,0.0,1.0,18.96,2.5,0.0
1,2023-08-21 23:53:00,2023-08-22 00:34:00,1,6.0,1,N,180,174,1,13.25,0.0,0.5,1.46,6.55,1.0,25.26,2.5,0.0
2,2023-08-22 01:43:00,2023-08-22 02:19:00,4,5.79,1,N,57,225,2,9.54,1.0,0.5,2.29,0.0,1.0,14.33,0.0,0.0
2,2023-08-22 02:34:00,2023-08-22 02:55:00,1,2.31,1,N,72,82,2,6.06,0.0,0.5,2.98,0.0,1.0,13.04,2.5,0.0
2,2023-08-22 05:22:00,2023-08-22 06:19:00,1,5.02,1,N,259,215,1,6.28,2.5,0.5,3.21,0.0,1.0,15.99,2.5,0.0
1,2023-08-22 06:34:00,2023-08-22 07:00:00,2,0.89,1,N,102,243,2,12.96,0.0,0.5,5.16,6.55,1.0,28.67,2.5,0.0
2,2023-08-22 07:09:00,2023-08-22 07:23:00,1,1.96,3,N,207,110,1,3.19,1.0,0.5,0.72,0.0,1.0,6.41,0.0,0.0
1,2023-08-22 10:08:00,2023-08-22 10:14:00,1,0.47,1,N,98,176,2,11.19,0.0,0.5,1.2,0.0,1.0,16.39,2.5,0.0
2,2023-08-22 11:19:00,2023-08-22 11:49:00,1,1.53,1,N,94,162,1,22.86,1.0,0.5,0.08,0.0,1.0,27.94,2.5,0.0
2,2023-08-22 11:19:00,2023-08-22 11:41:00,1,0.57,1,N,12,186,1,24.41,0.0,0.5,2.79,0.0,1.0,31.2,2.5,0.0
2,2023-08-22 11:47:00,2023-08-22 12:23:00,1,5.8,1,N,100,212,1,19.88,2.5,0.5,1.35,0.0,1.0,25.23,0.0,0.0
1,2023-08-22 12:06:00,2023-08-22 12:38:00,1,0.4,1,N,167,151,2,8.24,2.5,0.5,3.5,0.0,1.0,18.24,2.5,0.0
1,2023-08-22 13:26:00,2023-08-22 14:10:00,3,1.59,1,N,29,90,1,11.54,3.5,0.5,0.34,0.0,1.0,16.88,0.0,0.0
2,2023-08-22 15:10:00,2023-08-22 15:29:00,1,4.41,1,N,24,156,1,22.53,1.0,0.5,1.49,0.0,1.0,26.52,0.0,0.0
2,2023-08-22 17:45:00,2023-08-22 18:02:00,1,2.85,1,N,10,208,1,4.1,1.0,0.5,0.64,0.0,1.0,9.74,2.5,0.0
1,2023-08-22 19:16:00,2023-08-22 19:39:00,2,0.32,1,N,227,199,1,4.5,0.5,0.5,4.17,0.0,1.0,10.67,0.0,0.0
1,2023-08-22 22:11:00,2023-08-22 22:59:00,2,0.74,1,N,13,219,2,7.77,0.5,0.5,1.27,6.55,1.0,20.09,2.5,0.0
1,2023-08-22 23:07:00,2023-08-23 00:03:00,3,5.63,1,N,111,50,1,12.47,0.0,0.5,0.99,6.55,1.0,24.01,2.5,0.0
2,2023-08-23 00:26:00,2023-08-23 01:02:00,2,0.43,1,N,199,77,1,13.51,0.5,0.5,4.19,0.0,1.0,19.7,0.0,0.0
1,2023-08-23 01:34:00,2023-08-23 02:12:00,3,6.29,1,N,52,107,1,23.43,0.0,0.5,1.73,0.0,1.0,29.16,2.5,0.0
1,2023-08-23 05:23:00,2023-08-23 05:52:00,1,1.07,1,N,190,199,1,18.93,0.5,0.5,2.5,6.55,1.0,29.98,0.0,0.0
1,2023-08-23 06:49:00,2023-08-23 07:27:00,1,6.4,1,N,214,227,1,39.01,3.5,0.5,2.93,6.55,1.0,53.49,0.0,0.0
2,2023-08-23 08:22:00,2023-08-23 09:05:00,1,2.08,1,N,113,227,1,21.1,2.5,0.5,0.98,6.55,1.0,35.13,2.5,0.0
1,2023-08-23 08:57:00,2023-08-23 09:02:00,1,4.6,1,N,28,119,1,7.0,1.0,0.5,1.59,6.55,1.0,20.14,2.5,0.0
1,2023-08-23 11:09:00,2023-08-23 12:04:00,1,13.1,1,N,181,208,1,25.73,3.5,0.5,1.68,0.0,1.0,34.91,2.5,0.0
1,2023-08-23 14:27:00,2023-08-23 14:39:00,1,2.32,1,N,30,215,1,40.76,3.5,0.5,1.93,0.0,1.0,50.19,2.5,0.0
1,2023-08-23 15:29:00,2023-08-23 15:56:00,5,13.38,1,N,234,11,2,18.53,2.5,0.5,0.43,6.55,1.0,32.01,2.5,0.0
2,2023-08-23 15:53:00,2023-08-23 15:58:00,1,1.03,1,Y,124,2,2,4.75,2.5,0.5,4.14,6.55,1.0,21.94,2.5,0.0
1,2023-08-23 18:01:00,2023-08-23 18:24:00,1,3.22,1,N,254,221,1,8.86,2.5,0.5,7.35,0.0,1.0,20.21,0.0,0.0
1,2023-08-23 18:36:00,2023-08-23 18:41:00,1,2.05,1,N,176,68,1,3.81,0.0,0.5,1.45,0.0,1.0,6.76,0.0,0.0
2,2023-08-23 18:49:00,2023-08-23 19:12:00,1,0.98,1,N,229,182,1,24.83,1.0,0.5,6.37,0.0,1.0,33.7,0.0,0.0
2,2023-08-23 19:13:00,2023-08-23 20:09:00,2,7.93,1,N,260,71,2,31.27,0.0,0.5,0.67,6.55,1.0,42.49,2.5,0.0
1,2023-08-23 21:30:00,2023-08-23 21:40:00,1,0.48,1,N,180,253,1,5.18,1.0,0.5,1.06,0.0,1.0,11.24,2.5,0.0
1,2023-08-23 23:25:00,2023-08-23 23:44:00,2,4.49,4,N,159,102,1,7.75,0.5,0.5,0.32,6.55,1.0,19.12,2.5,0.0
2,2023-08-23 23:44:00,2023-08-23 23:54:00,1,1.17,1,N,20,164,1,40.22,2.5,0.5,3.03,0.0,1.0,47.25,0.0,0.0
1,2023-08-24 00:04:00,2023-08-24 00:43:00,1,5.18,1,N,41,212,2,12.84,1.0,0.5,1.14,6.55,1.0,25.53,2.5,0.0
2,2023-08-24 00:16:00,2023-08-24 00:58:00,4,2.03,1,N,38,262,1,4.95,1.0,0.5,3.08,0.0,1.0,13.03,2.5,0.0
2,2023-08-24 01:51:00,2023-08-24 02:17:00,1,1.45,1,N,81,103,1,10.21,1.0,0.5,2.02,0.0,1.0,14.73,0.0,0.0
1,2023-08-24 02:06:00,2023-08-24 02:44:00,1,0.91,1,N,63,65,1,16.58,3.5,0.5,2.21,0.0,1.0,26.29,2.5,0.0
1,2023-08-24 02:20:00,2023-08-24 03:07:00,1,2.2,1,N,196,246,1,31.57,0.5,0.5,1.96,0.0,1.0,37.28,0.0,1.75
1,2023-08-24 03:05:00,2023-08-24 03:33:00,2,1.9,1,N,225,248,1,4.39,0.0,0.5,0.49,6.55,1.0,15.43,2.5,0.0
2,2023-08-24 06:07:00,2023-08-24 06:46:00,1,0.53,1,N,90,193,2,23.94,2.5,0.5,0.5,0.0,1.0,30.94,2.5,0.0
2,2023-08-24 11:59:00,2023-08-24 12:38:00,1,2.08,1,N,220,247,1,11.04,0.5,0.5,3.2,0.0,1.0,18.74,2.5,0.0
2,2023-08-24 12:28:00,2023-08-24 13:05:00,1,5.87,1,N,185,132,2,10.03,2.5,0.5,0.73,0.0,1.0,14.76,0.0,0.0
2,2023-08-24 13:28:00,2023-08-24 14:12:00,1,4.13,1,N,245,263,1,5.44,0.0,0.5,2.88,0.0,1.0,14.07,2.5,1.75
1,2023-08-24 16:24:00,2023-08-24 17:07:00,2,1.4,1,N,149,74,1,5.3,1.0,0.5,0.4,0.0,1.0,9.95,0.0,1.75
2,2023-08-24 16:26:00,2023-08-24 16:35:00,1,3.44,1,N,156,229,1,27.54,3.5,0.5,5.15,0.0,1.0,40.19,2.5,0.0
2,2023-08-24 21:19:00,2023-08-24 21:27:00,1,4.04,1,N,140,237,2,4.4,3.5,0.5,0.52,6.55,1.0,18.22,0.0,1.75
1,2023-08-25 01:33:00,2023-08-25 01:38:00,5,7.62,1,N,60,129,1,22.12,0.0,0.5,1.8,0.0,1.0,27.92,2.5,0.0
2,2023-08-25 04:13:00,2023-08-25 04:51:00,3,1.42,1,N,40,10,1,49.21,3.5,0.5,5.22,0.0,1.0,61.93,2.5,0.0
2,2023-08-25 09:21:00,2023-08-25 10:09:00,3,3.07,1,N,128,117,1,19.89,2.5,0.5,0.68,0.0,1.0,27.07,2.5,0.0
1,2023-08-25 09:34:00,2023-08-25 10:08:00,1,5.41,1,N,236,58,1,12.74,1.0,0.5,2.62,0.0,1.0,20.36,2.5,0.0
1,2023-08-25 09:55:00,2023-08-25 10:10:00,3,1.83,1,N,215,238,2,33.21,0.5,0.5,6.2,0.0,1.0,43.91,2.5,0.0
1,2023-08-25 12:55:00,2023-08-25 13:31:00,2,0.93,1,N,246,98,1,4.88,3.5,0.5,2.43,6.55,1.0,23.11,2.5,1.75
1,2023-08-25 13:56:00,2023-08-25 14:17:00,1,1.16,1,N,81,174,4,11.73,0.0,0.5,2.29,6.55,1.0,24.57,2.5,0.0
2,2023-08-25 14:06:00,2023-08-25 14:54:00,3,0.99,1,N,162,151,2,36.76,1.0,0.5,6.07,0.0,1.0,47.83,2.5,0.0
1,2023-08-25 14:07:00,2023-08-25 14:49:00,1,1.76,1,N,120,172,1,19.09,3.5,0.5,2.44,6.55,1.0,37.33,2.5,1.75
2,2023-08-25 15:14:00,2023-08-25 16:03:00,1,0.48,4,N,254,67,1,36.09,3.5,0.5,3.6,6.55,1.0,53.74,2.5,0.0
2,2023-08-25 17:52:00,2023-08-25 18:27:00,1,2.84,1,Y,253,210,1,20.79,1.0,0.5,4.49,0.0,1.0,29.53,0.0,1.75
1,2023-08-25 18:21:00,2023-08-25 19:04:00,1,13.64,1,N,179,237,1,6.77,1.0,0.5,1.03,6.55,1.0,16.85,0.0,0.0
1,2023-08-25 20:57:00,2023-08-25 21:21:00,1,8.69,1,N,196,105,1,13.67,1.0,0.5,2.91,0.0,1.0,19.08,0.0,0.0
2,2023-08-25 21:02:00,2023-08-25 21:32:00,1,0.3,1,N,256,62,1,8.98,0.5,0.5,0.12,0.0,1.0,13.6,2.5,0.0
2,2023-08-25 22:47:00,2023-08-25 22:57:00,1,2.59,1,N,163,150,1,4.69,0.0,0.5,2.26,6.55,1.0,17.5,2.5,0.0
2,2023-08-26 01:43:00,2023-08-26 02:22:00,1,1.74,1,N,193,107,1,11.62,0.0,0.5,2.99,0.0,1.0,16.11,0.0,0.0
1,2023-08-26 01:43:00,2023-08-26 02:05:00,1,0.53,1,N,133,213,2,5.55,0.5,0.5,5.87,0.0,1.0,15.92,2.5,0.0
2,2023-08-26 01:56:00,2023-08-26 02:30:00,1,3.69,1,N,99,255,1,13.24,2.5,0.5,0.59,6.55,1.0,26.88,2.5,0.0
2,2023-08-26 04:38:00,2023-08-26 04:57:00,1,2.52,1,N,57,69,2,20.64,2.5,0.5,13.55,0.0,1.0,40.69,2.5,0.0
2,2023-08-26 05:29:00,2023-08-26 05:47:00,2,7.33,1,N,211,51,1,62.64,3.5,0.5,1.12,6.55,1.0,79.56,2.5,1.75
1,2023-08-26 06:11:00,2023-08-26 06:19:00,1,1.24,1,N,93,65,1,9.39,0.5,0.5,2.09,6.55,1.0,22.53,2.5,0.0
2,2023-08-26 06:38:00,2023-08-26 06:49:00,2,2.74,1,N,79,99,2,3.09,0.0,0.5,3.65,0.0,1.0,10.74,2.5,0.0
2,2023-08-26 07:05:00,2023-08-26 07:10:00,1,3.27,1,N,249,100,1,4.72,0.0,0.5,7.47,6.55,1.0,20.24,0.0,0.0
2,2023-08-26 08:55:00,2023-08-26 09:02:00,1,2.42,1,N,113,96,1,11.46,1.0,0.5,3.17,0.0,1.0,21.38,2.5,1.75
1,2023-08-26 12:22:00,2023-08-26 12:57:00,1,1.79,2,N,193,60,1,3.43,0.5,0.5,0.53,6.55,1.0,16.76,2.5,1.75
2,2023-08-26 15:41:00,2023-08-26 16:11:00,1,1.82,1,N,60,181,1,27.05,2.5,0.5,1.62,6.55,1.0,41.72,2.5,0.0
2,2023-08-26 21:13:00,2023-08-26 21:20:00,1,2.38,1,N,112,236,1,7.47,0.0,0.5,2.16,6.55,1.0,19.43,0.0,1.75
2,2023-08-26 23:43:00,2023-08-26 23:55:00,2,4.54,1,N,151,19,2,10.88,3.5,0.5,1.46,6.55,1.0,23.89,0.0,0.0
2,2023-08-27 01:06:00,2023-08-27 01:23:00,2,5.97,1,N,181,149,1,14.88,1.0,0.5,9.24,0.0,1.0,26.62,0.0,0.0
1,2023-08-27 01:49:00,2023-08-27 02:11:00,2,3.06,1,N,30,78,1,7.08,2.5,0.5,0.41,0.0,1.0,13.99,2.5,0.0
2,2023-08-27 04:02:00,2023-08-27 04:21:00,1,8.01,1,N,112,69,2,8.8,0.0,0.5,1.77,6.55,1.0,18.62,0.0,0.0
2,2023-08-27 04:43:00,2023-08-27 05:34:00,2,2.34,1,N,250,72,1,18.06,0.5,0.5,1.87,0.0,1.0,24.43,2.5,0.0
2,2023-08-27 05:34:00,2023-08-27 05:45:00,1,1.29,1,N,135,236,2,3.37,1.0,0.5,2.1,0.0,1.0,10.47,2.5,0.0
2,2023-08-27 07:10:00,2023-08-27 08:05:00,1,3.88,1,N,20,124,1,28.2,2.5,0.5,1.92,6.55,1.0,43.17,2.5,0.0
1,2023-08-27 07:14:00,2023-08-27 07:35:00,1,0.72,2,N,204,113,1,4.79,0.0,0.5,2.88,0.0,1.0,11.67,2.5,0.0
2,2023-08-27 14:07:00,2023-08-27 14:59:00,2,0.77,1,N,67,30,1,6.57,1.0,0.5,0.15,0.0,1.0,9.22,0.0,0.0
2,2023-08-27 14:55:00,2023-08-27 15:48:00,1,0.89,1,N,70,52,1,4.74,3.5,0.5,4.46,0.0,1.0,16.7,2.5,0.0
2,2023-08-27 16:21:00,2023-08-27 16:28:00,2,2.38,1,N,42,111,1,10.08,0.0,0.5,6.39,6.55,1.0,24.52,0.0,0.0
1,2023-08-27 16:35:00,2023-08-27 17:03:00,1,0.67,1,N,107,76,1,25.95,0.5,0.5,2.17,0.0,1.0,30.12,0.0,0.0
2,2023-08-27 19:52:00,2023-08-27 20:35:00,1,1.19,1,N,157,33,2,5.15,1.0,0.5,0.75,6.55,1.0,19.2,2.5,1.75
1,2023-08-27 23:26:00,2023-08-28 00:06:00,1,2.85,1,N,62,29,1,7.27,1.0,0.5,0.78,6.55,1.0,19.6,2.5,0.0
1,2023-08-27 23:38:00,2023-08-28 00:05:00,2,3.89,1,N,27,90,1,26.91,0.5,0.5,5.44,0.0,1.0,36.85,2.5,0.0
2,2023-08-28 02:53:00,2023-08-28 03:46:00,1,0.41,1,N,241,25,1,7.23,2.5,0.5,4.93,0.0,1.0,16.16,0.0,0.0
2,2023-08-28 04:07:00,2023-08-28 04:42:00,2,1.67,1,N,24,90,1,5.53,0.5,0.5,3.42,6.55,1.0,17.5,0.0,0.0
1,2023-08-28 09:10:00,2023-08-28 10:04:00,1,5.29,1,N,148,22,2,12.82,3.5,0.5,11.48,6.55,1.0,38.35,2.5,0.0
2,2023-08-28 11:35:00,2023-08-28 12:05:00,1,5.98,1,N,15,114,1,9.64,1.0,0.5,0.82,6.55,1.0,19.51,0.0,0.0
2,2023-08-28 11:46:00,2023-08-28 12:29:00,2,9.55,1,N,225,16,2,6.59,0.5,0.5,0.33,6.55,1.0,17.97,2.5,0.0
1,2023-08-28 11:57:00,2023-08-28 12:20:00,4,0.96,1,N,29,55,1,50.44,0.5,0.5,0.19,0.0,1.0,55.13,2.5,0.0
1,2023-08-28 12:14:00,2023-08-28 13:06:00,1,0.95,1,N,208,264,1,3.44,2.5,0.5,0.24,6.55,1.0,16.73,2.5,0.0
1,2023-08-28 15:54:00,2023-08-28 16:12:00,1,2.59,3,N,61,141,2,17.61,1.0,0.5,1.33,6.55,1.0,30.49,2.5,0.0
1,2023-08-28 18:26:00,2023-08-28 18:38:00,1,0.39,2,N,55,221,1,18.89,0.0,0.5,14.32,6.55,1.0,41.26,0.0,0.0
1,2023-08-28 18:40:00,2023-08-28 19:28:00,1,2.73,1,N,82,105,1,4.12,1.0,0.5,11.34,0.0,1.0,19.71,0.0,1.75
2,2023-08-28 21:10:00,2023-08-28 21:19:00,2,1.5,1,N,144,72,2,9.53,1.0,0.5,10.21,0.0,1.0,24.74,2.5,0.0
1,2023-08-28 23:38:00,2023-08-29 00:01:00,1,1.42,1,N,191,101,1,9.54,0.0,0.5,4.58,6.55,1.0,22.17,0.0,0.0
2,2023-08-29 02:20:00,2023-08-29 03:14:00,1,2.8,1,N,55,196,1,32.16,2.5,0.5,1.5,0.0,1.0,40.16,2.5,0.0
2,2023-08-29 03:03:00,2023-08-29 03:11:00,1,4.64,1,N,184,58,2,20.47,0.5,0.5,1.14,6.55,1.0,32.66,2.5,0.0
2,2023-08-29 07:10:00,2023-08-29 07:58:00,1,1.52,2,N,136,179,1,8.05,0.0,0.5,5.38,6.55,1.0,23.98,2.5,0.0
2,2023-08-29 08:50:00,2023-08-29 09:09:00,1,0.51,1,N,224,110,1,5.48,1.0,0.5,1.1,0.0,1.0,11.58,2.5,0.0
1,2023-08-29 09:44:00,2023-08-29 09:58:00,3,0.39,1,N,8,250,1,9.68,0.5,0.5,0.56,0.0,1.0,14.74,2.5,0.0
1,2023-08-29 11:33:00,2023-08-29 12:10:00,2,0.67,1,N,264,192,1,12.76,0.0,0.5,0.49,6.55,1.0,23.8,2.5,0.0
1,2023-08-29 12:51:00,2023-08-29 12:59:00,1,4.1,1,N,222,33,1,29.17,3.5,0.5,1.94,0.0,1.0,38.61,2.5,0.0
1,2023-08-29 18:19:00,2023-08-29 18:53:00,1,0.56,1,N,25,13,1,47.16,3.5,0.5,2.88,0.0,1.0,57.54,2.5,0.0
1,2023-08-29 18:29:00,2023-08-29 19:26:00,1,2.33,1,N,21,82,2,33.68,0.0,0.5,5.47,0.0,1.0,43.15,2.5,0.0
2,2023-08-29 18:37:00,2023-08-29 18:44:00,1,1.21,1,N,251,19,2,7.62,1.0,0.5,1.96,6.55,1.0,21.13,2.5,0.0
2,2023-08-29 20:09:00,2023-08-29 20:51:00,1,4.38,1,N,235,190,1,3.04,3.5,0.5,0.36,0.0,1.0,8.4,0.0,0.0
2,2023-08-29 21:14:00,2023-08-29 21:23:00,1,3.28,1,N,140,5,1,15.51,0.5,0.5,3.72,6.55,1.0,30.28,2.5,0.0
2,2023-08-30 01:39:00,2023-08-30 02:28:00,1,1.78,2,N,92,257,1,5.75,1.0,0.5,1.33,0.0,1.0,12.08,2.5,0.0
1,2023-08-30 02:26:00,2023-08-30 03:25:00,1,5.67,1,N,76,105,2,5.63,3.5,0.5,1.41,0.0,1.0,13.79,0.0,1.75
1,2023-08-30 03:00:00,2023-08-30 03:21:00,1,0.63,1,N,9,102,1,4.24,0.0,0.5,2.56,6.55,1.0,17.35,2.5,0.0
1,2023-08-30 03:15:00,2023-08-30 03:55:00,1,2.96,3,N,30,82,1,9.35,3.5,0.5,3.53,6.55,1.0,26.93,2.5,0.0
1,2023-08-30 05:20:00,2023-08-30 06:12:00,1,0.97,1,N,98,13,1,4.22,3.5,0.5,7.33,0.0,1.0,20.8,2.5,1.75
2,2023-08-30 06:49:00,2023-08-30 07:46:00,1,2.12,1,N,222,136,1,5.74,1.0,0.5,6.58,0.0,1.0,17.32,2.5,0.0
1,2023-08-30 08:06:00,2023-08-30 08:31:00,1,0.68,1,N,218,9,1,9.69,0.5,0.5,0.13,0.0,1.0,11.82,0.0,0.0
1,2023-08-30 10:57:00,2023-08-30 11:43:00,1,1.51,1,N,242,44,1,9.37,3.5,0.5,0.04,0.0,1.0,16.91,2.5,0.0
2,2023-08-30 11:39:00,2023-08-30 12:21:00,1,0.64,3,N,24,255,1,3.25,2.5,0.5,7.99,0.0,1.0,17.74,2.5,0.0
1,2023-08-30 13:03:00,2023-08-30 13:36:00,1,7.06,1,N,83,80,1,4.39,2.5,0.5,0.08,6.55,1.0,17.52,2.5,0.0
2,2023-08-30 13:40:00,2023-08-30 14:25:00,1,0.65,1,N,8,264,1,12.29,0.5,0.5,2.07,0.0,1.0,16.36,0.0,0.0
1,2023-08-31 01:46:00,2023-08-31 02:35:00,1,6.55,1,N,31,17,1,14.25,3.5,0.5,0.48,0.0,1.0,21.48,0.0,1.75
1,2023-08-31 02:19:00,2023-08-31 02:24:00,1,3.18,1,N,117,151,1,25.11,1.0,0.5,4.89,0.0,1.0,35.0,2.5,0.0
1,2023-08-31 02:27:00,2023-08-31 03:13:00,1,8.47,1,N,163,107,1,3.58,2.5,0.5,1.78,6.55,1.0,18.41,2.5,0.0
2,2023-08-31 03:28:00,2023-08-31 03:47:00,1,1.27,1,N,261,232,2,3.79,0.5,0.5,1.36,0.0,1.0,9.65,2.5,0.0
2,2023-08-31 04:34:00,2023-08-31 04:59:00,1,1.71,1,N,238,55,1,14.46,1.0,0.5,0.72,6.55,1.0,26.73,2.5,0.0
2,2023-08-31 06:04:00,2023-08-31 06:15:00,3,0.43,1,N,240,180,1,24.63,2.5,0.5,3.26,6.55,1.0,38.44,0.0,0.0
1,2023-08-31 07:39:00,2023-08-31 08:14:00,1,1.45,1,N,168,170,1,4.68,3.5,0.5,2.57,6.55,1.0,21.3,2.5,0.0
2,2023-08-31 07:51:00,2023-08-31 08:03:00,1,1.88,1,N,119,259,1,10.92,0.0,0.5,2.08,6.55,1.0,23.55,2.5,0.0
1,2023-08-31 08:20:00,2023-08-31 08:47:00,1,6.52,1,N,167,124,4,12.33,0.5,0.5,1.36,6.55,1.0,24.74,2.5,0.0
1,2023-08-31 10:35:00,2023-08-31 11:11:00,2,2.52,1,N,28,97,1,4.67,2.5,0.5,5.09,6.55,1.0,20.31,0.0,0.0
2,2023-08-31 11:33:00,2023-08-31 12:14:00,1,0.91,1,N,83,166,1,6.87,2.5,0.5,8.89,0.0,1.0,19.76,0.0,0.0
1,2023-08-31 13:47:00,2023-08-31 14:08:00,1,4.76,1,N,178,175,1,3.95,2.5,0.5,1.5,6.55,1.0,18.5,2.5,0.0
2,2023-08-31 13:57:00,2023-08-31 14:18:00,1,7.41,2,N,37,4,1,39.23,1.0,0.5,1.14,0.0,1.0,45.37,2.5,0.0
1,2023-08-31 16:17:00,2023-08-31 16:43:00,1,3.94,1,N,86,96,1,11.02,0.0,0.5,1.51,0.0,1.0,16.53,2.5,0.0
1,2023-08-31 19:32:00,2023-08-31 20:09:00,1,0.96,1,N,216,39,1,6.67,0.0,0.5,0.87,0.0,1.0,10.79,0.0,1.75
1,2023-09-01 02:00:00,2023-09-01 02:52:00,3,4.72,2,N,196,105,1,5.26,0.0,0.5,0.55,6.55,1.0,16.36,2.5,0.0
2,2023-09-01 02:06:00,2023-09-01 02:24:00,3,0.41,1,N,56,92,1,25.63,2.5,0.5,3.76,0.0,1.0,33.39,0.0,0.0
2,2023-09-01 02:27:00,2023-09-01 02:53:00,2,5.25,1,N,184,261,1,7.65,0.5,0.5,2.88,6.55,1.0,19.08,0.0,0.0
2,2023-09-01 02:28:00,2023-09-01 03:23:00,1,1.69,1,N,167,195,1,16.47,3.5,0.5,4.98,0.0,1.0,28.95,2.5,0.0
2,2023-09-01 02:43:00,2023-09-01 03:03:00,1,0.98,1,N,78,115,1,5.02,3.5,0.5,1.48,6.55,1.0,20.55,2.5,0.0
2,2023-09-01 04:04:00,2023-09-01 04:20:00,1,16.04,1,N,42,20,1,36.44,1.0,0.5,7.43,6.55,1.0,52.92,0.0,0.0
1,2023-09-01 07:33:00,2023-09-01 08:20:00,1,4.82,1,N,70,36,4,20.54,2.5,0.5,0.87,6.55,1.0,34.46,2.5,0.0
2,2023-09-01 11:25:00,2023-09-01 11:38:00,1,3.71,1,N,199,94,1,12.19,0.5,0.5,0.23,0.0,1.0,16.92,2.5,0.0
2,2023-09-01 12:39:00,2023-09-01 12:50:00,1,6.38,1,N,118,64,1,14.26,1.0,0.5,1.33,6.55,1.0,24.64,0.0,0.0
2,2023-09-01 14:48:00,2023-09-01 15:28:00,1,2.56,1,N,108,255,1,18.67,0.0,0.5,4.0,6.55,1.0,33.22,2.5,0.0
2,2023-09-01 15:57:00,2023-09-01 16:21:00,2,18.28,1,N,47,147,1,4.45,1.0,0.5,0.2,6.55,1.0,16.2,2.5,0.0
1,2023-09-01 17:48:00,2023-09-01 18:07:00,1,0.97,1,N,259,10,1,23.95,3.5,0.5,0.83,0.0,1.0,32.28,2.5,0.0
2,2023-09-01 18:05:00,2023-09-01 18:13:00,1,2.98,2,N,11,25,1,6.17,2.5,0.5,6.08,6.55,1.0,24.55,0.0,1.75
2,2023-09-01 21:01:00,2023-09-01 21:30:00,1,8.46,1,N,85,129,1,11.9,0.5,0.5,1.29,0.0,1.0,17.69,2.5,0.0
2,2023-09-01 21:13:00,2023-09-01 21:30:00,3,16.32,1,N,115,198,1,13.76,3.5,0.5,0.84,0.0,1.0,19.6,0.0,0.0
1,2023-09-01 22:39:00,2023-09-01 23:08:00,1,0.54,1,N,65,183,1,9.02,0.5,0.5,6.92,6.55,1.0,26.99,2.5,0.0
2,2023-09-01 22:56:00,2023-09-01 23:02:00,1,6.62,1,N,5,113,1,6.71,0.5,0.5,2.09,0.0,1.0,15.05,2.5,1.75
2,2023-09-01 23:00:00,2023-09-01 23:55:00,1,2.32,1,N,37,132,2,36.66,2.5,0.5,0.33,6.55,1.0,50.04,2.5,0.0
1,2023-09-02 05:47:00,2023-09-02 06:13:00,1,2.59,1,N,199,94,2,7.59,1.0,0.5,0.49,0.0,1.0,14.83,2.5,1.75
2,2023-09-02 08:49:00,2023-09-02 08:58:00,1,3.97,2,N,121,185,1,3.45,0.0,0.5,10.82,6.55,1.0,24.82,2.5,0.0
1,2023-09-02 10:17:00,2023-09-02 10:52:00,1,11.53,1,N,137,221,1,3.17,3.5,0.5,2.07,6.55,1.0,19.29,2.5,0.0
1,2023-09-02 12:23:00,2023-09-02 13:16:00,1,1.33,1,N,77,238,1,21.69,0.5,0.5,1.9,6.55,1.0,34.64,2.5,0.0
2,2023-09-02 13:16:00,2023-09-02 14:13:00,1,0.68,1,N,255,37,1,12.26,2.5,0.5,1.11,0.0,1.0,19.87,2.5,0.0
1,2023-09-02 14:15:00,2023-09-02 14:37:00,2,8.11,1,N,85,37,2,7.55,1.0,0.5,0.53,0.0,1.0,13.08,2.5,0.0
2,2023-09-02 14:28:00,2023-09-02 15:05:00,1,4.87,1,N,143,128,1,5.08,2.5,0.5,0.72,0.0,1.0,12.3,2.5,0.0
2,2023-09-02 16:45:00,2023-09-02 16:56:00,2,0.7,1,N,209,113,1,9.58,0.0,0.5,2.29,0.0,1.0,15.87,2.5,0.0
2,2023-09-02 17:34:00,2023-09-02 18:04:00,1,0.87,1,N,225,257,1,9.53,1.0,0.5,0.75,0.0,1.0,15.28,2.5,0.0
2,2023-09-02 20:20:00,2023-09-02 20:32:00,1,3.82,1,N,212,214,1,23.61,0.0,0.5,1.39,6.55,1.0,35.55,2.5,0.0
2,2023-09-02 21:01:00,2023-09-02 21:21:00,2,6.56,1,N,199,11,4,15.5,3.5,0.5,1.56,6.55,1.0,28.61,0.0,0.0
1,2023-09-02 22:00:00,2023-09-02 22:50:00,1,0.63,1,N,30,26,2,5.3,3.5,0.5,1.67,6.55,1.0,18.52,0.0,0.0
1,2023-09-02 23:04:00,2023-09-02 23:14:00,1,1.22,1,N,130,134,1,10.17,2.5,0.5,2.18,0.0,1.0,18.85,2.5,0.0
1,2023-09-03 00:54:00,2023-09-03 01:53:00,1,5.79,1,N,166,71,2,5.92,0.5,0.5,20.2,0.0,1.0,32.37,2.5,1.75
1,2023-09-03 03:59:00,2023-09-03 04:38:00,1,0.84,2,N,130,182,1,32.25,3.5,0.5,2.15,6.55,1.0,48.45,2.5,0.0
1,2023-09-03 04:36:00,2023-09-03 05:32:00,1,0.61,1,N,170,86,2,3.82,3.5,0.5,1.3,6.55,1.0,20.92,2.5,1.75
1,2023-09-03 05:51:00,2023-09-03 06:10:00,1,0.77,1,N,35,155,2,25.69,0.0,0.5,0.43,0.0,1.0,30.12,2.5,0.0
2,2023-09-03 08:19:00,2023-09-03 08:45:00,1,1.43,1,N,222,261,1,8.9,2.5,0.5,2.11,0.0,1.0,17.51,2.5,0.0
2,2023-09-03 12:11:00,2023-09-03 13:01:00,1,1.26,1,N,105,250,1,7.34,3.5,0.5,2.83,6.55,1.0,21.72,0.0,0.0
2,2023-09-03 12:28:00,2023-09-03 12:55:00,1,2.65,1,N,221,118,1,4.57,1.0,0.5,12.23,0.0,1.0,21.8,2.5,0.0
1,2023-09-03 14:06:00,2023-09-03 14:51:00,5,1.31,1,N,74,107,1,4.01,1.0,0.5,2.2,0.0,1.0,12.96,2.5,1.75
1,2023-09-03 16:31:00,2023-09-03 16:37:00,1,0.33,1,N,112,132,3,3.74,2.5,0.5,4.01,0.0,1.0,14.25,2.5,0.0
1,2023-09-03 17:04:00,2023-09-03 17:11:00,1,0.92,1,N,98,1,1,24.7,1.0,0.5,1.38,0.0,1.0,32.83,2.5,1.75
1,2023-09-03 17:07:00,2023-09-03 17:12:00,1,1.11,1,N,252,182,1,12.26,3.5,0.5,1.11,0.0,1.0,18.37,0.0,0.0
1,2023-09-03 19:33:00,2023-09-03 19:45:00,1,0.58,1,N,190,190,1,5.25,1.0,0.5,0.67,6.55,1.0,17.47,2.5,0.0
2,2023-09-04 09:55:00,2023-09-04 10:04:00,3,1.01,1,N,253,137,1,7.81,2.5,0.5,1.24,0.0,1.0,15.55,2.5,0.0
1,2023-09-04 13:34:00,2023-09-04 13:45:00,1,1.37,1,N,134,251,1,9.86,2.5,0.5,3.6,0.0,1.0,19.96,2.5,0.0
2,2023-09-04 16:39:00,2023-09-04 17:19:00,1,2.52,1,N,207,223,1,14.73,3.5,0.5,0.61,6.55,1.0,29.39,2.5,0.0
2,2023-09-04 16:49:00,2023-09-04 17:26:00,1,1.19,1,Y,150,57,1,8.76,0.5,0.5,1.38,0.0,1.0,12.14,0.0,0.0
2,2023-09-04 19:18:00,2023-09-04 20:08:00,1,1.34,1,N,44,245,1,13.89,2.5,0.5,2.97,6.55,1.0,27.41,0.0,0.0
2,2023-09-04 21:28:00,2023-09-04 22:13:00,1,6.08,1,N,172,45,1,20.89,0.0,0.5,0.93,6.55,1.0,32.37,2.5,0.0
2,2023-09-04 21:40:00,2023-09-04 21:50:00,2,1.23,2,N,26,213,1,81.4,2.5,0.5,1.54,0.0,1.0,86.94,0.0,0.0
1,2023-09-04 22:52:00,2023-09-04 23:44:00,1,0.82,3,N,159,225,2,27.7,0.0,0.5,4.98,0.0,1.0,36.68,2.5,0.0
1,2023-09-05 01:14:00,2023-09-05 01:47:00,4,2.27,4,N,238,155,2,5.88,0.5,0.5,5.33,0.0,1.0,15.71,2.5,0.0
2,2023-09-05 01:39:00,2023-09-05 01:45:00,1,7.84,1,N,46,246,1,26.09,2.5,0.5,6.35,0.0,1.0,36.44,0.0,0.0
1,2023-09-05 05:27:00,2023-09-05 05:38:00,1,2.61,1,N,181,174,4,28.07,2.5,0.5,0.02,0.0,1.0,36.34,2.5,1.75
1,2023-09-05 11:46:00,2023-09-05 12:21:00,2,1.54,1,N,138,37,1,3.03,3.5,0.5,1.2,6.55,1.0,18.28,2.5,0.0
1,2023-09-05 12:27:00,2023-09-05 12:55:00,1,3.3,1,N,166,209,2,9.89,0.0,0.5,1.46,0.0,1.0,17.1,2.5,1.75
1,2023-09-05 15:20:00,2023-09-05 15:54:00,1,4.25,1,N,258,35,2,5.44,3.5,0.5,3.74,0.0,1.0,18.43,2.5,1.75
2,2023-09-05 16:47:00,2023-09-05 17:22:00,1,0.61,1,N,91,120,1,5.31,0.5,0.5,0.56,0.0,1.0,7.87,0.0,0.0
1,2023-09-05 17:42:00,2023-09-05 17:47:00,1,5.93,1,N,83,126,1,3.42,3.5,0.5,1.37,0.0,1.0,12.29,2.5,0.0
1,2023-09-05 18:18:00,2023-09-05 18:42:00,1,7.16,1,N,261,157,2,9.64,0.5,0.5,7.03,0.0,1.0,21.17,2.5,0.0
1,2023-09-05 20:18:00,2023-09-05 20:59:00,1,0.89,4,N,17,79,1,11.4,2.5,0.5,0.39,0.0,1.0,20.04,2.5,1.75
1,2023-09-05 20:22:00,2023-09-05 20:47:00,5,3.51,1,N,160,90,1,4.59,1.0,0.5,1.48,0.0,1.0,11.07,2.5,0.0
2,2023-09-05 20:38:00,2023-09-05 21:35:00,3,0.79,1,N,243,148,1,9.0,0.0,0.5,2.13,0.0,1.0,15.13,2.5,0.0
1,2023-09-05 21:52:00,2023-09-05 21:58:00,1,1.4,1,N,118,17,1,7.03,1.0,0.5,6.51,0.0,1.0,18.54,2.5,0.0
2,2023-09-06 01:46:00,2023-09-06 02:41:00,2,3.77,1,N,86,129,1,13.28,0.5,0.5,2.99,0.0,1.0,20.77,2.5,0.0
2,2023-09-06 02:06:00,2023-09-06 02:29:00,1,3.11,2,N,134,45,1,13.77,0.5,0.5,0.87,6.55,1.0,25.69,2.5,0.0
2,2023-09-06 05:09:00,2023-09-06 05:20:00,1,1.84,1,N,62,27,1,9.53,2.5,0.5,1.93,0.0,1.0,15.46,0.0,0.0
1,2023-09-06 06:09:00,2023-09-06 06:21:00,1,1.68,1,N,190,141,1,10.09,1.0,0.5,1.22,0.0,1.0,13.81,0.0,0.0
1,2023-09-06 07:06:00,2023-09-06 07:18:00,4,2.06,1,N,49,235,3,8.29,0.0,0.5,4.48,0.0,1.0,14.27,0.0,0.0
2,2023-09-06 07:34:00,2023-09-06 08:05:00,1,0.34,1,N,256,175,1,23.73,3.5,0.5,0.29,0.0,1.0,29.02,0.0,0.0
1,2023-09-06 10:56:00,2023-09-06 11:22:00,1,3.94,1,N,107,88,1,5.17,3.5,0.5,0.5,0.0,1.0,13.17,2.5,0.0
2,2023-09-06 11:12:00,2023-09-06 12:07:00,1,1.34,2,N,63,101,1,9.35,2.5,0.5,2.04,0.0,1.0,17.89,2.5,0.0
1,2023-09-06 11:40:00,2023-09-06 12:33:00,2,2.85,5,N,52,132,1,30.69,0.5,0.5,1.31,6.55,1.0,43.05,2.5,0.0
1,2023-09-06 16:25:00,2023-09-06 16:44:00,1,1.97,1,N,220,148,1,41.66,0.0,0.5,0.32,0.0,1.0,45.98,2.5,0.0
1,2023-09-06 21:22:00,2023-09-06 21:34:00,1,0.45,1,N,57,202,1,4.9,2.5,0.5,2.2,0.0,1.0,13.6,2.5,0.0
1,2023-09-07 02:10:00,2023-09-07 02:55:00,1,2.48,1,N,242,140,2,13.17,2.5,0.5,2.5,6.55,1.0,28.72,2.5,0.0
2,2023-09-07 02:30:00,2023-09-07 02:50:00,1,0.35,1,N,75,19,4,4.14,1.0,0.5,1.81,0.0,1.0,10.95,2.5,0.0
1,2023-09-07 03:05:00,2023-09-07 03:49:00,2,11.45,1,N,125,255,1,12.41,0.0,0.5,1.45,6.55,1.0,24.41,2.5,0.0
1,2023-09-07 03:26:00,2023-09-07 04:17:00,1,2.5,1,N,167,264,1,15.17,1.0,0.5,2.63,0.0,1.0,22.8,2.5,0.0
1,2023-09-07 05:58:00,2023-09-07 06:34:00,1,3.09,1,N,139,17,1,5.77,1.0,0.5,2.97,0.0,1.0,13.74,2.5,0.0
2,2023-09-07 07:34:00,2023-09-07 08:26:00,1,1.43,1,N,86,158,2,14.47,2.5,0.5,5.51,0.0,1.0,23.98,0.0,0.0
1,2023-09-07 10:17:00,2023-09-07 10:57:00,1,5.19,3,N,113,100,1,39.42,1.0,0.5,6.99,6.55,1.0,57.96,2.5,0.0
2,2023-09-07 12:01:00,2023-09-07 12:21:00,1,10.27,3,N,212,121,2,7.01,0.0,0.5,0.07,0.0,1.0,11.08,2.5,0.0
2,2023-09-07 18:47:00,2023-09-07 19:26:00,1,2.36,1,N,30,264,1,6.97,2.5,0.5,0.12,6.55,1.0,20.14,2.5,0.0
2,2023-09-07 19:01:00,2023-09-07 19:08:00,2,3.5,1,N,211,112,1,9.43,3.5,0.5,1.04,0.0,1.0,19.72,2.5,1.75
2,2023-09-08 00:32:00,2023-09-08 01:08:00,1,0.46,1,N,38,245,1,13.9,0.5,0.5,0.84,6.55,1.0,23.29,0.0,0.0
2,2023-09-08 03:35:00,2023-09-08 04:10:00,1,1.54,1,N,259,229,1,5.4,0.0,0.5,0.55,0.0,1.0,9.95,2.5,0.0
2,2023-09-08 04:20:00,2023-09-08 04:31:00,1,3.48,1,N,40,252,1,3.57,3.5,0.5,1.04,6.55,1.0,18.66,2.5,0.0
2,2023-09-08 05:06:00,2023-09-08 06:01:00,1,0.85,1,N,247,264,2,18.16,2.5,0.5,5.1,6.55,1.0,36.31,2.5,0.0
2,2023-09-08 07:24:00,2023-09-08 07:29:00,4,1.03,1,Y,54,39,1,31.47,1.0,0.5,7.56,0.0,1.0,44.03,2.5,0.0
2,2023-09-08 14:50:00,2023-09-08 14:56:00,1,1.12,1,N,15,223,1,12.78,1.0,0.5,3.21,6.55,1.0,29.29,2.5,1.75
1,2023-09-08 21:18:00,2023-09-08 21:58:00,1,10.82,1,N,20,94,1,16.23,2.5,0.5,3.47,6.55,1.0,32.75,2.5,0.0
1,2023-09-08 21:49:00,2023-09-08 22:25:00,1,1.68,1,N,156,123,1,43.0,0.0,0.5,0.3,0.0,1.0,47.3,2.5,0.0
1,2023-09-09 00:07:00,2023-09-09 00:39:00,1,7.84,4,N,219,251,1,25.69,0.5,0.5,0.19,6.55,1.0,36.93,2.5,0.0
1,2023-09-09 03:39:00,2023-09-09 04:09:00,1,2.91,1,N,186,234,1,13.86,1.0,0.5,1.83,6.55,1.0,27.24,2.5,0.0
1,2023-09-09 04:39:00,2023-09-09 04:48:00,2,0.53,1,N,122,172,1,17.93,1.0,0.5,0.73,6.55,1.0,30.21,2.5,0.0
1,2023-09-09 11:30:00,2023-09-09 12:01:00,1,0.5,1,N,196,179,1,4.19,1.0,0.5,1.09,6.55,1.0,18.58,2.5,1.75
1,2023-09-09 13:12:00,2023-09-09 13:35:00,1,2.04,1,N,136,231,2,17.86,0.0,0.5,0.72,0.0,1.0,20.08,0.0,0.0
2,2023-09-09 13:26:00,2023-09-09 14:15:00,1,1.06,4,N,138,43,2,24.23,0.0,0.5,0.64,0.0,1.0,26.37,0.0,0.0
1,2023-09-09 16:41:00,2023-09-09 17:21:00,1,1.94,1,N,52,60,2,56.9,0.0,0.5,0.02,6.55,1.0,69.22,2.5,1.75
2,2023-09-09 16:55:00,2023-09-09 17:20:00,1,9.36,1,N,220,170,1,9.63,0.0,0.5,2.6,0.0,1.0,13.73,0.0,0.0
2,2023-09-09 17:02:00,2023-09-09 17:20:00,1,2.99,1,N,80,117,1,5.03,3.5,0.5,18.79,6.55,1.0,37.87,2.5,0.0
1,2023-09-09 20:04:00,2023-09-09 20:45:00,5,3.2,1,N,103,212,2,5.53,3.5,0.5,5.07,6.55,1.0,22.15,0.0,0.0
2,2023-09-10 00:36:00,2023-09-10 01:07:00,4,0.8,1,N,152,215,1,15.77,3.5,0.5,0.58,6.55,1.0,30.4,2.5,0.0
2,2023-09-10 00:40:00,2023-09-10 01:37:00,1,0.38,1,N,198,139,1,33.69,2.5,0.5,0.41,6.55,1.0,44.65,0.0,0.0
2,2023-09-10 04:34:00,2023-09-10 05:28:00,1,2.19,2,N,60,224,1,9.85,2.5,0.5,1.41,6.55,1.0,24.31,2.5,0.0
1,2023-09-10 06:58:00,2023-09-10 07:12:00,3,2.14,1,N,253,37,1,3.31,2.5,0.5,2.1,6.55,1.0,15.96,0.0,0.0
1,2023-09-10 07:39:00,2023-09-10 07:56:00,5,1.04,1,N,130,257,1,13.49,2.5,0.5,3.48,0.0,1.0,20.97,0.0,0.0
2,2023-09-10 09:56:00,2023-09-10 10:38:00,1,2.44,1,N,246,220,1,7.0,0.0,0.5,1.15,6.55,1.0,18.7,2.5,0.0
1,2023-09-10 13:54:00,2023-09-10 14:36:00,3,2.03,1,N,81,32,1,8.24,1.0,0.5,1.06,6.55,1.0,20.85,2.5,0.0
2,2023-09-10 16:58:00,2023-09-10 17:11:00,1,0.78,1,N,195,143,1,3.12,3.5,0.5,0.6,0.0,1.0,11.22,2.5,0.0
2,2023-09-10 21:27:00,2023-09-10 21:53:00,2,0.52,1,N,72,178,1,18.7,2.5,0.5,0.52,0.0,1.0,25.72,2.5,0.0
2,2023-09-10 23:55:00,2023-09-11 00:27:00,2,0.46,2,N,93,171,1,3.0,3.5,0.5,10.94,0.0,1.0,23.19,2.5,1.75
1,2023-09-11 00:39:00,2023-09-11 00:53:00,1,0.35,4,N,207,27,1,7.63,1.0,0.5,0.55,6.55,1.0,21.48,2.5,1.75
2,2023-09-11 05:42:00,2023-09-11 06:05:00,1,6.2,1,N,227,89,1,19.85,0.5,0.5,2.85,6.55,1.0,35.5,2.5,1.75
1,2023-09-11 07:38:00,2023-09-11 08:12:00,4,1.18,1,N,69,129,1,10.51,0.0,0.5,1.3,6.55,1.0,22.36,2.5,0.0
2,2023-09-11 11:06:00,2023-09-11 11:54:00,1,0.64,1,N,139,213,1,3.29,2.5,0.5,4.11,0.0,1.0,13.9,2.5,0.0
2,2023-09-11 11:56:00,2023-09-11 12:12:00,1,4.48,1,N,38,104,1,6.9,0.5,0.5,0.45,0.0,1.0,11.85,2.5,0.0
1,2023-09-11 12:20:00,2023-09-11 13:03:00,3,5.14,1,N,102,258,1,17.14,3.5,0.5,1.85,6.55,1.0,30.54,0.0,0.0
2,2023-09-11 16:41:00,2023-09-11 17:18:00,1,1.32,1,N,9,252,1,4.8,2.5,0.5,1.05,0.0,1.0,12.35,2.5,0.0
1,2023-09-11 17:00:00,2023-09-11 17:20:00,1,3.04,1,N,215,25,2,16.81,0.0,0.5,0.82,6.55,1.0,25.68,0.0,0.0
2,2023-09-11 17:51:00,2023-09-11 18:40:00,1,3.53,1,N,247,204,1,30.06,3.5,0.5,2.38,6.55,1.0,46.49,2.5,0.0
2,2023-09-11 18:46:00,2023-09-11 19:18:00,1,2.61,1,N,174,120,1,11.56,0.0,0.5,0.43,6.55,1.0,22.54,2.5,0.0
2,2023-09-11 19:04:00,2023-09-11 19:47:00,1,10.91,1,N,222,231,1,34.77,3.5,0.5,1.66,0.0,1.0,41.43,0.0,0.0
2,2023-09-12 01:01:00,2023-09-12 01:28:00,1,0.62,1,N,232,209,1,5.62,0.5,0.5,0.2,0.0,1.0,7.82,0.0,0.0
1,2023-09-12 01:18:00,2023-09-12 02:08:00,1,2.81,1,Y,138,260,1,14.98,3.5,0.5,0.21,0.0,1.0,20.19,0.0,0.0
2,2023-09-12 01:51:00,2023-09-12 02:11:00,1,1.24,1,N,195,146,1,8.08,1.0,0.5,0.76,0.0,1.0,13.84,2.5,0.0
2,2023-09-12 02:10:00,2023-09-12 02:23:00,2,1.67,2,N,37,55,1,9.35,0.0,0.5,0.22,0.0,1.0,11.07,0.0,0.0
2,2023-09-12 02:18:00,2023-09-12 02:37:00,2,0.93,1,N,126,219,1,37.22,2.5,0.5,9.44,0.0,1.0,53.16,2.5,0.0
2,2023-09-12 04:08:00,2023-09-12 04:19:00,1,5.01,1,N,195,20,1,3.16,2.5,0.5,4.94,0.0,1.0,14.6,2.5,0.0
1,2023-09-12 05:21:00,2023-09-12 05:29:00,1,6.43,1,N,140,254,2,14.37,1.0,0.5,0.07,6.55,1.0,25.99,2.5,0.0
2,2023-09-12 06:22:00,2023-09-12 07:13:00,1,0.63,3,N,99,57,1,57.89,0.0,0.5,0.72,6.55,1.0,66.66,0.0,0.0
2,2023-09-12 08:05:00,2023-09-12 08:10:00,4,2.29,1,N,116,25,1,15.17,0.5,0.5,1.14,6.55,1.0,27.36,2.5,0.0
1,2023-09-12 09:26:00,2023-09-12 09:59:00,5,5.21,1,N,114,199,1,22.63,2.5,0.5,2.43,0.0,1.0,29.06,0.0,0.0
1,2023-09-12 09:30:00,2023-09-12 09:45:00,2,2.99,1,N,179,54,1,16.01,1.0,0.5,0.97,0.0,1.0,23.73,2.5,1.75
2,2023-09-12 13:37:00,2023-09-12 14:34:00,1,0.59,1,N,112,117,1,15.91,3.5,0.5,1.64,6.55,1.0,31.6,2.5,0.0
2,2023-09-12 14:45:00,2023-09-12 15:40:00,1,2.18,3,N,212,40,1,18.19,2.5,0.5,1.35,0.0,1.0,26.04,2.5,0.0
2,2023-09-12 17:44:00,2023-09-12 18:27:00,5,1.84,1,Y,223,82,3,5.26,3.5,0.5,0.26,0.0,1.0,10.52,0.0,0.0
2,2023-09-12 19:36:00,2023-09-12 20:08:00,1,0.43,1,N,27,79,1,10.55,0.5,0.5,0.64,6.55,1.0,22.24,2.5,0.0
2,2023-09-12 20:43:00,2023-09-12 21:15:00,1,0.49,1,N,28,184,1,6.64,2.5,0.5,0.56,0.0,1.0,13.7,2.5,0.0
1,2023-09-13 00:57:00,2023-09-13 01:03:00,1,3.04,1,N,100,109,1,27.8,0.5,0.5,1.44,6.55,1.0,40.29,2.5,0.0
1,2023-09-13 03:56:00,2023-09-13 04:45:00,1,1.56,1,N,233,5,1,3.32,1.0,0.5,0.75,6.55,1.0,15.62,2.5,0.0
2,2023-09-13 06:10:00,2023-09-13 06:52:00,1,0.4,1,N,121,79,1,27.65,3.5,0.5,2.3,0.0,1.0,39.2,2.5,1.75
1,2023-09-13 07:11:00,2023-09-13 08:10:00,1,7.7,1,Y,147,151,1,9.21,1.0,0.5,4.58,0.0,1.0,18.79,2.5,0.0
1,2023-09-13 07:34:00,2023-09-13 07:40:00,2,2.4,1,N,25,76,1,3.63,3.5,0.5,0.03,0.0,1.0,11.16,2.5,0.0
1,2023-09-13 09:07:00,2023-09-13 10:00:00,1,4.97,1,N,222,261,3,3.83,2.5,0.5,3.16,0.0,1.0,13.49,2.5,0.0
1,2023-09-13 11:34:00,2023-09-13 12:13:00,1,2.9,1,N,211,226,1,3.19,3.5,0.5,1.9,0.0,1.0,12.59,2.5,0.0
1,2023-09-13 15:17:00,2023-09-13 16:14:00,1,3.85,1,N,199,70,1,15.69,0.0,0.5,0.01,6.55,1.0,23.75,0.0,0.0
1,2023-09-13 17:06:00,2023-09-13 17:20:00,1,1.38,1,N,196,1,1,26.82,0.0,0.5,0.38,0.0,1.0,28.7,0.0,0.0
2,2023-09-13 17:32:00,2023-09-13 17:56:00,1,0.62,1,N,119,171,4,10.18,2.5,0.5,0.73,0.0,1.0,17.41,2.5,0.0
2,2023-09-13 17:46:00,2023-09-13 18:02:00,1,3.04,1,N,52,179,1,25.05,3.5,0.5,1.7,0.0,1.0,31.75,0.0,0.0
2,2023-09-13 19:37:00,2023-09-13 20:27:00,1,4.72,2,N,257,182,1,11.57,1.0,0.5,4.03,0.0,1.0,20.6,2.5,0.0
1,2023-09-13 20:32:00,2023-09-13 21:11:00,3,1.96,1,N,155,164,1,10.71,3.5,0.5,1.32,0.0,1.0,19.53,2.5,0.0
1,2023-09-13 20:44:00,2023-09-13 20:51:00,3,1.23,1,N,136,138,1,21.57,1.0,0.5,2.34,0.0,1.0,28.91,2.5,0.0
2,2023-09-13 20:52:00,2023-09-13 21:16:00,1,3.94,1,N,23,236,1,27.56,0.5,0.5,2.22,6.55,1.0,38.33,0.0,0.0
2,2023-09-13 21:41:00,2023-09-13 21:56:00,1,1.47,1,N,250,141,2,22.9,2.5,0.5,5.76,6.55,1.0,41.71,2.5,0.0
1,2023-09-13 23:02:00,2023-09-13 23:50:00,1,1.68,1,N,85,77,1,5.7,0.5,0.5,1.31,0.0,1.0,11.51,2.5,0.0
2,2023-09-13 23:35:00,2023-09-14 00:07:00,1,3.38,1,Y,98,84,2,36.85,3.5,0.5,1.28,0.0,1.0,43.13,0.0,0.0
1,2023-09-14 00:15:00,2023-09-14 00:48:00,1,0.56,1,N,84,234,1,3.23,1.0,0.5,4.59,0.0,1.0,12.82,2.5,0.0
2,2023-09-14 02:00:00,2023-09-14 02:43:00,1,0.63,1,N,91,126,1,35.82,0.5,0.5,0.01,6.55,1.0,46.88,2.5,0.0
1,2023-09-14 03:43:00,2023-09-14 04:37:00,1,0.76,1,N,80,101,1,8.95,2.5,0.5,0.82,6.55,1.0,20.32,0.0,0.0
2,2023-09-14 06:40:00,2023-09-14 07:12:00,2,3.69,1,N,201,222,1,41.96,3.5,0.5,0.0,6.55,1.0,53.51,0.0,0.0
1,2023-09-14 11:49:00,2023-09-14 12:23:00,3,1.25,1,N,181,237,1,21.45,1.0,0.5,0.09,0.0,1.0,26.54,2.5,0.0
2,2023-09-14 11:59:00,2023-09-14 12:35:00,2,1.63,3,N,254,17,1,19.42,1.0,0.5,2.02,0.0,1.0,26.44,2.5,0.0
2,2023-09-14 12:00:00,2023-09-14 12:15:00,1,1.83,1,N,236,120,2,5.04,1.0,0.5,0.56,6.55,1.0,17.15,2.5,0.0
2,2023-09-14 13:10:00,2023-09-14 13:40:00,1,2.01,1,N,64,141,1,9.67,1.0,0.5,1.53,0.0,1.0,16.2,2.5,0.0
2,2023-09-14 14:04:00,2023-09-14 14:17:00,1,1.12,1,N,121,24,1,19.6,0.5,0.5,5.16,0.0,1.0,29.26,2.5,0.0
2,2023-09-14 15:59:00,2023-09-14 16:53:00,2,7.44,1,N,262,258,1,5.66,2.5,0.5,3.95,6.55,1.0,22.66,2.5,0.0
2,2023-09-14 17:13:00,2023-09-14 17:23:00,1,0.92,1,N,25,245,2,45.99,3.5,0.5,6.18,6.55,1.0,66.22,2.5,0.0
1,2023-09-14 18:18:00,2023-09-14 18:46:00,1,0.7,1,N,133,154,1,50.07,3.5,0.5,0.14,0.0,1.0,56.96,0.0,1.75
2,2023-09-14 19:56:00,2023-09-14 20:48:00,3,0.64,1,N,122,187,1,6.4,2.5,0.5,8.82,6.55,1.0,28.27,2.5,0.0
1,2023-09-15 01:51:00,2023-09-15 02:50:00,1,2.25,1,N,108,121,1,51.47,0.0,0.5,5.38,0.0,1.0,60.85,2.5,0.0
1,2023-09-15 02:50:00,2023-09-15 03:36:00,2,0.35,1,N,122,135,2,40.37,0.0,0.5,0.74,0.0,1.0,42.61,0.0,0.0
2,2023-09-15 04:01:00,2023-09-15 04:39:00,5,2.92,1,N,14,233,1,25.12,3.5,0.5,2.05,0.0,1.0,34.67,2.5,0.0
1,2023-09-15 05:36:00,2023-09-15 06:19:00,1,7.07,1,N,207,123,1,11.55,0.0,0.5,0.16,6.55,1.0,22.26,2.5,0.0
1,2023-09-15 08:48:00,2023-09-15 09:26:00,1,10.38,1,N,46,95,1,4.49,0.0,0.5,0.16,0.0,1.0,8.65,2.5,0.0
2,2023-09-15 08:48:00,2023-09-15 09:25:00,1,2.98,1,N,116,212,1,17.7,2.5,0.5,0.81,0.0,1.0,22.51,0.0,0.0
2,2023-09-15 12:58:00,2023-09-15 13:24:00,1,3.05,1,N,154,251,2,64.23,1.0,0.5,0.85,6.55,1.0,76.63,2.5,0.0
2,2023-09-15 14:45:00,2023-09-15 15:08:00,1,1.97,1,N,218,145,1,17.42,2.5,0.5,2.46,0.0,1.0,28.13,2.5,1.75
1,2023-09-15 15:20:00,2023-09-15 15:35:00,2,1.14,1,N,99,32,1,3.28,1.0,0.5,0.23,6.55,1.0,15.06,2.5,0.0
2,2023-09-15 19:13:00,2023-09-15 20:04:00,1,0.6,1,N,246,240,1,15.69,2.5,0.5,1.84,0.0,1.0,24.03,2.5,0.0
2,2023-09-15 21:04:00,2023-09-15 21:52:00,1,3.09,1,N,60,256,2,12.15,0.5,0.5,0.42,6.55,1.0,23.62,2.5,0.0
1,2023-09-15 21:29:00,2023-09-15 22:12:00,1,1.18,1,N,68,225,1,16.4,0.0,0.5,0.69,6.55,1.0,27.64,2.5,0.0
2,2023-09-15 23:53:00,2023-09-16 00:10:00,1,3.05,1,N,15,102,1,30.98,0.5,0.5,6.03,6.55,1.0,48.06,2.5,0.0
1,2023-09-16 01:22:00,2023-09-16 01:41:00,4,1.17,1,N,116,201,1,45.37,2.5,0.5,3.88,0.0,1.0,53.25,0.0,0.0
2,2023-09-16 01:36:00,2023-09-16 02:09:00,1,0.48,1,N,51,247,1,17.34,0.5,0.5,3.67,0.0,1.0,25.51,2.5,0.0
1,2023-09-16 05:32:00,2023-09-16 06:01:00,2,1.92,1,N,128,47,1,41.94,0.5,0.5,2.94,6.55,1.0,53.43,0.0,0.0
1,2023-09-16 06:43:00,2023-09-16 07:22:00,1,3.92,1,N,217,124,1,7.51,3.5,0.5,2.92,0.0,1.0,17.93,2.5,0.0
2,2023-09-16 06:51:00,2023-09-16 07:39:00,1,0.61,1,N,257,83,1,46.86,2.5,0.5,0.46,6.55,1.0,60.37,2.5,0.0
2,2023-09-16 07:54:00,2023-09-16 08:42:00,1,0.41,3,N,17,136,1,8.11,2.5,0.5,2.14,0.0,1.0,16.0,0.0,1.75
2,2023-09-16 08:13:00,2023-09-16 08:56:00,1,2.98,3,N,202,84,1,12.31,3.5,0.5,3.14,0.0,1.0,20.45,0.0,0.0
2,2023-09-16 08:47:00,2023-09-16 09:03:00,4,1.32,2,N,4,200,1,18.97,1.0,0.5,4.05,6.55,1.0,32.07,0.0,0.0
1,2023-09-16 08:50:00,2023-09-16 09:25:00,2,7.12,2,N,46,208,1,22.92,3.5,0.5,1.51,0.0,1.0,31.93,2.5,0.0
1,2023-09-16 09:59:00,2023-09-16 10:12:00,3,4.95,1,N,70,150,2,19.32,0.5,0.5,0.08,6.55,1.0,30.45,2.5,0.0
2,2023-09-16 12:11:00,2023-09-16 12:48:00,1,3.54,1,N,261,228,1,43.49,0.0,0.5,1.58,0.0,1.0,49.07,2.5,0.0
2,2023-09-16 12:42:00,2023-09-16 13:11:00,2,0.66,1,N,168,91,2,3.25,0.5,0.5,0.03,0.0,1.0,9.53,2.5,1.75
2,2023-09-16 13:39:00,2023-09-16 14:29:00,1,6.74,1,N,66,253,1,14.14,2.5,0.5,1.4,6.55,1.0,28.59,2.5,0.0
1,2023-09-16 14:10:00,2023-09-16 14:44:00,1,12.77,1,N,98,24,1,13.41,0.5,0.5,5.65,6.55,1.0,30.11,2.5,0.0
1,2023-09-16 14:37:00,2023-09-16 15:10:00,1,1.93,4,N,145,70,1,10.05,0.0,0.5,0.6,0.0,1.0,12.15,0.0,0.0
1,2023-09-16 17:58:00,2023-09-16 18:36:00,1,3.56,1,N,160,151,1,34.1,0.5,0.5,1.56,0.0,1.0,39.41,0.0,1.75
2,2023-09-16 20:58:00,2023-09-16 21:38:00,1,8.46,2,N,257,58,1,16.43,2.5,0.5,2.16,0.0,1.0,26.84,2.5,1.75
2,2023-09-16 21:38:00,2023-09-16 22:30:00,2,3.89,1,N,66,96,1,27.45,1.0,0.5,0.29,6.55,1.0,36.79,0.0,0.0
1,2023-09-17 03:52:00,2023-09-17 04:21:00,1,8.6,1,N,18,230,1,26.81,0.0,0.5,1.25,6.55,1.0,36.11,0.0,0.0
2,2023-09-17 04:16:00,2023-09-17 05:03:00,3,1.99,1,N,43,175,2,4.12,2.5,0.5,2.77,0.0,1.0,10.89,0.0,0.0
1,2023-09-17 04:20:00,2023-09-17 04:59:00,1,6.36,1,N,88,257,1,21.0,1.0,0.5,0.94,6.55,1.0,33.49,2.5,0.0
2,2023-09-17 07:13:00,2023-09-17 07:59:00,1,1.87,1,N,77,110,1,36.23,0.5,0.5,7.18,6.55,1.0,54.46,2.5,0.0
2,2023-09-17 10:56:00,2023-09-17 11:33:00,4,1.2,1,N,113,129,1,16.05,0.5,0.5,1.6,0.0,1.0,22.15,2.5,0.0
2,2023-09-17 11:12:00,2023-09-17 11:39:00,1,10.54,1,N,94,51,2,18.71,3.5,0.5,0.99,6.55,1.0,35.5,2.5,1.75
2,2023-09-17 12:26:00,2023-09-17 12:49:00,1,0.67,1,N,31,243,4,34.91,3.5,0.5,5.79,0.0,1.0,48.2,2.5,0.0
2,2023-09-17 20:09:00,2023-09-17 20:57:00,1,0.9,1,N,78,46,1,18.42,1.0,0.5,2.57,0.0,1.0,25.99,2.5,0.0
2,2023-09-17 21:06:00,2023-09-17 21:26:00,4,3.42,1,N,193,131,2,22.02,0.5,0.5,3.24,0.0,1.0,29.76,2.5,0.0
2,2023-09-17 22:33:00,2023-09-17 23:22:00,1,1.3,2,N,191,165,1,33.23,0.5,0.5,0.66,0.0,1.0,40.14,2.5,1.75
2,2023-09-17 23:28:00,2023-09-18 00:10:00,2,4.27,1,N,15,92,1,12.39,2.5,0.5,2.41,0.0,1.0,21.3,2.5,0.0
2,2023-09-18 01:24:00,2023-09-18 02:22:00,3,1.81,1,N,179,126,1,3.32,0.0,0.5,0.11,6.55,1.0,13.98,2.5,0.0
2,2023-09-18 01:25:00,2023-09-18 02:12:00,1,1.03,1,N,7,140,2,28.2,2.5,0.5,3.04,0.0,1.0,37.74,2.5,0.0
1,2023-09-18 05:05:00,2023-09-18 05:15:00,1,10.21,1,N,113,139,1,16.4,1.0,0.5,0.12,6.55,1.0,25.57,0.0,0.0
2,2023-09-18 05:10:00,2023-09-18 05:50:00,2,1.36,1,N,33,132,1,5.73,1.0,0.5,0.16,0.0,1.0,12.64,2.5,1.75
2,2023-09-18 05:43:00,2023-09-18 06:27:00,1,2.45,1,N,166,134,2,5.15,2.5,0.5,2.23,6.55,1.0,20.43,2.5,0.0
2,2023-09-18 09:59:00,2023-09-18 10:11:00,1,4.04,1,N,67,104,1,7.8,0.0,0.5,4.4,6.55,1.0,22.75,2.5,0.0
2,2023-09-18 10:37:00,2023-09-18 11:20:00,1,2.0,1,N,16,113,1,8.18,3.5,0.5,1.62,0.0,1.0,17.3,2.5,0.0
2,2023-09-18 13:53:00,2023-09-18 14:40:00,3,0.56,2,N,24,236,2,11.86,0.5,0.5,0.6,6.55,1.0,21.01,0.0,0.0
2,2023-09-18 15:25:00,2023-09-18 15:47:00,1,1.3,1,N,81,156,1,14.7,3.5,0.5,0.45,0.0,1.0,22.65,2.5,0.0
2,2023-09-18 19:32:00,2023-09-18 20:06:00,1,4.47,1,N,117,173,1,12.79,0.5,0.5,1.96,6.55,1.0,25.8,2.5,0.0
1,2023-09-18 21:53:00,2023-09-18 22:02:00,1,1.27,1,N,248,176,1,37.95,0.5,0.5,3.19,0.0,1.0,45.64,2.5,0.0
1,2023-09-19 00:14:00,2023-09-19 00:20:00,1,3.54,1,N,130,68,1,28.82,1.0,0.5,2.07,0.0,1.0,33.39,0.0,0.0
2,2023-09-19 00:57:00,2023-09-19 01:31:00,1,1.02,1,N,219,171,4,15.21,2.5,0.5,4.37,0.0,1.0,23.58,0.0,0.0
2,2023-09-19 02:00:00,2023-09-19 02:32:00,1,0.99,1,N,207,166,1,9.91,0.0,0.5,0.13,0.0,1.0,14.04,2.5,0.0
2,2023-09-19 03:16:00,2023-09-19 03:31:00,4,2.75,1,N,152,76,1,8.43,0.5,0.5,0.54,0.0,1.0,13.47,2.5,0.0
1,2023-09-19 03:27:00,2023-09-19 03:51:00,1,3.13,1,N,216,78,1,18.73,3.5,0.5,1.49,6.55,1.0,33.52,0.0,1.75
1,2023-09-19 04:07:00,2023-09-19 04:26:00,1,1.4,1,N,45,159,1,4.59,0.5,0.5,2.97,0.0,1.0,12.06,2.5,0.0
2,2023-09-19 05:48:00,2023-09-19 06:41:00,1,0.74,1,N,189,77,1,7.36,0.5,0.5,0.14,6.55,1.0,18.55,2.5,0.0
1,2023-09-19 08:49:00,2023-09-19 09:41:00,1,1.63,1,N,181,96,1,5.93,3.5,0.5,2.29,0.0,1.0,15.72,2.5,0.0
2,2023-09-19 15:02:00,2023-09-19 15:23:00,1,1.22,3,N,24,77,1,10.37,2.5,0.5,0.53,0.0,1.0,17.4,2.5,0.0
2,2023-09-19 15:54:00,2023-09-19 16:20:00,1,3.66,1,N,19,157,1,11.98,0.0,0.5,3.12,6.55,1.0,27.4,2.5,1.75
1,2023-09-19 16:26:00,2023-09-19 17:09:00,1,0.97,1,N,131,219,1,8.86,3.5,0.5,0.64,6.55,1.0,21.05,0.0,0.0
2,2023-09-19 16:36:00,2023-09-19 17:15:00,1,1.43,1,N,237,151,1,27.54,1.0,0.5,10.44,0.0,1.0,40.48,0.0,0.0
2,2023-09-19 17:36:00,2023-09-19 17:44:00,4,1.21,1,N,23,92,1,3.84,0.0,0.5,0.4,6.55,1.0,14.79,2.5,0.0
2,2023-09-19 18:45:00,2023-09-19 19:14:00,1,2.38,1,N,23,116,2,16.3,1.0,0.5,0.88,6.55,1.0,28.73,2.5,0.0
1,2023-09-19 22:17:00,2023-09-19 22:54:00,1,3.97,3,N,167,112,1,21.99,2.5,0.5,3.39,0.0,1.0,31.88,2.5,0.0
2,2023-09-20 03:41:00,2023-09-20 04:12:00,1,4.42,1,N,127,147,1,10.27,0.5,0.5,2.09,0.0,1.0,18.61,2.5,1.75
2,2023-09-20 04:19:00,2023-09-20 04:41:00,1,0.38,1,N,41,123,2,8.64,2.5,0.5,1.0,0.0,1.0,16.14,2.5,0.0
2,2023-09-20 08:52:00,2023-09-20 09:12:00,1,6.81,1,N,222,141,1,4.32,0.5,0.5,3.95,6.55,1.0,19.32,2.5,0.0
2,2023-09-20 08:56:00,2023-09-20 09:15:00,2,7.4,1,N,110,155,1,35.75,1.0,0.5,9.11,0.0,1.0,49.86,2.5,0.0
2,2023-09-20 09:24:00,2023-09-20 10:22:00,1,4.22,2,N,23,18,1,7.85,0.0,0.5,2.3,6.55,1.0,20.7,2.5,0.0
2,2023-09-20 09:24:00,2023-09-20 09:39:00,2,0.36,1,N,160,9,1,30.32,3.5,0.5,24.29,0.0,1.0,59.61,0.0,0.0
2,2023-09-20 09:49:00,2023-09-20 10:21:00,1,1.99,1,N,257,167,2,3.21,0.5,0.5,0.6,6.55,1.0,14.86,2.5,0.0
2,2023-09-20 11:32:00,2023-09-20 11:38:00,1,1.52,1,N,88,186,1,24.88,0.0,0.5,5.03,0.0,1.0,31.41,0.0,0.0
2,2023-09-20 14:45:00,2023-09-20 15:03:00,1,0.92,1,N,70,73,1,24.81,3.5,0.5,1.21,0.0,1.0,31.02,0.0,0.0
2,2023-09-20 15:09:00,2023-09-20 16:07:00,1,2.46,1,Y,115,121,1,18.8,2.5,0.5,1.47,6.55,1.0,33.32,2.5,0.0
1,2023-09-20 17:36:00,2023-09-20 18:13:00,5,1.19,1,N,232,62,1,4.23,0.0,0.5,3.81,6.55,1.0,18.59,2.5,0.0
2,2023-09-20 18:27:00,2023-09-20 19:22:00,1,2.06,1,N,94,40,1,11.55,1.0,0.5,4.76,0.0,1.0,21.31,2.5,0.0
1,2023-09-20 19:02:00,2023-09-20 19:39:00,1,0.4,1,N,151,102,1,10.98,0.5,0.5,0.77,0.0,1.0,16.25,2.5,0.0
1,2023-09-20 20:00:00,2023-09-20 20:32:00,4,0.84,1,N,82,202,4,9.55,0.5,0.5,1.29,6.55,1.0,23.64,2.5,1.75
1,2023-09-20 20:16:00,2023-09-20 21:13:00,1,1.43,1,N,215,96,2,43.83,0.5,0.5,0.52,6.55,1.0,55.4,2.5,0.0
1,2023-09-20 21:04:00,2023-09-20 21:14:00,1,0.85,1,N,154,214,1,24.34,3.5,0.5,1.27,0.0,1.0,33.11,2.5,0.0
2,2023-09-20 22:21:00,2023-09-20 22:28:00,3,2.62,1,N,162,258,1,19.76,0.5,0.5,4.95,0.0,1.0,29.21,2.5,0.0
2,2023-09-21 02:52:00,2023-09-21 03:41:00,1,1.86,1,N,257,130,1,4.24,2.5,0.5,5.14,6.55,1.0,22.43,2.5,0.0
2,2023-09-21 05:19:00,2023-09-21 06:10:00,1,3.91,1,N,17,217,3,11.78,0.5,0.5,2.98,6.55,1.0,25.81,2.5,0.0
2,2023-09-21 09:10:00,2023-09-21 09:29:00,1,5.72,1,N,249,82,1,20.93,3.5,0.5,8.64,6.55,1.0,41.12,0.0,0.0
2,2023-09-21 11:33:00,2023-09-21 12:17:00,1,12.08,1,N,252,141,2,7.23,0.0,0.5,6.22,0.0,1.0,17.45,2.5,0.0
2,2023-09-21 13:02:00,2023-09-21 13:36:00,1,0.43,1,N,87,81,1,4.1,0.5,0.5,0.28,0.0,1.0,8.88,2.5,0.0
1,2023-09-21 13:04:00,2023-09-21 13:40:00,1,0.57,1,N,138,15,1,7.33,3.5,0.5,1.47,6.55,1.0,22.85,2.5,0.0
1,2023-09-21 13:51:00,2023-09-21 14:12:00,1,3.18,1,N,104,80,1,6.38,0.5,0.5,2.79,0.0,1.0,11.17,0.0,0.0
2,2023-09-21 13:53:00,2023-09-21 13:59:00,2,0.98,1,N,241,74,1,30.03,2.5,0.5,4.81,0.0,1.0,41.34,2.5,0.0
1,2023-09-21 14:33:00,2023-09-21 14:58:00,1,4.33,1,N,244,221,1,41.85,1.0,0.5,3.64,0.0,1.0,49.74,0.0,1.75
2,2023-09-21 15:33:00,2023-09-21 15:39:00,1,1.87,1,N,129,191,1,18.14,2.5,0.5,0.85,0.0,1.0,25.49,2.5,0.0
2,2023-09-21 17:07:00,2023-09-21 17:44:00,1,1.3,1,N,245,115,1,8.59,2.5,0.5,6.09,0.0,1.0,21.18,2.5,0.0
2,2023-09-21 19:02:00,2023-09-21 19:11:00,1,1.77,1,N,33,245,1,11.98,2.5,0.5,1.72,0.0,1.0,20.2,2.5,0.0
1,2023-09-21 21:09:00,2023-09-21 21:35:00,1,1.03,3,N,126,236,1,25.94,0.5,0.5,1.91,6.55,1.0,40.65,2.5,1.75
2,2023-09-21 21:22:00,2023-09-21 21:28:00,1,4.46,1,N,181,102,1,26.31,0.0,0.5,0.47,0.0,1.0,30.78,2.5,0.0
1,2023-09-21 22:29:00,2023-09-21 22:52:00,1,1.9,1,N,151,81,1,7.51,0.0,0.5,1.2,0.0,1.0,12.71,2.5,0.0
2,2023-09-22 00:11:00,2023-09-22 00:47:00,5,0.51,3,N,246,2,1,5.66,2.5,0.5,2.14,0.0,1.0,11.8,0.0,0.0
1,2023-09-22 00:12:00,2023-09-22 00:40:00,1,1.03,1,N,225,5,1,15.38,1.0,0.5,1.96,6.55,1.0,28.89,2.5,0.0
2,2023-09-22 07:16:00,2023-09-22 08:10:00,1,2.43,1,N,241,9,1,9.43,1.0,0.5,1.11,0.0,1.0,15.54,2.5,0.0
2,2023-09-22 07:54:00,2023-09-22 08:52:00,1,1.55,1,N,171,70,1,38.26,1.0,0.5,2.57,0.0,1.0,45.83,2.5,0.0
1,2023-09-22 09:14:00,2023-09-22 10:10:00,1,2.12,1,N,23,135,1,10.92,0.5,0.5,1.84,0.0,1.0,17.26,2.5,0.0
2,2023-09-22 13:35:00,2023-09-22 13:55:00,5,7.09,1,N,45,218,1,4.32,0.0,0.5,1.04,0.0,1.0,6.86,0.0,0.0
2,2023-09-22 14:09:00,2023-09-22 14:31:00,2,5.64,1,N,41,251,1,25.14,0.0,0.5,1.86,0.0,1.0,31.0,2.5,0.0
1,2023-09-22 14:50:00,2023-09-22 15:17:00,1,4.25,1,N,31,193,2,39.79,0.5,0.5,3.36,6.55,1.0,55.95,2.5,1.75
2,2023-09-22 19:25:00,2023-09-22 19:51:00,1,3.05,1,N,122,78,1,44.13,0.5,0.5,1.81,0.0,1.0,50.44,2.5,0.0
2,2023-09-23 05:15:00,2023-09-23 05:44:00,1,0.51,1,N,88,81,1,15.86,0.5,0.5,1.98,0.0,1.0,22.34,2.5,0.0
2,2023-09-23 17:30:00,2023-09-23 18:02:00,1,1.64,1,N,29,88,1,3.55,0.5,0.5,4.28,0.0,1.0,12.33,2.5,0.0
2,2023-09-23 18:08:00,2023-09-23 18:24:00,1,2.55,1,N,49,174,1,4.63,1.0,0.5,3.97,0.0,1.0,13.6,2.5,0.0
2,2023-09-23 18:26:00,2023-09-23 19:04:00,1,1.83,1,N,151,229,4,3.94,0.5,0.5,0.82,6.55,1.0,15.81,2.5,0.0
2,2023-09-23 18:49:00,2023-09-23 19:46:00,1,0.56,1,N,261,16,1,6.59,3.5,0.5,2.98,0.0,1.0,17.07,2.5,0.0
2,2023-09-23 18:56:00,2023-09-23 19:55:00,3,3.27,1,N,239,213,1,12.91,0.5,0.5,4.7,6.55,1.0,28.66,2.5,0.0
1,2023-09-23 20:11:00,2023-09-23 21:06:00,1,0.46,1,N,154,234,1,6.62,2.5,0.5,0.2,0.0,1.0,13.32,2.5,0.0
2,2023-09-23 21:05:00,2023-09-23 21:13:00,3,0.62,1,N,45,226,1,3.96,2.5,0.5,3.91,6.55,1.0,20.92,2.5,0.0
2,2023-09-24 00:31:00,2023-09-24 01:05:00,1,9.4,1,N,136,137,2,8.05,0.0,0.5,0.02,6.55,1.0,18.62,2.5,0.0
1,2023-09-24 01:00:00,2023-09-24 01:05:00,1,0.56,1,N,38,258,1,12.35,0.0,0.5,0.85,6.55,1.0,23.75,2.5,0.0
2,2023-09-24 01:52:00,2023-09-24 02:38:00,1,1.67,1,N,112,167,1,11.2,3.5,0.5,1.4,0.0,1.0,17.6,0.0,0.0
1,2023-09-24 01:52:00,2023-09-24 02:11:00,2,2.67,1,N,207,106,1,18.22,0.5,0.5,6.01,0.0,1.0,26.23,0.0,0.0
2,2023-09-24 05:55:00,2023-09-24 06:21:00,2,2.19,1,N,171,2,2,14.35,0.5,0.5,1.37,0.0,1.0,20.22,2.5,0.0
1,2023-09-24 14:54:00,2023-09-24 15:22:00,2,0.77,1,N,10,134,1,17.21,2.5,0.5,0.69,6.55,1.0,28.45,0.0,0.0
1,2023-09-24 17:13:00,2023-09-24 17:30:00,1,1.06,1,N,91,244,2,26.75,3.5,0.5,0.1,0.0,1.0,34.35,2.5,0.0
2,2023-09-24 17:36:00,2023-09-24 18:07:00,1,1.18,1,N,138,223,1,11.85,2.5,0.5,14.37,0.0,1.0,32.72,2.5,0.0
1,2023-09-24 19:13:00,2023-09-24 19:40:00,1,0.34,1,N,197,96,1,13.5,2.5,0.5,3.57,0.0,1.0,23.57,2.5,0.0
2,2023-09-24 22:10:00,2023-09-24 22:48:00,1,2.97,1,N,15,50,1,5.85,0.0,0.5,0.59,6.55,1.0,14.49,0.0,0.0
2,2023-09-25 01:43:00,2023-09-25 02:10:00,3,1.13,2,N,117,253,1,31.21,0.5,0.5,5.68,6.55,1.0,47.94,2.5,0.0
1,2023-09-25 03:21:00,2023-09-25 03:52:00,1,1.07,1,N,110,100,1,13.64,2.5,0.5,2.08,0.0,1.0,19.72,0.0,0.0
2,2023-09-25 03:48:00,2023-09-25 04:47:00,1,4.27,1,N,154,3,1,10.73,0.5,0.5,0.82,0.0,1.0,16.05,2.5,0.0
2,2023-09-25 05:14:00,2023-09-25 05:25:00,2,0.32,1,N,119,154,1,37.73,2.5,0.5,2.61,0.0,1.0,46.84,2.5,0.0
1,2023-09-25 06:25:00,2023-09-25 07:15:00,1,2.0,1,N,103,142,1,29.67,3.5,0.5,0.0,6.55,1.0,41.22,0.0,0.0
2,2023-09-25 06:50:00,2023-09-25 07:46:00,1,2.29,4,N,224,2,1,18.52,0.5,0.5,1.31,6.55,1.0,30.88,2.5,0.0
2,2023-09-25 10:54:00,2023-09-25 11:36:00,1,7.37,1,N,96,22,3,4.87,0.0,0.5,5.98,6.55,1.0,21.4,2.5,0.0
2,2023-09-25 20:13:00,2023-09-25 20:32:00,1,1.85,1,N,1,21,2,8.19,1.0,0.5,0.62,0.0,1.0,13.81,2.5,0.0
2,2023-09-25 21:37:00,2023-09-25 22:26:00,2,1.59,1,N,127,248,1,23.73,1.0,0.5,1.28,0.0,1.0,30.01,2.5,0.0
2,2023-09-25 23:33:00,2023-09-26 00:24:00,4,0.77,1,N,93,262,1,9.68,1.0,0.5,1.5,6.55,1.0,22.73,2.5,0.0
2,2023-09-26 00:05:00,2023-09-26 00:13:00,1,3.76,1,Y,90,8,1,10.95,3.5,0.5,0.36,0.0,1.0,18.81,2.5,0.0
2,2023-09-26 00:24:00,2023-09-26 01:09:00,3,3.18,1,N,6,164,1,3.31,3.5,0.5,2.08,0.0,1.0,12.89,2.5,0.0
2,2023-09-26 00:26:00,2023-09-26 01:19:00,1,0.88,1,N,140,166,1,3.84,0.5,0.5,2.56,0.0,1.0,10.9,2.5,0.0
1,2023-09-26 04:33:00,2023-09-26 04:58:00,4,4.82,1,N,110,123,1,12.5,3.5,0.5,0.39,0.0,1.0,19.64,0.0,1.75
2,2023-09-26 04:53:00,2023-09-26 05:19:00,4,0.57,1,N,74,183,1,19.93,0.5,0.5,12.71,6.55,1.0,43.69,2.5,0.0
2,2023-09-26 06:48:00,2023-09-26 07:09:00,1,0.87,1,N,92,183,1,20.04,2.5,0.5,2.55,6.55,1.0,37.39,2.5,1.75
2,2023-09-26 07:10:00,2023-09-26 07:40:00,2,1.41,1,N,44,63,1,8.5,0.5,0.5,3.1,0.0,1.0,16.1,2.5,0.0
2,2023-09-26 09:26:00,2023-09-26 09:54:00,1,2.78,1,N,162,14,1,10.16,3.5,0.5,1.94,0.0,1.0,19.6,2.5,0.0
2,2023-09-26 11:14:00,2023-09-26 11:59:00,1,1.28,2,N,71,226,2,27.41,1.0,0.5,2.71,0.0,1.0,35.12,2.5,0.0
2,2023-09-26 11:21:00,2023-09-26 11:29:00,3,1.38,1,N,70,105,1,3.0,2.5,0.5,0.02,0.0,1.0,8.77,0.0,1.75
2,2023-09-26 13:21:00,2023-09-26 14:10:00,1,2.14,1,N,69,31,1,7.26,0.5,0.5,1.35,0.0,1.0,14.86,2.5,1.75
2,2023-09-26 15:01:00,2023-09-26 15:51:00,2,9.55,1,N,46,129,1,4.23,0.0,0.5,0.08,6.55,1.0,14.86,2.5,0.0
2,2023-09-26 15:38:00,2023-09-26 16:22:00,2,3.72,1,N,183,234,1,25.85,2.5,0.5,0.21,6.55,1.0,40.86,2.5,1.75
2,2023-09-26 18:25:00,2023-09-26 18:38:00,1,3.8,1,N,115,148,1,23.65,1.0,0.5,0.6,0.0,1.0,31.0,2.5,1.75
1,2023-09-26 22:21:00,2023-09-26 22:50:00,1,3.11,1,N,84,222,2,38.18,0.5,0.5,0.44,6.55,1.0,49.67,2.5,0.0
2,2023-09-27 05:39:00,2023-09-27 06:33:00,2,1.16,1,N,27,66,1,15.64,1.0,0.5,5.19,0.0,1.0,25.83,2.5,0.0
1,2023-09-27 06:12:00,2023-09-27 07:06:00,1,1.62,4,N,243,236,1,26.03,1.0,0.5,0.07,0.0,1.0,32.85,2.5,1.75
2,2023-09-27 06:53:00,2023-09-27 07:51:00,3,3.13,1,N,258,33,2,7.6,0.5,0.5,3.49,6.55,1.0,22.14,2.5,0.0
1,2023-09-27 08:41:00,2023-09-27 09:14:00,1,1.52,1,N,153,118,4,9.06,0.0,0.5,2.64,0.0,1.0,14.95,0.0,1.75
2,2023-09-27 09:52:00,2023-09-27 10:45:00,4,1.19,1,N,115,236,1,22.99,0.0,0.5,0.9,6.55,1.0,34.44,2.5,0.0
2,2023-09-27 10:00:00,2023-09-27 10:28:00,1,2.56,1,N,142,143,1,11.32,1.0,0.5,0.25,6.55,1.0,23.12,2.5,0.0
1,2023-09-27 10:28:00,2023-09-27 10:42:00,3,1.13,1,N,73,77,2,13.56,0.5,0.5,3.04,0.0,1.0,18.6,0.0,0.0
1,2023-09-27 11:23:00,2023-09-27 12:20:00,1,2.37,1,N,32,137,3,21.35,0.5,0.5,3.09,0.0,1.0,26.44,0.0,0.0
2,2023-09-27 11:56:00,2023-09-27 12:21:00,1,1.29,1,N,70,40,1,15.21,1.0,0.5,4.49,0.0,1.0,22.2,0.0,0.0
2,2023-09-27 14:15:00,2023-09-27 14:33:00,2,1.27,1,N,38,166,1,15.68,0.5,0.5,2.12,6.55,1.0,30.6,2.5,1.75
1,2023-09-27 14:27:00,2023-09-27 15:09:00,1,6.26,1,N,115,15,1,4.85,0.0,0.5,0.4,6.55,1.0,15.8,2.5,0.0
2,2023-09-27 16:29:00,2023-09-27 17:27:00,1,1.78,2,N,202,180,2,13.6,0.0,0.5,2.74,0.0,1.0,20.34,2.5,0.0
2,2023-09-27 17:42:00,2023-09-27 18:11:00,1,0.36,1,N,200,211,1,21.11,3.5,0.5,2.8,0.0,1.0,31.41,2.5,0.0
1,2023-09-27 19:18:00,2023-09-27 19:49:00,3,1.02,1,N,236,207,1,19.89,2.5,0.5,6.02,0.0,1.0,29.91,0.0,0.0
2,2023-09-27 20:30:00,2023-09-27 20:43:00,1,3.3,1,N,119,101,2,13.7,0.0,0.5,2.18,6.55,1.0,26.43,2.5,0.0
2,2023-09-27 20:52:00,2023-09-27 21:08:00,1,0.54,1,N,115,105,2,22.18,0.0,0.5,4.15,6.55,1.0,34.38,0.0,0.0
2,2023-09-28 00:22:00,2023-09-28 01:18:00,1,1.41,1,N,195,64,1,6.46,0.0,0.5,0.81,0.0,1.0,11.27,2.5,0.0
1,2023-09-28 12:26:00,2023-09-28 12:37:00,1,1.08,1,N,79,74,1,21.84,0.5,0.5,1.1,6.55,1.0,33.99,2.5,0.0
2,2023-09-28 13:13:00,2023-09-28 14:00:00,3,2.28,2,N,136,170,2,5.36,0.5,0.5,7.09,6.55,1.0,23.5,2.5,0.0
2,2023-09-28 14:38:00,2023-09-28 15:23:00,3,3.34,1,N,253,16,1,4.73,2.5,0.5,4.29,0.0,1.0,15.52,2.5,0.0
2,2023-09-28 16:10:00,2023-09-28 16:15:00,3,2.79,1,N,255,50,1,8.58,0.5,0.5,8.98,0.0,1.0,22.06,2.5,0.0
2,2023-09-28 17:58:00,2023-09-28 18:55:00,2,1.44,1,N,205,260,1,17.46,1.0,0.5,1.07,6.55,1.0,31.83,2.5,1.75
2,2023-09-28 18:39:00,2023-09-28 19:34:00,1,1.12,1,N,258,246,1,12.71,0.0,0.5,0.26,0.0,1.0,16.97,2.5,0.0
2,2023-09-28 19:14:00,2023-09-28 19:49:00,2,2.89,1,N,184,7,1,31.96,0.5,0.5,0.18,6.55,1.0,44.94,2.5,1.75
2,2023-09-28 19:17:00,2023-09-28 20:05:00,1,0.65,1,N,197,73,1,3.79,0.0,0.5,7.18,0.0,1.0,14.97,2.5,0.0
1,2023-09-28 19:19:00,2023-09-28 19:34:00,1,1.44,1,N,162,3,1,4.18,2.5,0.5,0.81,6.55,1.0,19.79,2.5,1.75
1,2023-09-29 00:30:00,2023-09-29 01:29:00,1,0.35,1,N,175,204,2,7.36,0.5,0.5,1.18,0.0,1.0,14.79,2.5,1.75
2,2023-09-29 03:32:00,2023-09-29 03:38:00,1,6.41,1,N,140,154,1,5.27,2.5,0.5,1.47,0.0,1.0,14.99,2.5,1.75
2,2023-09-29 03:59:00,2023-09-29 04:28:00,1,2.47,1,N,10,93,1,15.63,2.5,0.5,4.07,6.55,1.0,32.75,2.5,0.0
2,2023-09-29 04:50:00,2023-09-29 05:32:00,1,4.64,1,N,194,164,1,4.46,0.5,0.5,1.39,0.0,1.0,12.1,2.5,1.75
1,2023-09-29 06:42:00,2023-09-29 07:22:00,1,6.05,1,N,146,235,1,20.83,1.0,0.5,3.0,6.55,1.0,35.38,2.5,0.0
1,2023-09-29 07:59:00,2023-09-29 08:44:00,1,0.79,1,N,72,248,1,6.03,3.5,0.5,4.94,6.55,1.0,25.02,2.5,0.0
2,2023-09-29 12:32:00,2023-09-29 13:21:00,1,4.3,1,N,252,161,1,13.07,0.0,0.5,0.33,0.0,1.0,17.4,2.5,0.0
1,2023-09-29 12:51:00,2023-09-29 12:58:00,1,4.92,1,N,238,223,1,29.93,0.5,0.5,1.78,0.0,1.0,36.21,2.5,0.0
1,2023-09-29 15:40:00,2023-09-29 15:50:00,1,3.47,1,N,256,105,1,5.96,0.0,0.5,2.09,0.0,1.0,12.05,2.5,0.0
2,2023-09-29 15:42:00,2023-09-29 16:40:00,1,0.44,1,N,176,107,1,19.29,1.0,0.5,1.57,0.0,1.0,25.86,2.5,0.0
1,2023-09-30 01:35:00,2023-09-30 02:29:00,1,2.43,1,N,128,250,1,4.24,1.0,0.5,2.77,6.55,1.0,16.06,0.0,0.0
2,2023-09-30 02:58:00,2023-09-30 03:56:00,1,6.85,1,N,107,204,1,14.2,1.0,0.5,4.74,0.0,1.0,23.94,2.5,0.0
2,2023-09-30 07:18:00,2023-09-30 07:34:00,1,1.74,1,N,255,186,1,23.49,2.5,0.5,10.28,6.55,1.0,44.32,0.0,0.0
1,2023-09-30 07:36:00,2023-09-30 08:23:00,1,0.4,1,N,90,143,2,8.49,0.5,0.5,2.46,0.0,1.0,12.95,0.0,0.0
2,2023-09-30 08:19:00,2023-09-30 09:04:00,2,2.18,1,N,104,215,1,3.78,2.5,0.5,3.84,0.0,1.0,14.12,2.5,0.0
2,2023-09-30 12:17:00,2023-09-30 13:16:00,1,0.78,1,N,58,89,2,7.39,0.5,0.5,0.84,6.55,1.0,21.03,2.5,1.75
2,2023-09-30 14:31:00,2023-09-30 14:37:00,3,0.32,1,N,151,171,1,3.48,2.5,0.5,1.02,6.55,1.0,17.55,2.5,0.0
1,2023-09-30 14:53:00,2023-09-30 15:23:00,1,0.77,1,N,124,112,1,23.41,3.5,0.5,6.32,0.0,1.0,37.23,2.5,0.0
1,2023-09-30 16:30:00,2023-09-30 17:21:00,1,4.0,1,N,199,34,1,23.95,1.0,0.5,6.18,0.0,1.0,35.13,2.5,0.0
2,2023-09-30 17:20:00,2023-09-30 17:58:00,1,1.64,1,N,228,85,1,12.58,1.0,0.5,0.3,0.0,1.0,15.38,0.0,0.0
2,2023-09-30 22:02:00,2023-09-30 22:21:00,2,1.72,1,N,134,38,2,13.93,1.0,0.5,4.67,0.0,1.0,23.6,2.5,0.0
2,2023-10-01 00:00:00,2023-10-01 00:51:00,1,2.03,1,N,118,91,1,4.28,0.0,0.5,0.37,0.0,1.0,6.15,0.0,0.0
2,2023-10-01 02:36:00,2023-10-01 02:46:00,1,5.43,1,N,70,66,1,17.51,0.0,0.5,4.17,6.55,1.0,29.73,0.0,0.0
2,2023-10-01 04:09:00,2023-10-01 04:19:00,1,4.2,1,N,39,8,1,8.01,3.5,0.5,7.66,0.0,1.0,20.67,0.0,0.0
1,2023-10-01 04:49:00,2023-10-01 05:39:00,1,1.52,2,N,77,240,1,11.53,3.5,0.5,1.88,0.0,1.0,18.41,0.0,0.0
2,2023-10-01 05:24:00,2023-10-01 06:15:00,3,8.88,1,N,86,102,1,15.76,1.0,0.5,0.5,6.55,1.0,27.81,2.5,0.0
2,2023-10-01 07:14:00,2023-10-01 08:11:00,1,4.53,1,N,107,125,1,28.31,1.0,0.5,3.38,6.55,1.0,43.24,2.5,0.0
1,2023-10-01 07:34:00,2023-10-01 08:14:00,1,1.45,1,N,226,213,4,3.83,0.0,0.5,2.27,0.0,1.0,10.1,2.5,0.0
1,2023-10-01 08:05:00,2023-10-01 08:35:00,1,3.87,1,N,152,24,2,44.85,3.5,0.5,9.52,0.0,1.0,59.37,0.0,0.0
2,2023-10-01 14:42:00,2023-10-01 15:16:00,4,2.33,1,N,122,256,1,19.46,1.0,0.5,3.91,0.0,1.0,28.37,2.5,0.0
1,2023-10-01 15:10:00,2023-10-01 15:54:00,2,1.32,1,N,110,111,1,6.99,3.5,0.5,2.9,6.55,1.0,23.94,2.5,0.0
2,2023-10-01 15:50:00,2023-10-01 16:46:00,1,0.58,1,N,39,15,1,12.36,2.5,0.5,1.13,6.55,1.0,24.04,0.0,0.0
2,2023-10-01 17:05:00,2023-10-01 17:38:00,2,0.68,1,N,125,36,1,22.19,1.0,0.5,3.78,6.55,1.0,35.02,0.0,0.0
2,2023-10-01 19:14:00,2023-10-01 19:29:00,1,0.52,1,N,106,202,2,26.18,2.5,0.5,0.22,0.0,1.0,32.9,2.5,0.0
2,2023-10-01 19:35:00,2023-10-01 19:50:00,1,0.98,1,N,163,75,2,7.79,0.0,0.5,6.32,0.0,1.0,18.11,2.5,0.0
2,2023-10-01 20:21:00,2023-10-01 21:13:00,1,0.45,1,N,150,50,1,6.09,0.5,0.5,2.3,0.0,1.0,12.89,2.5,0.0
2,2023-10-01 20:46:00,2023-10-01 21:11:00,1,1.58,1,N,158,26,1,3.69,2.5,0.5,4.91,0.0,1.0,12.6,0.0,0.0
2,2023-10-01 21:43:00,2023-10-01 22:22:00,1,0.69,1,N,168,51,1,9.75,2.5,0.5,3.86,0.0,1.0,20.11,2.5,0.0
1,2023-10-01 23:40:00,2023-10-02 00:12:00,1,1.94,1,N,198,143,1,25.15,2.5,0.5,0.82,0.0,1.0,32.47,2.5,0.0
2,2023-10-02 00:23:00,2023-10-02 00:34:00,1,3.93,1,N,247,186,1,20.3,3.5,0.5,4.42,0.0,1.0,32.22,2.5,0.0
2,2023-10-02 00:37:00,2023-10-02 01:25:00,1,1.3,1,N,49,104,2,28.64,1.0,0.5,0.94,0.0,1.0,34.58,2.5,0.0
2,2023-10-02 03:14:00,2023-10-02 03:31:00,1,5.04,2,N,64,237,1,4.9,2.5,0.5,2.9,0.0,1.0,11.8,0.0,0.0
2,2023-10-02 03:28:00,2023-10-02 03:40:00,1,2.44,1,N,204,183,1,7.34,2.5,0.5,1.28,6.55,1.0,21.67,2.5,0.0
2,2023-10-02 04:25:00,2023-10-02 04:55:00,1,4.15,1,N,225,23,4,3.72,0.0,0.5,3.4,0.0,1.0,11.12,2.5,0.0
1,2023-10-02 06:46:00,2023-10-02 07:29:00,1,0.73,1,N,256,183,1,7.89,0.0,0.5,0.78,6.55,1.0,19.22,2.5,0.0
1,2023-10-02 09:41:00,2023-10-02 10:33:00,1,5.94,1,N,248,241,1,12.98,3.5,0.5,2.6,0.0,1.0,23.08,2.5,0.0
2,2023-10-02 10:44:00,2023-10-02 10:57:00,1,1.86,1,N,80,52,2,13.59,0.0,0.5,0.76,6.55,1.0,22.4,0.0,0.0
2,2023-10-02 13:55:00,2023-10-02 14:09:00,1,3.54,1,N,30,188,1,29.06,3.5,0.5,0.86,0.0,1.0,34.92,0.0,0.0
2,2023-10-02 19:55:00,2023-10-02 20:47:00,1,0.74,1,N,226,64,1,10.88,0.0,0.5,0.52,6.55,1.0,19.45,0.0,0.0
2,2023-10-02 20:47:00,2023-10-02 21:11:00,1,3.85,1,N,170,159,1,10.05,1.0,0.5,4.71,0.0,1.0,19.76,2.5,0.0
1,2023-10-03 01:27:00,2023-10-03 02:03:00,1,0.31,1,N,232,20,1,18.49,0.5,0.5,3.58,6.55,1.0,34.87,2.5,1.75
1,2023-10-03 01:43:00,2023-10-03 02:11:00,2,1.85,1,N,149,108,1,10.78,0.0,0.5,1.0,6.55,1.0,22.33,2.5,0.0
1,2023-10-03 02:58:00,2023-10-03 03:11:00,1,0.73,1,N,111,186,1,11.27,1.0,0.5,0.6,6.55,1.0,23.42,2.5,0.0
2,2023-10-03 03:30:00,2023-10-03 04:21:00,5,0.57,1,N,181,152,1,7.69,0.0,0.5,0.34,6.55,1.0,18.58,2.5,0.0
2,2023-10-03 05:08:00,2023-10-03 05:46:00,5,4.04,1,N,161,36,1,15.81,0.5,0.5,0.39,0.0,1.0,20.7,2.5,0.0
1,2023-10-03 07:32:00,2023-10-03 07:59:00,1,2.73,1,Y,156,206,1,5.11,0.0,0.5,5.74,0.0,1.0,14.85,2.5,0.0
2,2023-10-03 08:09:00,2023-10-03 08:52:00,1,4.5,1,N,157,36,2,19.01,2.5,0.5,2.77,0.0,1.0,25.78,0.0,0.0
2,2023-10-03 16:21:00,2023-10-03 16:47:00,1,4.19,1,N,8,227,1,6.23,3.5,0.5,1.2,6.55,1.0,21.48,2.5,0.0
1,2023-10-03 19:32:00,2023-10-03 19:48:00,1,1.2,1,N,68,225,4,17.82,2.5,0.5,1.23,6.55,1.0,29.6,0.0,0.0
2,2023-10-04 03:30:00,2023-10-04 03:49:00,1,1.68,1,N,249,5,2,17.08,0.0,0.5,0.79,0.0,1.0,23.62,2.5,1.75
2,2023-10-04 03:54:00,2023-10-04 04:19:00,4,3.16,1,N,260,147,1,39.22,0.5,0.5,3.07,0.0,1.0,46.04,0.0,1.75
1,2023-10-04 04:06:00,2023-10-04 04:14:00,1,0.37,1,N,166,232,1,3.16,1.0,0.5,3.36,0.0,1.0,11.52,2.5,0.0
2,2023-10-04 04:30:00,2023-10-04 04:54:00,1,0.51,1,N,248,124,2,8.73,0.0,0.5,0.62,6.55,1.0,19.9,2.5,0.0
2,2023-10-04 05:05:00,2023-10-04 05:39:00,5,6.11,1,Y,114,137,1,3.89,3.5,0.5,4.51,0.0,1.0,13.4,0.0,0.0
2,2023-10-04 05:43:00,2023-10-04 05:48:00,1,0.46,1,N,61,231,1,28.91,2.5,0.5,0.98,0.0,1.0,35.64,0.0,1.75
2,2023-10-04 05:58:00,2023-10-04 06:05:00,1,0.73,1,N,38,124,1,19.97,0.0,0.5,1.67,0.0,1.0,25.64,2.5,0.0
1,2023-10-04 06:19:00,2023-10-04 06:44:00,1,3.77,1,N,14,163,1,26.87,3.5,0.5,0.22,0.0,1.0,34.59,2.5,0.0
1,2023-10-04 06:27:00,2023-10-04 07:08:00,1,2.36,1,N,245,99,2,15.91,3.5,0.5,0.23,6.55,1.0,27.69,0.0,0.0
2,2023-10-04 07:31:00,2023-10-04 07:57:00,3,1.0,1,N,214,70,1,18.45,2.5,0.5,0.56,0.0,1.0,25.51,2.5,0.0
1,2023-10-04 11:02:00,2023-10-04 11:32:00,1,4.58,1,N,17,167,1,18.22,2.5,0.5,0.38,6.55,1.0,29.15,0.0,0.0
2,2023-10-04 11:38:00,2023-10-04 12:31:00,1,6.06,1,N,264,111,1,14.7,1.0,0.5,1.9,6.55,1.0,29.9,2.5,1.75
1,2023-10-04 12:12:00,2023-10-04 12:52:00,1,1.73,1,N,75,154,1,5.86,2.5,0.5,4.89,6.55,1.0,21.3,0.0,0.0
2,2023-10-04 13:17:00,2023-10-04 14:04:00,1,0.76,1,N,124,67,1,8.32,0.0,0.5,4.95,0.0,1.0,17.27,2.5,0.0
1,2023-10-04 17:05:00,2023-10-04 17:53:00,3,0.72,1,N,31,258,1,3.63,0.5,0.5,1.48,0.0,1.0,11.36,2.5,1.75
2,2023-10-04 17:39:00,2023-10-04 18:21:00,1,1.04,1,N,239,47,1,7.82,2.5,0.5,0.8,0.0,1.0,12.62,0.0,0.0
1,2023-10-04 21:31:00,2023-10-04 22:22:00,1,2.13,1,N,187,21,1,27.27,0.0,0.5,0.48,0.0,1.0,31.75,2.5,0.0
2,2023-10-04 23:14:00,2023-10-04 23:38:00,3,1.23,1,N,102,167,3,9.59,3.5,0.5,0.18,6.55,1.0,23.82,2.5,0.0
2,2023-10-04 23:18:00,2023-10-04 23:44:00,1,4.52,1,N,243,244,1,12.43,3.5,0.5,0.53,6.55,1.0,28.76,2.5,1.75
1,2023-10-05 00:49:00,2023-10-05 01:44:00,2,6.31,1,N,56,161,1,23.79,0.0,0.5,1.76,0.0,1.0,31.3,2.5,1.75
2,2023-10-05 02:09:00,2023-10-05 02:31:00,1,4.21,1,N,223,49,2,24.37,3.5,0.5,0.67,6.55,1.0,39.09,2.5,0.0
1,2023-10-05 02:17:00,2023-10-05 02:27:00,2,2.17,1,N,166,48,1,49.28,1.0,0.5,0.93,6.55,1.0,61.76,2.5,0.0
2,2023-10-05 03:51:00,2023-10-05 04:24:00,1,1.73,2,N,141,132,2,4.07,1.0,0.5,3.12,0.0,1.0,12.19,2.5,0.0
2,2023-10-05 08:11:00,2023-10-05 09:05:00,1,3.23,1,N,234,79,1,5.88,2.5,0.5,7.23,6.55,1.0,27.91,2.5,1.75
1,2023-10-05 08:24:00,2023-10-05 09:16:00,1,2.07,1,N,158,240,1,6.99,3.5,0.5,0.31,0.0,1.0,14.8,2.5,0.0
2,2023-10-05 09:17:00,2023-10-05 09:43:00,2,2.55,1,N,7,12,4,3.0,0.5,0.5,1.81,0.0,1.0,6.81,0.0,0.0
2,2023-10-05 09:25:00,2023-10-05 10:12:00,1,6.19,1,N,187,21,1,25.78,1.0,0.5,0.18,6.55,1.0,39.26,2.5,1.75
1,2023-10-05 14:29:00,2023-10-05 14:38:00,1,0.79,1,N,138,15,1,12.86,1.0,0.5,0.75,6.55,1.0,22.66,0.0,0.0
1,2023-10-05 17:53:00,2023-10-05 18:47:00,1,2.13,1,N,222,67,1,6.22,0.5,0.5,0.36,6.55,1.0,17.63,2.5,0.0
2,2023-10-05 20:29:00,2023-10-05 21:28:00,2,2.5,1,N,185,9,1,15.52,3.5,0.5,0.92,6.55,1.0,30.49,2.5,0.0
2,2023-10-05 21:47:00,2023-10-05 22:13:00,1,1.42,1,N,116,186,1,7.82,0.5,0.5,4.63,6.55,1.0,21.0,0.0,0.0
2,2023-10-06 02:15:00,2023-10-06 02:39:00,1,1.12,1,N,65,192,4,4.41,1.0,0.5,3.42,6.55,1.0,21.13,2.5,1.75
2,2023-10-06 03:11:00,2023-10-06 03:38:00,1,3.97,3,N,162,80,1,5.66,0.5,0.5,1.88,0.0,1.0,13.79,2.5,1.75
1,2023-10-06 04:05:00,2023-10-06 04:44:00,1,1.72,1,N,209,217,1,11.31,0.5,0.5,6.38,0.0,1.0,22.19,2.5,0.0
1,2023-10-06 04:13:00,2023-10-06 04:44:00,1,1.0,1,N,96,217,1,4.51,2.5,0.5,6.52,0.0,1.0,15.03,0.0,0.0
2,2023-10-06 04:24:00,2023-10-06 04:35:00,3,0.83,1,N,217,182,1,15.59,3.5,0.5,2.33,0.0,1.0,22.92,0.0,0.0
2,2023-10-06 07:42:00,2023-10-06 07:47:00,1,1.89,2,N,227,58,2,7.47,1.0,0.5,1.56,0.0,1.0,14.03,2.5,0.0
2,2023-10-06 08:26:00,2023-10-06 08:59:00,1,3.91,1,N,227,252,1,3.28,2.5,0.5,0.85,6.55,1.0,17.18,2.5,0.0
2,2023-10-06 09:30:00,2023-10-06 10:18:00,1,3.51,1,N,185,68,1,19.12,1.0,0.5,0.74,0.0,1.0,22.36,0.0,0.0
1,2023-10-06 11:33:00,2023-10-06 11:57:00,1,0.35,1,N,4,186,1,11.96,3.5,0.5,1.66,6.55,1.0,27.67,2.5,0.0
2,2023-10-06 12:22:00,2023-10-06 13:06:00,1,0.31,1,N,264,178,1,6.04,0.0,0.5,1.52,0.0,1.0,11.56,2.5,0.0
1,2023-10-06 12:27:00,2023-10-06 13:12:00,2,7.42,1,N,106,203,1,24.44,1.0,0.5,7.26,0.0,1.0,34.2,0.0,0.0
1,2023-10-06 15:00:00,2023-10-06 15:54:00,1,0.73,1,N,94,19,2,16.84,1.0,0.5,2.33,6.55,1.0,30.72,2.5,0.0
2,2023-10-06 18:15:00,2023-10-06 18:50:00,4,0.49,1,N,167,197,1,14.36,0.0,0.5,1.01,0.0,1.0,16.87,0.0,0.0
2,2023-10-06 18:26:00,2023-10-06 18:32:00,1,4.66,1,N,201,123,3,4.93,3.5,0.5,1.59,0.0,1.0,14.02,2.5,0.0
2,2023-10-06 20:42:00,2023-10-06 21:39:00,1,3.89,1,N,42,62,1,49.07,1.0,0.5,0.4,0.0,1.0,54.47,2.5,0.0
2,2023-10-07 02:16:00,2023-10-07 02:50:00,3,7.12,1,N,194,48,1,38.68,3.5,0.5,1.57,6.55,1.0,51.8,0.0,0.0
2,2023-10-07 02:41:00,2023-10-07 03:37:00,1,1.68,1,N,29,165,1,10.98,2.5,0.5,0.42,0.0,1.0,17.9,2.5,0.0
2,2023-10-07 02:47:00,2023-10-07 03:09:00,1,2.15,1,N,182,163,2,9.11,0.5,0.5,2.21,0.0,1.0,15.07,0.0,1.75
2,2023-10-07 10:40:00,2023-10-07 11:27:00,1,1.72,1,N,134,173,2,10.85,0.5,0.5,0.66,6.55,1.0,24.31,2.5,1.75
2,2023-10-07 15:02:00,2023-10-07 15:47:00,2,5.23,3,N,69,103,1,5.34,2.5,0.5,3.93,0.0,1.0,15.77,2.5,0.0
1,2023-10-07 15:30:00,2023-10-07 16:05:00,1,1.61,1,N,127,191,1,12.31,2.5,0.5,0.89,6.55,1.0,23.75,0.0,0.0
2,2023-10-07 16:12:00,2023-10-07 16:42:00,1,2.07,1,N,41,21,1,14.08,2.5,0.5,3.25,0.0,1.0,21.33,0.0,0.0
1,2023-10-07 20:20:00,2023-10-07 20:53:00,1,0.95,1,N,257,44,2,7.85,0.0,0.5,1.51,0.0,1.0,10.86,0.0,0.0
2,2023-10-07 22:01:00,2023-10-07 22:41:00,5,1.11,1,N,218,143,1,3.45,0.5,0.5,2.15,0.0,1.0,11.85,2.5,1.75
2,2023-10-07 22:02:00,2023-10-07 22:50:00,1,1.24,1,N,171,176,1,31.62,2.5,0.5,3.81,6.55,1.0,48.48,2.5,0.0
1,2023-10-07 22:39:00,2023-10-07 23:25:00,1,0.84,1,N,128,32,2,8.11,2.5,0.5,1.7,0.0,1.0,18.06,2.5,1.75
2,2023-10-07 23:17:00,2023-10-08 00:15:00,2,1.13,1,N,24,262,1,5.83,0.5,0.5,1.0,6.55,1.0,17.88,2.5,0.0
2,2023-10-08 02:02:00,2023-10-08 02:57:00,2,2.73,1,N,132,100,2,27.39,0.5,0.5,1.35,0.0,1.0,30.74,0.0,0.0
2,2023-10-08 02:39:00,2023-10-08 03:12:00,2,4.56,1,N,210,31,1,20.36,0.5,0.5,7.09,0.0,1.0,31.95,2.5,0.0
2,2023-10-08 05:51:00,2023-10-08 06:43:00,1,6.54,1,N,98,11,1,5.81,1.0,0.5,3.89,6.55,1.0,21.25,2.5,0.0
1,2023-10-08 06:01:00,2023-10-08 06:57:00,1,8.51,1,N,221,210,1,8.35,0.5,0.5,8.3,6.55,1.0,27.7,2.5,0.0
1,2023-10-08 08:24:00,2023-10-08 08:42:00,1,10.06,1,N,74,229,1,3.11,3.5,0.5,6.48,0.0,1.0,17.09,2.5,0.0
1,2023-10-08 09:37:00,2023-10-08 10:34:00,1,1.74,1,N,177,8,1,32.34,3.5,0.5,1.49,0.0,1.0,38.83,0.0,0.0
2,2023-10-08 10:32:00,2023-10-08 11:28:00,1,5.15,1,N,157,208,1,13.21,1.0,0.5,2.11,0.0,1.0,20.32,2.5,0.0
2,2023-10-08 10:50:00,2023-10-08 11:37:00,1,3.57,1,N,240,20,2,24.55,0.0,0.5,9.57,0.0,1.0,35.62,0.0,0.0
2,2023-10-08 13:35:00,2023-10-08 14:19:00,2,1.1,2,N,116,221,1,13.55,0.5,0.5,2.03,0.0,1.0,20.08,2.5,0.0
2,2023-10-08 13:52:00,2023-10-08 14:00:00,1,0.95,1,N,106,99,2,8.22,0.0,0.5,2.47,0.0,1.0,14.69,2.5,0.0
2,2023-10-08 18:23:00,2023-10-08 18:40:00,1,0.33,1,N,178,127,1,4.57,3.5,0.5,5.44,6.55,1.0,24.06,2.5,0.0
1,2023-10-09 02:12:00,2023-10-09 02:35:00,1,1.51,1,N,208,107,1,7.12,2.5,0.5,0.85,0.0,1.0,14.47,2.5,0.0
2,2023-10-09 04:31:00,2023-10-09 05:17:00,1,2.25,1,N,95,1,1,11.8,0.0,0.5,0.23,6.55,1.0,20.08,0.0,0.0
2,2023-10-09 07:45:00,2023-10-09 08:09:00,3,1.68,5,N,185,77,1,12.78,3.5,0.5,2.43,0.0,1.0,22.71,2.5,0.0
1,2023-10-09 09:57:00,2023-10-09 10:21:00,1,0.88,1,N,247,95,1,26.17,0.0,0.5,2.52,0.0,1.0,32.69,2.5,0.0
1,2023-10-09 13:33:00,2023-10-09 13:47:00,2,1.18,2,N,159,254,1,27.65,0.5,0.5,3.2,0.0,1.0,32.85,0.0,0.0
2,2023-10-09 14:33:00,2023-10-09 15:09:00,1,0.75,1,N,260,72,2,26.03,1.0,0.5,0.28,6.55,1.0,37.86,2.5,0.0
2,2023-10-09 19:24:00,2023-10-09 20:07:00,3,3.17,2,N,238,247,1,32.98,0.5,0.5,0.36,0.0,1.0,35.34,0.0,0.0
1,2023-10-09 19:51:00,2023-10-09 20:10:00,1,2.35,1,N,106,188,1,16.85,2.5,0.5,0.36,6.55,1.0,30.26,2.5,0.0
2,2023-10-09 20:01:00,2023-10-09 20:51:00,1,0.75,1,N,24,166,1,30.72,0.0,0.5,5.96,6.55,1.0,47.23,2.5,0.0
1,2023-10-10 01:00:00,2023-10-10 01:46:00,1,0.78,1,N,232,241,1,32.54,0.5,0.5,2.94,6.55,1.0,44.03,0.0,0.0
1,2023-10-10 02:45:00,2023-10-10 03:43:00,1,2.33,1,N,244,89,1,42.05,0.0,0.5,1.83,0.0,1.0,47.88,2.5,0.0
2,2023-10-10 04:12:00,2023-10-10 04:58:00,1,0.66,1,N,60,104,4,18.82,3.5,0.5,6.28,6.55,1.0,36.65,0.0,0.0
2,2023-10-10 07:47:00,2023-10-10 08:01:00,1,0.58,1,N,43,56,2,6.97,2.5,0.5,1.22,6.55,1.0,21.24,2.5,0.0
2,2023-10-10 08:59:00,2023-10-10 09:53:00,5,1.75,1,N,264,140,1,13.23,3.5,0.5,1.52,6.55,1.0,26.3,0.0,0.0
2,2023-10-10 10:36:00,2023-10-10 11:30:00,1,3.23,1,N,164,6,1,26.98,0.5,0.5,0.2,0.0,1.0,31.68,2.5,0.0
2,2023-10-10 12:45:00,2023-10-10 13:18:00,3,1.8,1,N,133,167,1,33.11,0.0,0.5,2.73,6.55,1.0,48.14,2.5,1.75
2,2023-10-10 13:24:00,2023-10-10 13:31:00,1,1.71,1,N,162,262,1,3.46,0.0,0.5,2.06,0.0,1.0,7.02,0.0,0.0
2,2023-10-10 13:29:00,2023-10-10 13:51:00,1,0.35,1,N,137,18,2,11.39,2.5,0.5,2.4,6.55,1.0,26.84,2.5,0.0
1,2023-10-10 15:34:00,2023-10-10 16:10:00,5,0.42,1,N,209,66,1,13.44,0.0,0.5,5.11,0.0,1.0,22.55,2.5,0.0
1,2023-10-10 16:45:00,2023-10-10 17:18:00,1,2.33,1,N,91,129,1,14.91,2.5,0.5,0.68,0.0,1.0,21.34,0.0,1.75
2,2023-10-10 17:37:00,2023-10-10 17:44:00,1,1.1,3,N,183,40,1,12.7,0.5,0.5,3.71,6.55,1.0,27.46,2.5,0.0
2,2023-10-10 22:07:00,2023-10-10 22:23:00,1,0.98,1,N,94,182,1,6.22,0.0,0.5,2.38,6.55,1.0,16.65,0.0,0.0
1,2023-10-10 22:27:00,2023-10-10 22:39:00,2,1.35,1,N,186,238,1,17.47,1.0,0.5,0.4,6.55,1.0,29.42,2.5,0.0
2,2023-10-10 22:42:00,2023-10-10 23:17:00,1,2.57,1,N,230,243,1,3.25,3.5,0.5,2.56,0.0,1.0,13.31,2.5,0.0
2,2023-10-10 23:12:00,2023-10-10 23:34:00,1,1.31,1,N,40,244,1,9.1,0.0,0.5,0.09,6.55,1.0,19.74,2.5,0.0
1,2023-10-10 23:45:00,2023-10-11 00:10:00,3,0.79,1,N,224,189,1,21.0,0.5,0.5,6.03,0.0,1.0,29.03,0.0,0.0
2,2023-10-10 23:47:00,2023-10-11 00:31:00,2,2.59,1,N,186,126,1,9.65,1.0,0.5,10.16,6.55,1.0,28.86,0.0,0.0
2,2023-10-11 01:12:00,2023-10-11 01:17:00,1,1.13,1,N,118,68,1,17.25,3.5,0.5,0.7,0.0,1.0,24.7,0.0,1.75
1,2023-10-11 02:48:00,2023-10-11 03:13:00,2,3.15,1,N,128,16,1,55.69,3.5,0.5,5.25,6.55,1.0,74.99,2.5,0.0
2,2023-10-11 05:01:00,2023-10-11 05:58:00,1,3.69,1,N,112,222,1,6.22,0.0,0.5,5.05,6.55,1.0,21.82,2.5,0.0
2,2023-10-11 06:51:00,2023-10-11 06:58:00,1,8.08,1,N,14,32,1,28.92,0.5,0.5,5.76,6.55,1.0,45.73,2.5,0.0
1,2023-10-11 07:34:00,2023-10-11 08:11:00,1,4.27,1,N,228,240,1,14.51,0.5,0.5,1.59,6.55,1.0,27.15,2.5,0.0
2,2023-10-11 11:33:00,2023-10-11 11:45:00,1,1.8,1,N,224,30,1,18.83,0.5,0.5,0.03,0.0,1.0,23.36,2.5,0.0
1,2023-10-11 12:48:00,2023-10-11 12:53:00,1,1.36,1,N,258,134,1,14.45,0.5,0.5,0.03,6.55,1.0,23.03,0.0,0.0
1,2023-10-11 13:02:00,2023-10-11 13:54:00,5,0.37,4,N,132,144,1,6.44,0.5,0.5,3.39,0.0,1.0,14.33,2.5,0.0
2,2023-10-11 14:16:00,2023-10-11 15:13:00,1,0.33,1,N,68,112,1,28.85,2.5,0.5,0.12,0.0,1.0,35.47,2.5,0.0
2,2023-10-11 15:36:00,2023-10-11 16:18:00,1,1.68,1,N,94,262,1,3.32,1.0,0.5,5.81,0.0,1.0,11.63,0.0,0.0
1,2023-10-11 18:24:00,2023-10-11 19:11:00,1,0.83,1,N,127,32,1,8.28,2.5,0.5,5.18,6.55,1.0,28.26,2.5,1.75
1,2023-10-11 18:38:00,2023-10-11 18:50:00,1,1.88,1,N,245,239,1,7.71,3.5,0.5,0.98,0.0,1.0,13.69,0.0,0.0
2,2023-10-11 21:28:00,2023-10-11 21:47:00,1,1.5,2,N,208,201,1,11.06,0.0,0.5,3.46,0.0,1.0,20.27,2.5,1.75
2,2023-10-11 23:23:00,2023-10-12 00:09:00,1,4.8,2,N,252,45,1,12.51,0.5,0.5,1.34,0.0,1.0,15.85,0.0,0.0
2,2023-10-12 01:44:00,2023-10-12 02:03:00,1,1.94,1,N,176,18,1,38.63,0.5,0.5,0.76,0.0,1.0,43.89,2.5,0.0
2,2023-10-12 05:31:00,2023-10-12 05:45:00,2,0.5,1,N,67,110,1,6.51,0.0,0.5,0.72,0.0,1.0,8.73,0.0,0.0
2,2023-10-12 05:59:00,2023-10-12 06:38:00,1,2.06,1,N,77,151,1,17.11,1.0,0.5,1.43,0.0,1.0,23.54,2.5,0.0
2,2023-10-12 13:00:00,2023-10-12 13:46:00,1,0.93,1,N,233,242,1,13.83,1.0,0.5,1.02,6.55,1.0,28.15,2.5,1.75
1,2023-10-12 16:05:00,2023-10-12 16:21:00,2,2.33,1,N,241,96,1,30.65,2.5,0.5,4.68,0.0,1.0,41.83,2.5,0.0
1,2023-10-12 16:20:00,2023-10-12 17:04:00,2,9.81,2,N,37,25,2,6.71,0.0,0.5,0.17,0.0,1.0,10.13,0.0,1.75
2,2023-10-12 17:15:00,2023-10-12 17:50:00,1,1.56,1,N,18,260,3,5.83,0.0,0.5,2.45,6.55,1.0,18.83,2.5,0.0
1,2023-10-12 20:24:00,2023-10-12 20:57:00,4,0.58,1,N,48,5,1,13.75,0.0,0.5,1.57,6.55,1.0,25.87,2.5,0.0
1,2023-10-12 21:06:00,2023-10-12 21:41:00,1,1.95,1,N,119,251,1,21.44,1.0,0.5,0.69,0.0,1.0,27.13,2.5,0.0
1,2023-10-12 21:23:00,2023-10-12 21:46:00,2,2.23,1,N,14,156,4,9.42,2.5,0.5,2.6,0.0,1.0,20.27,2.5,1.75
1,2023-10-12 22:01:00,2023-10-12 22:09:00,1,0.34,3,N,98,250,2,4.21,1.0,0.5,7.83,6.55,1.0,23.59,2.5,0.0
2,2023-10-13 01:22:00,2023-10-13 02:08:00,2,0.63,1,N,81,258,2,4.17,0.0,0.5,6.41,0.0,1.0,14.58,2.5,0.0
2,2023-10-13 01:53:00,2023-10-13 02:32:00,1,0.96,1,N,36,140,1,4.12,2.5,0.5,1.56,6.55,1.0,18.73,2.5,0.0
1,2023-10-13 02:00:00,2023-10-13 02:16:00,2,4.01,1,N,251,11,1,46.64,0.0,0.5,8.66,6.55,1.0,67.6,2.5,1.75
1,2023-10-13 02:23:00,2023-10-13 02:54:00,1,5.44,1,N,77,4,1,3.18,3.5,0.5,6.37,6.55,1.0,21.1,0.0,0.0
1,2023-10-13 03:11:00,2023-10-13 03:46:00,1,1.28,1,N,169,24,1,37.17,3.5,0.5,0.38,0.0,1.0,45.05,2.5,0.0
1,2023-10-13 07:14:00,2023-10-13 07:27:00,1,2.02,1,N,139,54,2,11.29,0.0,0.5,2.2,0.0,1.0,14.99,0.0,0.0
2,2023-10-13 07:49:00,2023-10-13 08:37:00,1,1.8,1,N,8,131,1,3.68,3.5,0.5,1.32,0.0,1.0,12.5,2.5,0.0
2,2023-10-13 08:45:00,2023-10-13 09:41:00,3,1.86,1,N,257,213,1,14.15,0.0,0.5,0.08,0.0,1.0,18.23,2.5,0.0
1,2023-10-13 10:12:00,2023-10-13 10:24:00,1,4.43,1,N,16,118,1,11.47,1.0,0.5,1.84,0.0,1.0,18.31,2.5,0.0
1,2023-10-13 12:04:00,2023-10-13 12:56:00,1,1.84,1,N,218,107,2,7.37,0.0,0.5,0.22,6.55,1.0,18.14,2.5,0.0
2,2023-10-13 13:56:00,2023-10-13 14:25:00,1,1.0,5,Y,217,133,1,66.32,3.5,0.5,1.11,6.55,1.0,81.48,2.5,0.0
2,2023-10-13 14:34:00,2023-10-13 15:06:00,1,3.41,1,N,191,185,1,11.15,0.5,0.5,6.07,0.0,1.0,21.72,2.5,0.0
2,2023-10-13 15:24:00,2023-10-13 16:04:00,4,2.88,1,N,162,8,1,17.93,0.5,0.5,0.36,6.55,1.0,26.84,0.0,0.0
1,2023-10-13 15:57:00,2023-10-13 16:38:00,2,2.01,1,N,140,87,1,36.57,0.5,0.5,6.56,0.0,1.0,46.88,0.0,1.75
1,2023-10-13 17:53:00,2023-10-13 18:52:00,1,1.41,1,N,56,51,1,14.96,2.5,0.5,3.71,0.0,1.0,26.92,2.5,1.75
2,2023-10-13 19:57:00,2023-10-13 20:39:00,1,0.72,1,N,237,27,1,12.19,2.5,0.5,0.07,0.0,1.0,18.76,2.5,0.0
2,2023-10-13 20:59:00,2023-10-13 21:45:00,1,0.36,1,N,122,2,1,35.65,1.0,0.5,0.77,6.55,1.0,45.47,0.0,0.0
2,2023-10-14 01:06:00,2023-10-14 01:12:00,2,1.71,1,N,79,233,1,7.53,1.0,0.5,1.45,0.0,1.0,13.98,2.5,0.0
1,2023-10-14 01:27:00,2023-10-14 02:09:00,1,1.26,1,N,115,125,1,10.33,0.0,0.5,1.18,0.0,1.0,13.01,0.0,0.0
2,2023-10-14 02:01:00,2023-10-14 02:16:00,1,4.67,1,N,103,147,1,17.5,3.5,0.5,2.57,0.0,1.0,27.57,2.5,0.0
1,2023-10-14 02:43:00,2023-10-14 03:27:00,1,2.39,1,N,238,189,2,12.02,2.5,0.5,1.01,0.0,1.0,19.53,2.5,0.0
1,2023-10-14 04:24:00,2023-10-14 04:38:00,2,5.96,2,N,179,193,2,3.05,0.5,0.5,0.62,6.55,1.0,14.72,2.5,0.0
2,2023-10-14 07:50:00,2023-10-14 08:23:00,4,0.37,1,N,95,73,1,27.7,0.0,0.5,2.55,6.55,1.0,40.8,2.5,0.0
1,2023-10-14 10:58:00,2023-10-14 11:06:00,1,0.37,1,N,264,217,1,3.42,2.5,0.5,2.97,6.55,1.0,19.44,2.5,0.0
2,2023-10-14 12:41:00,2023-10-14 13:04:00,3,1.78,1,N,65,185,1,5.73,1.0,0.5,1.88,0.0,1.0,10.11,0.0,0.0
2,2023-10-14 13:52:00,2023-10-14 14:40:00,2,6.56,1,N,72,141,1,3.79,0.5,0.5,3.25,6.55,1.0,18.09,2.5,0.0
2,2023-10-14 14:56:00,2023-10-14 15:47:00,1,6.44,1,N,129,25,1,32.75,1.0,0.5,3.67,6.55,1.0,47.97,2.5,0.0
1,2023-10-14 15:15:00,2023-10-14 15:34:00,1,0.8,1,Y,202,142,1,3.88,1.0,0.5,4.25,6.55,1.0,19.68,2.5,0.0
2,2023-10-14 15:15:00,2023-10-14 15:31:00,1,3.86,1,N,83,181,1,4.42,0.5,0.5,0.5,6.55,1.0,15.97,2.5,0.0
2,2023-10-14 16:11:00,2023-10-14 17:00:00,1,4.49,2,N,169,111,2,16.52,3.5,0.5,0.34,0.0,1.0,24.36,2.5,0.0
2,2023-10-14 17:58:00,2023-10-14 18:42:00,1,3.65,1,N,259,113,2,25.48,2.5,0.5,3.46,0.0,1.0,32.94,0.0,0.0
2,2023-10-14 20:49:00,2023-10-14 21:15:00,1,0.61,1,N,159,250,1,7.11,0.0,0.5,5.7,6.55,1.0,23.36,2.5,0.0
2,2023-10-14 20:50:00,2023-10-14 21:18:00,1,0.68,1,N,23,143,1,15.26,0.5,0.5,1.59,0.0,1.0,21.35,2.5,0.0
1,2023-10-14 23:24:00,2023-10-15 00:04:00,1,5.86,1,N,238,167,1,16.2,0.5,0.5,0.63,0.0,1.0,21.33,2.5,0.0
2,2023-10-15 03:01:00,2023-10-15 03:10:00,2,5.37,1,N,53,44,1,13.33,3.5,0.5,0.7,0.0,1.0,19.03,0.0,0.0
2,2023-10-15 03:37:00,2023-10-15 03:44:00,1,12.0,1,N,212,234,1,11.12,2.5,0.5,4.75,6.55,1.0,28.92,2.5,0.0
2,2023-10-15 04:03:00,2023-10-15 04:12:00,3,1.17,1,N,130,17,1,12.62,3.5,0.5,1.64,0.0,1.0,21.76,2.5,0.0
2,2023-10-15 04:12:00,2023-10-15 04:17:00,1,0.96,1,N,1,14,1,14.1,3.5,0.5,0.26,6.55,1.0,28.41,2.5,0.0
1,2023-10-15 09:40:00,2023-10-15 09:49:00,1,1.01,1,N,209,60,2,20.72,0.0,0.5,0.56,0.0,1.0,25.28,2.5,0.0
2,2023-10-15 09:47:00,2023-10-15 10:11:00,1,2.96,2,N,72,30,1,7.67,0.5,0.5,3.21,6.55,1.0,19.43,0.0,0.0
1,2023-10-15 11:22:00,2023-10-15 12:06:00,1,0.72,1,N,210,162,1,8.03,3.5,0.5,2.12,0.0,1.0,17.65,2.5,0.0
1,2023-10-15 12:27:00,2023-10-15 12:35:00,2,4.86,1,N,144,239,2,4.56,2.5,0.5,1.14,6.55,1.0,16.25,0.0,0.0
2,2023-10-15 14:50:00,2023-10-15 15:23:00,1,4.54,1,N,81,230,2,5.42,0.0,0.5,3.98,6.55,1.0,19.95,2.5,0.0
1,2023-10-15 16:59:00,2023-10-15 17:40:00,1,7.35,1,N,160,2,2,32.17,0.5,0.5,1.03,0.0,1.0,37.7,2.5,0.0
2,2023-10-15 18:20:00,2023-10-15 19:08:00,1,0.65,1,N,107,122,1,20.69,2.5,0.5,7.96,0.0,1.0,36.9,2.5,1.75
1,2023-10-15 21:28:00,2023-10-15 22:03:00,1,3.66,1,N,145,106,2,11.05,1.0,0.5,5.19,0.0,1.0,22.99,2.5,1.75
2,2023-10-15 22:00:00,2023-10-15 22:17:00,1,2.31,1,N,249,207,1,34.56,3.5,0.5,1.03,0.0,1.0,40.59,0.0,0.0
2,2023-10-16 00:38:00,2023-10-16 01:17:00,1,2.79,1,N,63,188,1,19.66,0.5,0.5,5.5,6.55,1.0,36.21,2.5,0.0
2,2023-10-16 02:01:00,2023-10-16 02:32:00,1,3.84,2,N,134,25,1,28.95,0.0,0.5,1.29,0.0,1.0,35.99,2.5,1.75
2,2023-10-16 04:34:00,2023-10-16 05:17:00,1,4.24,1,N,63,73,1,34.49,0.5,0.5,1.81,6.55,1.0,47.35,2.5,0.0
2,2023-10-16 04:48:00,2023-10-16 05:28:00,2,0.89,1,N,117,81,1,15.24,1.0,0.5,2.8,0.0,1.0,23.04,2.5,0.0
2,2023-10-16 06:25:00,2023-10-16 06:48:00,1,2.69,1,N,210,106,2,6.79,0.0,0.5,1.84,6.55,1.0,16.68,0.0,0.0
2,2023-10-16 07:52:00,2023-10-16 08:12:00,3,2.46,5,N,180,179,1,7.38,1.0,0.5,1.18,6.55,1.0,17.61,0.0,0.0
1,2023-10-16 08:31:00,2023-10-16 08:48:00,1,5.47,1,N,205,183,1,6.65,0.0,0.5,3.86,0.0,1.0,14.51,2.5,0.0
2,2023-10-16 11:04:00,2023-10-16 11:56:00,1,2.24,1,N,12,66,1,16.84,1.0,0.5,3.98,6.55,1.0,32.37,2.5,0.0
2,2023-10-16 12:26:00,2023-10-16 13:18:00,1,1.13,1,N,244,222,2,30.29,1.0,0.5,0.74,0.0,1.0,36.03,2.5,0.0
2,2023-10-16 13:15:00,2023-10-16 14:10:00,2,1.23,1,N,34,162,1,5.15,2.5,0.5,0.11,6.55,1.0,17.56,0.0,1.75
2,2023-10-16 13:34:00,2023-10-16 14:28:00,1,1.18,1,N,96,90,1,11.14,0.0,0.5,0.2,6.55,1.0,21.89,2.5,0.0
2,2023-10-16 15:28:00,2023-10-16 15:36:00,2,1.63,1,N,70,143,1,5.27,2.5,0.5,1.73,0.0,1.0,13.5,2.5,0.0
1,2023-10-16 18:42:00,2023-10-16 19:26:00,2,2.19,1,N,238,239,1,3.19,0.0,0.5,0.88,0.0,1.0,5.57,0.0,0.0
2,2023-10-16 19:12:00,2023-10-16 19:23:00,4,5.01,1,N,120,130,1,14.45,1.0,0.5,0.86,0.0,1.0,20.31,2.5,0.0
2,2023-10-16 19:56:00,2023-10-16 20:25:00,3,4.04,3,N,215,24,1,16.73,0.0,0.5,1.05,0.0,1.0,21.78,2.5,0.0
1,2023-10-17 01:15:00,2023-10-17 01:44:00,2,1.18,2,N,127,111,1,5.6,0.0,0.5,3.87,0.0,1.0,12.72,0.0,1.75
1,2023-10-17 03:26:00,2023-10-17 04:08:00,1,2.56,1,N,57,239,1,8.49,0.5,0.5,1.7,0.0,1.0,14.69,2.5,0.0
1,2023-10-17 04:41:00,2023-10-17 04:49:00,3,2.91,1,N,37,53,2,9.75,3.5,0.5,0.1,6.55,1.0,25.65,2.5,1.75
1,2023-10-17 05:35:00,2023-10-17 06:01:00,1,5.01,2,N,97,206,2,20.42,3.5,0.5,0.06,0.0,1.0,27.98,2.5,0.0
2,2023-10-17 06:41:00,2023-10-17 06:55:00,1,0.83,1,N,58,146,2,25.65,2.5,0.5,1.65,6.55,1.0,40.35,2.5,0.0
2,2023-10-17 08:50:00,2023-10-17 09:21:00,2,4.94,1,N,153,246,1,3.6,0.5,0.5,9.68,0.0,1.0,17.03,0.0,1.75
2,2023-10-17 09:04:00,2023-10-17 09:14:00,1,1.57,1,N,158,131,2,25.95,1.0,0.5,0.15,0.0,1.0,28.6,0.0,0.0
1,2023-10-17 09:15:00,2023-10-17 10:07:00,1,9.34,1,N,149,125,1,10.95,3.5,0.5,5.77,6.55,1.0,28.27,0.0,0.0
1,2023-10-17 12:00:00,2023-10-17 12:13:00,1,6.35,1,N,17,28,2,5.57,0.5,0.5,3.96,6.55,1.0,18.08,0.0,0.0
2,2023-10-17 12:05:00,2023-10-17 13:01:00,1,0.51,1,N,97,190,2,5.32,1.0,0.5,0.19,6.55,1.0,14.56,0.0,0.0
1,2023-10-17 13:38:00,2023-10-17 14:23:00,1,4.69,1,N,74,250,1,64.66,3.5,0.5,0.27,6.55,1.0,78.98,2.5,0.0
2,2023-10-17 14:09:00,2023-10-17 14:39:00,1,1.33,1,N,22,108,1,8.6,3.5,0.5,3.58,6.55,1.0,26.23,2.5,0.0
2,2023-10-17 15:53:00,2023-10-17 16:42:00,2,0.8,1,N,148,233,1,56.13,2.5,0.5,8.05,0.0,1.0,70.68,2.5,0.0
2,2023-10-17 16:48:00,2023-10-17 16:53:00,1,4.05,1,N,249,182,1,4.17,3.5,0.5,5.57,6.55,1.0,23.79,2.5,0.0
1,2023-10-17 16:50:00,2023-10-17 17:34:00,1,4.39,2,N,146,128,1,18.96,1.0,0.5,0.54,0.0,1.0,24.5,2.5,0.0
1,2023-10-17 17:36:00,2023-10-17 18:35:00,2,4.77,1,N,214,217,1,25.95,0.5,0.5,2.84,0.0,1.0,33.29,2.5,0.0
2,2023-10-17 17:36:00,2023-10-17 18:20:00,1,6.37,1,N,184,37,1,23.24,2.5,0.5,1.08,0.0,1.0,30.82,2.5,0.0
2,2023-10-17 18:07:00,2023-10-17 18:50:00,1,5.69,1,N,2,217,1,53.29,1.0,0.5,0.47,6.55,1.0,64.56,0.0,1.75
2,2023-10-17 19:39:00,2023-10-17 20:35:00,1,10.37,1,N,236,183,1,9.42,3.5,0.5,4.64,6.55,1.0,28.11,2.5,0.0
1,2023-10-17 23:27:00,2023-10-17 23:51:00,1,0.38,1,N,31,75,1,31.51,1.0,0.5,1.93,0.0,1.0,35.94,0.0,0.0
1,2023-10-17 23:42:00,2023-10-18 00:32:00,1,4.16,1,N,64,220,2,23.87,0.5,0.5,8.89,6.55,1.0,43.81,2.5,0.0
2,2023-10-18 06:18:00,2023-10-18 06:54:00,3,2.66,1,N,104,130,2,8.14,2.5,0.5,1.04,6.55,1.0,19.73,0.0,0.0
1,2023-10-18 07:14:00,2023-10-18 07:56:00,1,0.46,1,N,173,167,1,24.44,1.0,0.5,0.18,6.55,1.0,36.17,2.5,0.0
1,2023-10-18 09:44:00,2023-10-18 10:30:00,1,1.61,1,N,210,127,1,8.08,0.0,0.5,3.9,6.55,1.0,22.53,2.5,0.0
1,2023-10-18 11:07:00,2023-10-18 11:23:00,1,1.74,1,N,80,174,1,28.33,1.0,0.5,2.04,6.55,1.0,41.92,2.5,0.0
1,2023-10-18 13:20:00,2023-10-18 13:47:00,4,3.45,1,N,176,172,1,5.76,1.0,0.5,1.42,0.0,1.0,9.68,0.0,0.0
1,2023-10-18 14:03:00,2023-10-18 14:39:00,2,7.58,2,N,80,107,1,9.23,0.5,0.5,0.18,6.55,1.0,19.71,0.0,1.75
2,2023-10-18 14:18:00,2023-10-18 14:55:00,1,11.16,4,N,50,163,1,7.02,0.5,0.5,2.99,6.55,1.0,21.06,2.5,0.0
2,2023-10-18 14:55:00,2023-10-18 15:02:00,1,4.15,1,N,13,252,1,29.78,0.5,0.5,0.04,0.0,1.0,36.07,2.5,1.75
1,2023-10-18 15:54:00,2023-10-18 16:42:00,1,2.37,1,N,186,236,2,4.56,0.0,0.5,6.17,6.55,1.0,21.28,2.5,0.0
2,2023-10-18 16:36:00,2023-10-18 17:21:00,1,0.88,2,N,161,65,2,20.4,0.0,0.5,0.97,6.55,1.0,31.92,2.5,0.0
2,2023-10-18 17:12:00,2023-10-18 17:17:00,2,2.63,1,N,173,177,1,21.47,3.5,0.5,5.96,0.0,1.0,32.43,0.0,0.0
2,2023-10-18 17:21:00,2023-10-18 18:19:00,2,2.82,4,N,86,115,3,4.4,1.0,0.5,2.69,6.55,1.0,18.64,2.5,0.0
2,2023-10-18 17:27:00,2023-10-18 17:46:00,1,1.46,1,N,235,101,1,7.75,3.5,0.5,4.57,6.55,1.0,26.37,2.5,0.0
2,2023-10-18 18:00:00,2023-10-18 18:45:00,1,1.1,1,N,178,127,2,36.41,2.5,0.5,0.01,6.55,1.0,49.47,2.5,0.0
1,2023-10-18 18:54:00,2023-10-18 19:46:00,2,1.33,1,N,228,219,1,11.08,0.5,0.5,2.91,6.55,1.0,22.54,0.0,0.0
1,2023-10-18 20:15:00,2023-10-18 20:26:00,1,2.14,2,N,68,196,1,40.3,3.5,0.5,2.34,6.55,1.0,55.94,0.0,1.75
1,2023-10-18 20:29:00,2023-10-18 20:54:00,1,2.49,1,N,138,13,1,13.84,3.5,0.5,2.8,0.0,1.0,24.14,2.5,0.0
1,2023-10-18 23:27:00,2023-10-19 00:10:00,1,6.52,1,N,196,73,1,14.57,0.0,0.5,2.5,0.0,1.0,21.07,2.5,0.0
2,2023-10-19 00:08:00,2023-10-19 00:36:00,2,0.49,1,N,164,199,1,19.58,0.0,0.5,1.19,0.0,1.0,24.77,2.5,0.0
2,2023-10-19 00:25:00,2023-10-19 00:45:00,1,3.81,1,N,253,101,2,18.82,3.5,0.5,0.15,0.0,1.0,26.47,2.5,0.0
1,2023-10-19 01:39:00,2023-10-19 01:44:00,2,7.89,1,N,121,68,1,6.34,3.5,0.5,5.91,0.0,1.0,19.75,2.5,0.0
1,2023-10-19 01:49:00,2023-10-19 02:36:00,2,1.05,1,N,184,66,1,34.2,1.0,0.5,4.59,0.0,1.0,45.54,2.5,1.75
2,2023-10-19 07:55:00,2023-10-19 08:12:00,1,3.81,1,N,113,93,1,6.97,0.5,0.5,4.74,6.55,1.0,22.76,2.5,0.0
1,2023-10-19 18:42:00,2023-10-19 19:05:00,3,1.03,1,N,132,35,1,7.86,1.0,0.5,0.46,0.0,1.0,10.82,0.0,0.0
2,2023-10-19 19:02:00,2023-10-19 19:40:00,1,3.78,2,N,177,148,1,48.91,1.0,0.5,4.46,6.55,1.0,66.67,2.5,1.75
1,2023-10-19 21:43:00,2023-10-19 22:16:00,1,6.39,1,N,236,251,4,29.37,0.5,0.5,0.78,6.55,1.0,42.95,2.5,1.75
2,2023-10-20 00:17:00,2023-10-20 00:36:00,1,1.3,2,N,106,35,2,4.11,2.5,0.5,2.73,6.55,1.0,21.64,2.5,1.75
2,2023-10-20 00:59:00,2023-10-20 01:24:00,1,1.52,1,N,116,130,2,9.03,1.0,0.5,4.87,6.55,1.0,22.95,0.0,0.0
2,2023-10-20 01:31:00,2023-10-20 01:50:00,1,3.92,1,N,247,23,1,105.76,0.5,0.5,0.79,0.0,1.0,111.05,2.5,0.0
2,2023-10-20 02:02:00,2023-10-20 02:21:00,1,1.33,1,N,245,230,1,9.91,0.5,0.5,3.14,0.0,1.0,19.3,2.5,1.75
1,2023-10-20 06:48:00,2023-10-20 07:47:00,1,1.28,1,N,237,12,1,24.88,3.5,0.5,0.84,0.0,1.0,33.22,2.5,0.0
2,2023-10-20 08:03:00,2023-10-20 08:47:00,1,6.39,1,N,25,142,1,3.82,0.0,0.5,0.18,0.0,1.0,8.0,2.5,0.0
1,2023-10-20 08:33:00,2023-10-20 09:01:00,1,2.9,1,N,17,248,1,5.34,0.5,0.5,3.28,6.55,1.0,19.67,2.5,0.0
1,2023-10-20 12:17:00,2023-10-20 12:57:00,1,0.81,1,N,45,36,1,9.23,0.0,0.5,2.12,6.55,1.0,21.9,2.5,0.0
1,2023-10-20 12:40:00,2023-10-20 13:36:00,1,3.45,1,N,152,138,1,11.88,3.5,0.5,1.04,6.55,1.0,28.72,2.5,1.75
2,2023-10-20 13:20:00,2023-10-20 14:16:00,1,0.5,1,N,240,154,2,36.26,2.5,0.5,0.24,6.55,1.0,47.05,0.0,0.0
2,2023-10-20 16:46:00,2023-10-20 17:34:00,2,1.23,1,N,12,100,1,18.17,0.5,0.5,5.28,0.0,1.0,27.95,2.5,0.0
1,2023-10-20 18:34:00,2023-10-20 19:04:00,1,0.92,1,N,175,93,1,17.44,2.5,0.5,0.93,0.0,1.0,24.87,2.5,0.0
1,2023-10-20 18:54:00,2023-10-20 19:39:00,5,0.65,1,N,63,28,1,8.41,0.0,0.5,7.27,6.55,1.0,26.23,2.5,0.0
2,2023-10-20 21:33:00,2023-10-20 22:00:00,2,3.44,1,N,115,15,1,28.86,1.0,0.5,0.92,0.0,1.0,36.53,2.5,1.75
1,2023-10-20 22:18:00,2023-10-20 23:01:00,1,0.42,1,N,147,227,1,32.36,0.0,0.5,5.07,0.0,1.0,41.43,2.5,0.0
2,2023-10-20 22:18:00,2023-10-20 22:26:00,1,0.4,1,N,182,241,2,14.01,0.5,0.5,2.09,0.0,1.0,18.1,0.0,0.0
2,2023-10-20 22:37:00,2023-10-20 23:05:00,1,0.74,1,N,225,32,1,17.43,0.5,0.5,2.44,0.0,1.0,24.37,2.5,0.0
2,2023-10-20 23:49:00,2023-10-21 00:14:00,4,6.53,1,N,200,224,1,15.56,0.5,0.5,1.55,6.55,1.0,28.16,2.5,0.0
2,2023-10-21 00:27:00,2023-10-21 01:06:00,1,3.72,2,N,164,64,1,14.0,2.5,0.5,1.04,0.0,1.0,19.04,0.0,0.0
1,2023-10-21 03:32:00,2023-10-21 04:20:00,1,0.78,1,N,162,224,1,18.41,2.5,0.5,3.95,0.0,1.0,28.86,2.5,0.0
2,2023-10-21 04:57:00,2023-10-21 05:28:00,1,0.64,1,N,66,238,2,8.14,0.5,0.5,1.13,6.55,1.0,20.32,2.5,0.0
2,2023-10-21 05:05:00,2023-10-21 05:40:00,1,0.37,1,N,234,38,1,10.14,2.5,0.5,2.92,6.55,1.0,23.61,0.0,0.0
1,2023-10-21 07:15:00,2023-10-21 07:37:00,3,1.22,1,N,237,122,1,21.9,0.5,0.5,1.9,6.55,1.0,34.85,2.5,0.0
2,2023-10-21 07:41:00,2023-10-21 08:25:00,1,0.66,1,N,60,227,2,4.01,0.0,0.5,1.77,0.0,1.0,9.78,2.5,0.0
1,2023-10-21 09:55:00,2023-10-21 10:40:00,2,3.77,1,N,69,2,1,7.69,3.5,0.5,2.06,6.55,1.0,23.8,2.5,0.0
1,2023-10-21 12:01:00,2023-10-21 12:20:00,1,0.43,1,N,219,39,1,19.1,1.0,0.5,0.47,0.0,1.0,24.57,2.5,0.0
2,2023-10-21 13:39:00,2023-10-21 14:08:00,3,1.76,1,Y,230,118,1,24.84,3.5,0.5,5.1,0.0,1.0,34.94,0.0,0.0
2,2023-10-21 15:25:00,2023-10-21 16:21:00,2,2.12,1,N,1,236,1,11.98,1.0,0.5,3.75,6.55,1.0,24.78,0.0,0.0
1,2023-10-21 17:15:00,2023-10-21 18:03:00,2,1.67,1,N,244,243,1,3.43,2.5,0.5,1.67,0.0,1.0,11.6,2.5,0.0
1,2023-10-21 20:39:00,2023-10-21 21:32:00,1,0.32,2,N,21,155,1,5.61,1.0,0.5,3.52,6.55,1.0,20.68,2.5,0.0
2,2023-10-21 20:57:00,2023-10-21 21:17:00,2,2.25,1,N,150,232,1,8.98,0.0,0.5,1.9,6.55,1.0,18.93,0.0,0.0
2,2023-10-21 22:00:00,2023-10-21 22:24:00,2,9.04,1,N,152,38,1,12.8,1.0,0.5,4.72,0.0,1.0,22.52,2.5,0.0
1,2023-10-21 22:51:00,2023-10-21 23:04:00,4,3.45,1,N,123,230,1,9.05,0.0,0.5,5.8,6.55,1.0,25.4,2.5,0.0
2,2023-10-21 23:32:00,2023-10-22 00:28:00,4,3.18,1,N,130,154,1,18.44,2.5,0.5,3.16,0.0,1.0,28.1,2.5,0.0
1,2023-10-21 23:50:00,2023-10-22 00:04:00,1,4.24,1,N,16,250,1,3.54,0.0,0.5,1.73,0.0,1.0,6.77,0.0,0.0
2,2023-10-22 01:28:00,2023-10-22 01:54:00,1,5.15,1,N,113,105,1,33.28,2.5,0.5,5.72,0.0,1.0,43.0,0.0,0.0
2,2023-10-22 03:30:00,2023-10-22 03:48:00,4,0.52,1,N,224,15,1,12.23,1.0,0.5,1.87,0.0,1.0,20.85,2.5,1.75
2,2023-10-22 04:02:00,2023-10-22 04:10:00,1,1.58,1,N,247,149,1,5.41,0.5,0.5,0.27,0.0,1.0,7.68,0.0,0.0
2,2023-10-22 10:06:00,2023-10-22 10:38:00,2,4.32,2,N,13,44,1,13.78,0.0,0.5,1.6,6.55,1.0,23.43,0.0,0.0
1,2023-10-22 11:12:00,2023-10-22 11:41:00,1,5.71,1,N,132,86,2,15.03,3.5,0.5,0.23,6.55,1.0,26.81,0.0,0.0
2,2023-10-22 12:47:00,2023-10-22 13:04:00,3,1.46,4,N,57,260,1,6.9,0.5,0.5,6.09,0.0,1.0,16.74,0.0,1.75
2,2023-10-22 13:09:00,2023-10-22 14:07:00,1,4.43,1,N,99,32,1,4.54,2.5,0.5,4.5,6.55,1.0,22.09,2.5,0.0
2,2023-10-22 14:26:00,2023-10-22 14:48:00,1,4.44,1,N,150,174,1,28.13,0.5,0.5,5.33,6.55,1.0,44.51,2.5,0.0
2,2023-10-22 17:10:00,2023-10-22 17:56:00,5,9.46,1,N,100,217,2,12.27,0.0,0.5,1.56,0.0,1.0,15.33,0.0,0.0
1,2023-10-22 19:28:00,2023-10-22 19:38:00,1,2.57,1,N,70,114,1,3.54,2.5,0.5,1.97,0.0,1.0,13.76,2.5,1.75
2,2023-10-22 21:51:00,2023-10-22 22:26:00,1,0.99,1,N,174,109,1,6.94,0.5,0.5,0.28,6.55,1.0,15.77,0.0,0.0
1,2023-10-22 22:44:00,2023-10-22 23:29:00,1,0.87,1,N,69,30,1,14.68,2.5,0.5,0.14,6.55,1.0,27.87,2.5,0.0
1,2023-10-23 01:11:00,2023-10-23 01:30:00,4,2.91,1,N,105,163,1,11.28,2.5,0.5,0.99,0.0,1.0,18.77,2.5,0.0
1,2023-10-23 03:57:00,2023-10-23 04:31:00,1,1.11,5,N,72,169,1,5.85,1.0,0.5,4.16,6.55,1.0,21.56,2.5,0.0
1,2023-10-23 05:06:00,2023-10-23 05:24:00,2,4.55,1,N,243,52,1,3.37,2.5,0.5,0.35,6.55,1.0,16.77,2.5,0.0
2,2023-10-23 11:08:00,2023-10-23 11:15:00,2,1.29,1,N,121,257,1,3.48,0.0,0.5,0.54,0.0,1.0,8.02,2.5,0.0
1,2023-10-23 12:03:00,2023-10-23 12:20:00,1,1.04,1,N,43,13,1,36.28,0.0,0.5,4.36,6.55,1.0,51.19,2.5,0.0
2,2023-10-23 14:19:00,2023-10-23 14:53:00,1,0.59,1,N,103,187,1,31.0,3.5,0.5,5.16,0.0,1.0,41.16,0.0,0.0
1,2023-10-23 14:55:00,2023-10-23 15:06:00,1,0.52,1,N,93,190,1,19.41,2.5,0.5,1.7,6.55,1.0,34.16,2.5,0.0
2,2023-10-23 16:07:00,2023-10-23 16:28:00,1,5.4,1,N,126,246,1,48.85,2.5,0.5,1.57,0.0,1.0,54.42,0.0,0.0
2,2023-10-23 20:09:00,2023-10-23 20:16:00,1,7.18,1,N,182,164,1,36.49,2.5,0.5,1.74,0.0,1.0,44.73,2.5,0.0
2,2023-10-23 20:44:00,2023-10-23 20:55:00,1,3.35,1,N,81,114,1,5.0,1.0,0.5,6.42,0.0,1.0,16.42,2.5,0.0
1,2023-10-23 21:10:00,2023-10-23 22:02:00,1,4.29,1,N,118,163,1,22.0,0.0,0.5,2.46,0.0,1.0,25.96,0.0,0.0
1,2023-10-23 23:08:00,2023-10-23 23:46:00,3,3.34,1,N,67,227,1,3.18,0.5,0.5,0.32,6.55,1.0,14.55,2.5,0.0
1,2023-10-24 01:46:00,2023-10-24 01:59:00,2,1.04,5,N,212,221,1,36.28,0.0,0.5,2.03,6.55,1.0,48.86,2.5,0.0
2,2023-10-24 04:08:00,2023-10-24 04:16:00,1,0.41,1,N,14,175,1,7.89,1.0,0.5,0.22,0.0,1.0,10.61,0.0,0.0
2,2023-10-24 05:37:00,2023-10-24 06:02:00,1,10.16,1,N,95,219,1,9.98,0.0,0.5,4.17,0.0,1.0,18.15,2.5,0.0
1,2023-10-24 05:43:00,2023-10-24 05:59:00,1,2.02,1,N,97,230,1,4.26,3.5,0.5,3.42,0.0,1.0,15.18,2.5,0.0
1,2023-10-24 06:50:00,2023-10-24 07:48:00,1,4.33,1,N,254,24,1,25.51,1.0,0.5,2.56,0.0,1.0,33.07,2.5,0.0
2,2023-10-24 07:13:00,2023-10-24 08:05:00,1,0.69,1,N,50,10,1,8.09,2.5,0.5,3.14,0.0,1.0,15.23,0.0,0.0
1,2023-10-24 07:14:00,2023-10-24 08:10:00,1,4.08,1,N,95,238,1,8.19,0.5,0.5,3.0,6.55,1.0,19.74,0.0,0.0
1,2023-10-24 08:32:00,2023-10-24 09:29:00,3,4.2,1,N,227,231,2,6.13,0.5,0.5,2.79,6.55,1.0,17.47,0.0,0.0
1,2023-10-24 09:12:00,2023-10-24 10:10:00,1,1.89,1,N,186,105,1,6.57,1.0,0.5,2.84,6.55,1.0,20.96,2.5,0.0
2,2023-10-24 10:48:00,2023-10-24 11:39:00,1,1.67,1,N,194,27,1,9.86,1.0,0.5,0.91,0.0,1.0,15.77,2.5,0.0
2,2023-10-24 11:03:00,2023-10-24 11:57:00,1,3.44,1,N,56,209,1,11.97,0.5,0.5,5.21,0.0,1.0,19.18,0.0,0.0
1,2023-10-24 16:14:00,2023-10-24 16:47:00,1,1.91,1,N,79,87,1,20.15,1.0,0.5,5.53,0.0,1.0,28.18,0.0,0.0
2,2023-10-24 16:36:00,2023-10-24 16:47:00,1,1.71,1,N,172,123,2,8.41,0.5,0.5,2.55,6.55,1.0,22.01,2.5,0.0
1,2023-10-24 16:44:00,2023-10-24 16:51:00,1,6.44,1,N,180,159,2,19.44,0.0,0.5,3.53,0.0,1.0,26.97,2.5,0.0
2,2023-10-24 19:07:00,2023-10-24 19:16:00,1,1.07,1,N,179,40,1,3.56,3.5,0.5,2.47,6.55,1.0,20.08,2.5,0.0
2,2023-10-24 21:30:00,2023-10-24 22:05:00,1,1.01,1,N,184,205,1,8.23,3.5,0.5,3.79,6.55,1.0,26.07,2.5,0.0
2,2023-10-25 00:29:00,2023-10-25 01:16:00,1,1.91,1,Y,78,11,1,18.13,3.5,0.5,2.35,6.55,1.0,34.53,2.5,0.0
2,2023-10-25 00:57:00,2023-10-25 01:46:00,1,0.42,1,N,52,47,1,8.04,0.0,0.5,4.34,6.55,1.0,20.43,0.0,0.0
2,2023-10-25 02:26:00,2023-10-25 03:23:00,1,6.54,1,N,207,259,1,7.19,0.0,0.5,0.19,0.0,1.0,11.38,2.5,0.0
2,2023-10-25 02:58:00,2023-10-25 03:40:00,1,0.81,1,N,204,23,1,15.85,2.5,0.5,2.95,6.55,1.0,31.85,2.5,0.0
1,2023-10-25 09:56:00,2023-10-25 10:34:00,3,3.21,1,N,177,218,1,15.5,0.0,0.5,3.99,6.55,1.0,30.04,2.5,0.0
2,2023-10-25 11:55:00,2023-10-25 12:23:00,1,3.22,1,N,141,258,2,23.32,3.5,0.5,1.47,0.0,1.0,32.29,2.5,0.0
2,2023-10-25 14:36:00,2023-10-25 15:19:00,1,0.91,4,N,216,115,1,13.45,2.5,0.5,2.7,6.55,1.0,30.95,2.5,1.75
2,2023-10-25 14:45:00,2023-10-25 15:12:00,1,2.06,1,N,35,91,2,40.4,0.0,0.5,3.04,0.0,1.0,47.44,2.5,0.0
1,2023-10-25 15:58:00,2023-10-25 16:09:00,1,1.42,1,N,233,176,1,10.59,0.0,0.5,2.54,0.0,1.0,17.13,2.5,0.0
2,2023-10-25 17:33:00,2023-10-25 17:39:00,3,6.13,1,N,99,90,1,5.19,0.5,0.5,2.19,6.55,1.0,20.18,2.5,1.75
1,2023-10-25 17:45:00,2023-10-25 18:07:00,1,1.72,1,N,58,196,2,4.33,2.5,0.5,2.18,0.0,1.0,13.01,2.5,0.0
2,2023-10-25 21:48:00,2023-10-25 22:37:00,2,2.0,1,N,239,161,1,8.47,1.0,0.5,1.74,6.55,1.0,19.26,0.0,0.0
1,2023-10-25 23:09:00,2023-10-26 00:06:00,1,7.1,2,N,104,248,1,3.32,2.5,0.5,0.31,0.0,1.0,10.13,2.5,0.0
2,2023-10-26 00:25:00,2023-10-26 00:34:00,1,2.07,1,N,26,147,1,26.46,1.0,0.5,1.48,0.0,1.0,30.44,0.0,0.0
2,2023-10-26 02:36:00,2023-10-26 02:45:00,1,0.82,1,N,160,202,1,7.29,0.0,0.5,0.06,6.55,1.0,17.9,2.5,0.0
1,2023-10-26 03:32:00,2023-10-26 04:15:00,1,7.68,1,N,168,110,1,20.75,1.0,0.5,2.2,0.0,1.0,29.7,2.5,1.75
2,2023-10-26 05:20:00,2023-10-26 06:03:00,1,2.53,1,N,210,24,1,6.98,3.5,0.5,0.95,6.55,1.0,23.73,2.5,1.75
1,2023-10-26 05:54:00,2023-10-26 06:25:00,3,0.41,1,N,212,213,1,12.97,1.0,0.5,1.6,0.0,1.0,19.57,2.5,0.0
1,2023-10-26 06:25:00,2023-10-26 06:35:00,1,0.41,1,N,219,20,1,5.27,3.5,0.5,0.76,6.55,1.0,20.08,2.5,0.0
2,2023-10-26 09:00:00,2023-10-26 09:36:00,1,2.12,1,N,49,104,1,32.26,2.5,0.5,6.25,6.55,1.0,51.56,2.5,0.0
1,2023-10-26 09:07:00,2023-10-26 09:41:00,1,1.87,1,N,81,225,1,13.2,1.0,0.5,1.78,6.55,1.0,26.53,2.5,0.0
1,2023-10-26 10:05:00,2023-10-26 10:29:00,1,3.35,1,N,225,121,1,3.38,2.5,0.5,5.41,0.0,1.0,12.79,0.0,0.0
1,2023-10-26 10:43:00,2023-10-26 11:04:00,3,2.59,1,N,51,249,1,6.36,2.5,0.5,3.03,0.0,1.0,13.39,0.0,0.0
2,2023-10-26 11:22:00,2023-10-26 11:30:00,1,0.86,1,N,26,59,1,7.54,3.5,0.5,4.8,0.0,1.0,17.34,0.0,0.0
1,2023-10-26 12:12:00,2023-10-26 12:46:00,2,0.62,1,N,104,207,1,5.18,1.0,0.5,3.83,0.0,1.0,11.51,0.0,0.0
1,2023-10-26 17:39:00,2023-10-26 17:58:00,1,0.49,1,Y,259,30,1,18.76,2.5,0.5,5.37,0.0,1.0,28.13,0.0,0.0
2,2023-10-26 17:52:00,2023-10-26 18:21:00,1,3.58,1,N,116,17,1,8.12,0.0,0.5,2.02,0.0,1.0,11.64,0.0,0.0
2,2023-10-26 19:07:00,2023-10-26 19:43:00,1,0.52,1,Y,213,250,1,32.22,0.0,0.5,1.21,0.0,1.0,37.43,2.5,0.0
1,2023-10-26 21:44:00,2023-10-26 21:57:00,1,3.63,1,N,182,213,1,27.63,0.5,0.5,0.68,0.0,1.0,34.56,2.5,1.75
1,2023-10-26 22:02:00,2023-10-26 22:16:00,1,4.4,1,N,250,80,2,14.07,2.5,0.5,1.79,6.55,1.0,26.41,0.0,0.0
1,2023-10-27 00:39:00,2023-10-27 01:00:00,1,3.97,1,N,71,207,1,3.01,0.5,0.5,2.8,6.55,1.0,16.86,2.5,0.0
2,2023-10-27 01:14:00,2023-10-27 01:45:00,5,3.86,1,N,256,161,1,7.48,3.5,0.5,1.4,0.0,1.0,16.38,2.5,0.0
2,2023-10-27 03:43:00,2023-10-27 04:40:00,2,0.48,1,N,75,19,1,47.94,2.5,0.5,7.8,0.0,1.0,59.74,0.0,0.0
2,2023-10-27 03:49:00,2023-10-27 04:47:00,1,2.03,1,N,117,18,2,22.52,2.5,0.5,6.01,6.55,1.0,41.58,2.5,0.0
1,2023-10-27 08:18:00,2023-10-27 08:40:00,1,3.75,1,N,96,234,1,23.42,0.5,0.5,0.1,0.0,1.0,28.02,2.5,0.0
1,2023-10-27 09:16:00,2023-10-27 10:14:00,1,1.69,1,N,72,119,1,18.14,2.5,0.5,3.2,0.0,1.0,27.84,2.5,0.0
2,2023-10-27 12:42:00,2023-10-27 12:53:00,1,0.34,1,N,83,209,2,20.31,0.0,0.5,0.5,0.0,1.0,24.81,2.5,0.0
2,2023-10-27 13:34:00,2023-10-27 13:52:00,1,1.86,1,N,164,222,1,11.0,0.0,0.5,1.02,0.0,1.0,13.52,0.0,0.0
1,2023-10-27 14:13:00,2023-10-27 14:32:00,2,1.27,1,N,124,31,1,24.68,0.0,0.5,0.15,0.0,1.0,28.83,2.5,0.0
1,2023-10-27 14:36:00,2023-10-27 15:25:00,1,6.71,1,N,171,98,1,6.88,1.0,0.5,0.32,0.0,1.0,9.7,0.0,0.0
1,2023-10-27 14:59:00,2023-10-27 15:15:00,2,3.58,1,N,108,116,1,34.5,0.0,0.5,0.45,6.55,1.0,43.0,0.0,0.0
2,2023-10-27 19:22:00,2023-10-27 20:02:00,2,1.35,1,N,170,12,1,43.75,0.5,0.5,0.58,6.55,1.0,55.38,2.5,0.0
2,2023-10-27 19:34:00,2023-10-27 19:55:00,3,1.38,1,N,179,130,1,6.86,0.5,0.5,5.0,0.0,1.0,16.36,2.5,0.0
1,2023-10-27 21:19:00,2023-10-27 21:33:00,1,3.72,1,N,17,167,1,5.68,3.5,0.5,4.8,6.55,1.0,22.03,0.0,0.0
1,2023-10-27 23:38:00,2023-10-28 00:04:00,1,0.57,1,N,145,164,1,15.42,1.0,0.5,1.08,6.55,1.0,25.55,0.0,0.0
2,2023-10-28 03:26:00,2023-10-28 03:59:00,1,1.1,1,N,182,49,1,42.43,1.0,0.5,1.81,0.0,1.0,46.74,0.0,0.0
1,2023-10-28 05:15:00,2023-10-28 05:58:00,1,1.06,1,N,160,124,2,18.71,0.0,0.5,0.53,0.0,1.0,24.99,2.5,1.75
1,2023-10-28 07:10:00,2023-10-28 08:04:00,1,3.73,2,N,47,118,1,5.86,0.0,0.5,0.52,0.0,1.0,10.38,2.5,0.0
2,2023-10-28 08:18:00,2023-10-28 08:30:00,1,0.48,1,N,50,52,1,41.92,1.0,0.5,1.73,6.55,1.0,55.2,2.5,0.0
2,2023-10-28 09:08:00,2023-10-28 09:22:00,4,2.77,1,N,203,41,1,11.42,2.5,0.5,4.16,6.55,1.0,26.13,0.0,0.0
1,2023-10-28 10:59:00,2023-10-28 11:38:00,1,3.88,1,N,99,139,1,8.76,0.5,0.5,3.11,6.55,1.0,22.92,2.5,0.0
1,2023-10-28 11:20:00,2023-10-28 12:10:00,1,3.57,1,N,250,79,1,5.89,2.5,0.5,0.49,0.0,1.0,14.63,2.5,1.75
1,2023-10-28 13:49:00,2023-10-28 14:21:00,2,3.88,1,N,233,258,1,26.45,0.5,0.5,0.37,0.0,1.0,30.57,0.0,1.75
1,2023-10-28 14:42:00,2023-10-28 14:55:00,2,0.31,1,N,262,14,1,21.7,0.0,0.5,3.01,6.55,1.0,35.26,2.5,0.0
1,2023-10-28 15:41:00,2023-10-28 16:36:00,4,2.47,1,N,74,6,1,7.25,1.0,0.5,1.61,6.55,1.0,20.41,2.5,0.0
1,2023-10-28 16:35:00,2023-10-28 17:15:00,1,1.01,1,N,67,26,1,23.04,3.5,0.5,4.13,6.55,1.0,38.72,0.0,0.0
1,2023-10-28 17:07:00,2023-10-28 17:35:00,1,1.06,1,N,215,45,1,9.16,2.5,0.5,4.14,0.0,1.0,19.8,2.5,0.0
2,2023-10-28 22:54:00,2023-10-28 23:00:00,1,2.35,1,N,146,51,1,69.31,3.5,0.5,0.06,0.0,1.0,74.37,0.0,0.0
2,2023-10-29 05:57:00,2023-10-29 06:10:00,1,2.99,1,N,264,59,2,29.66,3.5,0.5,0.42,0.0,1.0,37.58,2.5,0.0
1,2023-10-29 06:16:00,2023-10-29 06:28:00,1,1.52,1,N,55,170,1,19.09,1.0,0.5,0.95,0.0,1.0,25.04,2.5,0.0
2,2023-10-29 06:19:00,2023-10-29 07:13:00,1,3.32,1,N,175,35,2,8.07,0.5,0.5,2.65,6.55,1.0,19.27,0.0,0.0
2,2023-10-29 08:14:00,2023-10-29 08:37:00,1,0.91,1,N,256,212,1,10.76,0.0,0.5,6.41,6.55,1.0,27.72,2.5,0.0
1,2023-10-29 08:30:00,2023-10-29 09:25:00,1,2.63,3,N,170,210,1,9.12,1.0,0.5,3.24,0.0,1.0,17.36,2.5,0.0
2,2023-10-29 08:41:00,2023-10-29 08:50:00,2,0.52,1,N,264,62,1,20.92,2.5,0.5,0.52,0.0,1.0,27.94,2.5,0.0
1,2023-10-29 12:59:00,2023-10-29 13:28:00,1,2.16,1,N,6,60,2,8.49,0.5,0.5,0.2,0.0,1.0,13.19,2.5,0.0
2,2023-10-29 15:36:00,2023-10-29 16:19:00,1,1.96,1,N,100,234,2,6.86,0.0,0.5,3.11,6.55,1.0,20.52,2.5,0.0
2,2023-10-30 01:55:00,2023-10-30 02:05:00,1,4.81,1,N,20,179,1,4.73,2.5,0.5,0.11,6.55,1.0,17.89,2.5,0.0
1,2023-10-30 02:48:00,2023-10-30 03:31:00,2,3.74,1,N,93,171,2,14.43,0.5,0.5,1.77,0.0,1.0,20.7,2.5,0.0
2,2023-10-30 03:11:00,2023-10-30 03:21:00,1,1.2,1,N,51,197,1,7.27,1.0,0.5,1.86,0.0,1.0,14.13,2.5,0.0
1,2023-10-30 04:06:00,2023-10-30 05:02:00,1,6.45,1,N,252,69,1,12.29,2.5,0.5,0.83,0.0,1.0,19.62,2.5,0.0
2,2023-10-30 04:45:00,2023-10-30 05:30:00,1,1.25,1,N,73,70,2,37.81,3.5,0.5,3.37,6.55,1.0,54.48,0.0,1.75
1,2023-10-30 09:03:00,2023-10-30 09:41:00,1,1.55,2,N,2,21,2,13.58,2.5,0.5,1.43,0.0,1.0,19.01,0.0,0.0
2,2023-10-30 09:57:00,2023-10-30 10:53:00,3,5.99,1,N,9,195,3,3.81,0.0,0.5,3.33,0.0,1.0,8.64,0.0,0.0
1,2023-10-30 11:24:00,2023-10-30 12:09:00,1,2.9,1,N,54,5,1,5.25,0.5,0.5,0.69,0.0,1.0,10.44,2.5,0.0
1,2023-10-30 12:33:00,2023-10-30 12:39:00,1,1.9,1,N,114,118,2,13.05,1.0,0.5,2.68,0.0,1.0,20.73,2.5,0.0
2,2023-10-30 12:47:00,2023-10-30 13:01:00,2,1.63,3,N,194,121,1,7.84,2.5,0.5,2.58,0.0,1.0,18.67,2.5,1.75
1,2023-10-30 13:24:00,2023-10-30 13:37:00,1,4.08,1,N,120,56,1,42.81,1.0,0.5,2.66,0.0,1.0,47.97,0.0,0.0
2,2023-10-30 16:00:00,2023-10-30 16:40:00,1,0.9,1,N,80,77,1,8.31,0.5,0.5,6.37,6.55,1.0,25.73,2.5,0.0
1,2023-10-30 17:28:00,2023-10-30 18:11:00,2,3.72,4,N,123,41,1,8.08,2.5,0.5,0.01,6.55,1.0,22.89,2.5,1.75
2,2023-10-30 19:28:00,2023-10-30 20:01:00,3,3.43,1,N,11,139,2,39.93,0.0,0.5,3.68,0.0,1.0,49.36,2.5,1.75
2,2023-10-30 21:22:00,2023-10-30 21:39:00,1,2.69,1,N,253,173,1,20.94,0.0,0.5,2.53,0.0,1.0,27.47,2.5,0.0
2,2023-10-31 00:21:00,2023-10-31 00:55:00,1,9.04,1,N,90,212,1,8.14,3.5,0.5,0.33,0.0,1.0,15.97,2.5,0.0
2,2023-10-31 03:42:00,2023-10-31 04:05:00,1,3.4,1,N,142,166,1,10.93,1.0,0.5,0.21,6.55,1.0,24.44,2.5,1.75
2,2023-10-31 04:11:00,2023-10-31 04:57:00,1,0.61,1,N,146,218,1,54.92,1.0,0.5,0.02,6.55,1.0,66.49,2.5,0.0
2,2023-10-31 04:46:00,2023-10-31 05:25:00,1,4.25,1,N,21,145,1,23.04,1.0,0.5,1.93,0.0,1.0,31.72,2.5,1.75
1,2023-10-31 04:47:00,2023-10-31 05:11:00,1,4.08,1,N,86,74,1,20.65,2.5,0.5,0.92,6.55,1.0,34.62,2.5,0.0
2,2023-10-31 05:04:00,2023-10-31 05:59:00,2,3.11,1,N,231,136,1,23.65,3.5,0.5,0.07,0.0,1.0,31.22,2.5,0.0
2,2023-10-31 05:59:00,2023-10-31 06:42:00,1,3.0,1,N,215,40,2,18.05,2.5,0.5,0.61,6.55,1.0,31.71,2.5,0.0
1,2023-10-31 09:02:00,2023-10-31 09:58:00,1,6.06,1,N,138,28,2,11.92,2.5,0.5,2.13,6.55,1.0,27.1,2.5,0.0
1,2023-10-31 13:00:00,2023-10-31 13:40:00,1,4.67,1,N,71,172,1,15.21,0.0,0.5,1.6,6.55,1.0,24.86,0.0,0.0
2,2023-10-31 19:10:00,2023-10-31 19:36:00,3,4.74,1,N,194,35,1,3.55,0.0,0.5,2.63,0.0,1.0,7.68,0.0,0.0
1,2023-10-31 19:17:00,2023-10-31 19:57:00,2,1.35,1,N,222,32,1,12.15,3.5,0.5,4.59,6.55,1.0,30.79,2.5,0.0
2,2023-10-31 19:20:00,2023-10-31 19:51:00,1,0.57,1,N,116,180,1,52.13,1.0,0.5,3.17,0.0,1.0,60.3,2.5,0.0
2,2023-10-31 21:05:00,2023-10-31 21:10:00,1,3.57,1,N,195,175,2,11.91,0.5,0.5,2.33,0.0,1.0,16.24,0.0,0.0
2,2023-10-31 21:45:00,2023-10-31 22:00:00,3,1.69,1,N,98,67,1,29.59,1.0,0.5,0.78,6.55,1.0,41.17,0.0,1.75
2,2023-10-31 21:49:00,2023-10-31 22:28:00,1,4.68,1,N,206,154,1,26.6,3.5,0.5,6.04,6.55,1.0,46.69,2.5,0.0
2,2023-10-31 22:11:00,2023-10-31 23:05:00,1,1.81,1,N,195,229,1,27.85,2.5,0.5,0.69,6.55,1.0,41.59,2.5,0.0
1,2023-11-01 00:25:00,2023-11-01 00:33:00,1,1.3,2,N,129,174,2,30.86,0.5,0.5,8.54,6.55,1.0,52.2,2.5,1.75
1,2023-11-01 00:45:00,2023-11-01 01:36:00,3,0.69,1,N,129,187,1,17.85,2.5,0.5,0.94,6.55,1.0,29.34,0.0,0.0
1,2023-11-01 03:00:00,2023-11-01 03:43:00,2,2.36,4,N,160,201,1,19.71,1.0,0.5,0.94,0.0,1.0,24.9,0.0,1.75
1,2023-11-01 03:45:00,2023-11-01 04:41:00,3,0.57,1,N,201,202,1,11.98,3.5,0.5,1.2,0.0,1.0,18.18,0.0,0.0
1,2023-11-01 05:20:00,2023-11-01 05:40:00,1,2.54,4,N,27,235,1,13.0,3.5,0.5,0.61,0.0,1.0,21.11,2.5,0.0
1,2023-11-01 08:02:00,2023-11-01 08:16:00,1,6.23,1,N,7,173,1,4.3,0.0,0.5,0.06,6.55,1.0,14.91,2.5,0.0
2,2023-11-01 11:32:00,2023-11-01 12:28:00,3,0.34,1,N,186,132,4,3.67,1.0,0.5,5.31,0.0,1.0,13.98,2.5,0.0
1,2023-11-01 11:38:00,2023-11-01 12:10:00,5,0.47,1,N,223,90,1,5.09,3.5,0.5,1.49,6.55,1.0,22.38,2.5,1.75
1,2023-11-01 11:49:00,2023-11-01 12:25:00,2,1.02,1,N,142,56,1,9.19,3.5,0.5,5.13,6.55,1.0,28.37,2.5,0.0
1,2023-11-01 12:00:00,2023-11-01 12:39:00,1,3.07,1,N,43,80,1,9.22,3.5,0.5,0.55,6.55,1.0,23.82,2.5,0.0
1,2023-11-01 15:01:00,2023-11-01 15:23:00,1,6.17,1,N,169,153,1,21.41,0.0,0.5,1.05,0.0,1.0,26.46,2.5,0.0
1,2023-11-01 15:56:00,2023-11-01 16:06:00,3,4.47,1,N,249,72,1,4.59,0.5,0.5,1.36,6.55,1.0,17.0,2.5,0.0
1,2023-11-01 16:21:00,2023-11-01 17:19:00,1,2.66,2,N,36,263,1,14.55,2.5,0.5,2.15,6.55,1.0,27.25,0.0,0.0
1,2023-11-01 16:35:00,2023-11-01 17:21:00,4,1.86,1,N,179,52,1,6.57,3.5,0.5,3.2,6.55,1.0,23.82,2.5,0.0
2,2023-11-01 16:54:00,2023-11-01 17:37:00,2,0.37,1,N,212,109,1,4.45,1.0,0.5,0.14,6.55,1.0,15.39,0.0,1.75
2,2023-11-01 20:03:00,2023-11-01 20:35:00,1,4.89,1,N,1,64,1,5.52,0.0,0.5,0.33,0.0,1.0,9.85,2.5,0.0
1,2023-11-01 20:14:00,2023-11-01 20:56:00,1,2.41,2,N,58,228,1,21.65,0.5,0.5,0.15,6.55,1.0,30.35,0.0,0.0
2,2023-11-01 20:16:00,2023-11-01 20:47:00,1,1.13,1,N,91,66,2,23.95,1.0,0.5,2.56,0.0,1.0,30.76,0.0,1.75
2,2023-11-01 21:10:00,2023-11-01 21:16:00,1,0.95,1,N,8,252,1,15.32,0.5,0.5,0.84,6.55,1.0,27.21,2.5,0.0
1,2023-11-02 00:57:00,2023-11-02 01:05:00,1,7.02,1,N,251,259,1,7.21,3.5,0.5,0.24,0.0,1.0,14.95,2.5,0.0
1,2023-11-02 02:38:00,2023-11-02 02:57:00,1,0.66,1,N,47,76,2,8.91,3.5,0.5,6.86,0.0,1.0,22.52,0.0,1.75
1,2023-11-02 03:50:00,2023-11-02 04:18:00,1,10.07,1,N,255,152,1,4.49,2.5,0.5,0.94,0.0,1.0,13.68,2.5,1.75
1,2023-11-02 03:59:00,2023-11-02 04:18:00,1,1.08,1,N,36,256,2,6.61,2.5,0.5,3.09,6.55,1.0,22.75,2.5,0.0
2,2023-11-02 05:03:00,2023-11-02 05:18:00,1,0.42,1,N,152,169,2,6.76,0.5,0.5,1.27,0.0,1.0,12.53,2.5,0.0
2,2023-11-02 08:47:00,2023-11-02 09:27:00,1,8.39,1,N,55,120,1,16.64,3.5,0.5,2.91,0.0,1.0,27.05,2.5,0.0
2,2023-11-02 09:52:00,2023-11-02 10:13:00,1,8.14,1,N,57,208,1,6.56,0.0,0.5,0.72,6.55,1.0,15.33,0.0,0.0
2,2023-11-02 12:33:00,2023-11-02 12:53:00,1,3.76,1,N,154,38,4,3.4,0.0,0.5,1.86,0.0,1.0,11.01,2.5,1.75
2,2023-11-02 12:47:00,2023-11-02 13:28:00,2,4.37,1,N,201,215,1,3.38,0.0,0.5,8.3,6.55,1.0,21.48,0.0,1.75
2,2023-11-02 13:35:00,2023-11-02 14:04:00,1,0.8,1,N,262,58,1,6.94,3.5,0.5,0.6,0.0,1.0,16.79,2.5,1.75
2,2023-11-02 14:57:00,2023-11-02 15:46:00,1,1.26,1,N,27,27,2,6.51,1.0,0.5,1.29,6.55,1.0,16.85,0.0,0.0
1,2023-11-02 16:50:00,2023-11-02 17:48:00,1,3.04,1,N,235,141,1,18.16,0.5,0.5,1.26,6.55,1.0,27.97,0.0,0.0
1,2023-11-02 18:00:00,2023-11-02 18:26:00,3,3.47,1,N,141,221,1,10.85,1.0,0.5,4.39,0.0,1.0,17.74,0.0,0.0
2,2023-11-02 20:20:00,2023-11-02 20:57:00,1,4.29,1,N,100,19,3,8.39,0.5,0.5,0.81,0.0,1.0,15.45,2.5,1.75
2,2023-11-03 04:00:00,2023-11-03 04:41:00,1,2.37,1,N,192,181,1,6.7,2.5,0.5,0.21,6.55,1.0,17.46,0.0,0.0
2,2023-11-03 04:37:00,2023-11-03 05:21:00,1,1.18,1,N,203,145,1,21.9,1.0,0.5,2.82,0.0,1.0,29.72,2.5,0.0
2,2023-11-03 05:40:00,2023-11-03 05:46:00,1,2.5,1,N,106,87,1,16.64,0.5,0.5,1.05,6.55,1.0,28.74,2.5,0.0
1,2023-11-03 05:51:00,2023-11-03 06:43:00,4,2.8,1,N,150,17,1,24.65,2.5,0.5,6.44,0.0,1.0,37.59,2.5,0.0
2,2023-11-03 06:48:00,2023-11-03 07:13:00,1,0.48,1,N,2,247,1,6.1,2.5,0.5,1.74,6.55,1.0,20.89,2.5,0.0
1,2023-11-03 08:04:00,2023-11-03 08:20:00,5,5.04,1,N,76,144,1,11.68,2.5,0.5,1.0,6.55,1.0,25.73,2.5,0.0
1,2023-11-03 12:56:00,2023-11-03 13:07:00,1,1.16,1,N,191,89,2,12.5,2.5,0.5,5.47,0.0,1.0,24.47,2.5,0.0
2,2023-11-03 13:21:00,2023-11-03 13:58:00,1,7.7,1,N,46,212,1,15.54,3.5,0.5,0.18,0.0,1.0,23.22,2.5,0.0
2,2023-11-03 13:40:00,2023-11-03 14:39:00,1,1.06,1,N,205,209,1,24.1,1.0,0.5,6.69,0.0,1.0,35.79,2.5,0.0
2,2023-11-03 14:21:00,2023-11-03 14:36:00,1,1.07,1,N,115,56,1,19.98,1.0,0.5,0.63,6.55,1.0,29.66,0.0,0.0
2,2023-11-03 14:23:00,2023-11-03 14:29:00,1,2.81,1,N,148,147,1,11.06,0.5,0.5,2.74,0.0,1.0,15.8,0.0,0.0
1,2023-11-03 18:13:00,2023-11-03 18:36:00,1,0.51,1,N,5,188,1,17.29,3.5,0.5,3.55,6.55,1.0,32.39,0.0,0.0
2,2023-11-03 18:39:00,2023-11-03 19:11:00,3,0.66,1,N,169,121,1,7.54,0.5,0.5,3.7,0.0,1.0,15.74,2.5,0.0
1,2023-11-03 21:04:00,2023-11-03 21:37:00,1,0.4,1,N,59,122,1,19.17,0.0,0.5,1.07,6.55,1.0,30.79,2.5,0.0
1,2023-11-03 23:41:00,2023-11-04 00:13:00,1,1.03,1,N,246,201,1,23.31,0.5,0.5,2.89,0.0,1.0,28.2,0.0,0.0
2,2023-11-03 23:45:00,2023-11-04 00:44:00,3,0.44,1,N,70,124,1,4.14,0.5,0.5,6.89,6.55,1.0,22.08,2.5,0.0
1,2023-11-04 00:31:00,2023-11-04 00:48:00,5,2.94,1,N,226,173,1,8.0,0.5,0.5,2.78,6.55,1.0,21.83,2.5,0.0
1,2023-11-04 00:56:00,2023-11-04 01:33:00,1,1.41,1,N,78,206,1,26.91,0.0,0.5,4.7,0.0,1.0,33.11,0.0,0.0
1,2023-11-04 02:44:00,2023-11-04 03:34:00,1,0.76,1,N,188,217,1,5.22,0.0,0.5,5.8,0.0,1.0,15.02,2.5,0.0
1,2023-11-04 03:36:00,2023-11-04 04:14:00,1,1.21,1,Y,80,254,1,13.42,0.0,0.5,2.66,6.55,1.0,26.63,2.5,0.0
1,2023-11-04 09:12:00,2023-11-04 10:01:00,1,2.79,1,N,31,178,1,7.23,0.0,0.5,3.08,0.0,1.0,14.31,2.5,0.0
2,2023-11-04 11:25:00,2023-11-04 11:41:00,5,1.25,2,N,189,161,1,10.24,0.0,0.5,1.54,0.0,1.0,13.28,0.0,0.0
2,2023-11-04 12:46:00,2023-11-04 13:26:00,4,1.7,1,N,68,207,2,8.12,0.0,0.5,0.42,0.0,1.0,12.54,2.5,0.0
2,2023-11-04 13:22:00,2023-11-04 13:39:00,1,10.56,2,N,48,52,1,5.37,0.5,0.5,0.88,0.0,1.0,8.25,0.0,0.0
2,2023-11-04 13:39:00,2023-11-04 13:56:00,1,3.33,1,N,218,128,1,9.42,0.0,0.5,0.95,0.0,1.0,14.37,2.5,0.0
1,2023-11-04 13:45:00,2023-11-04 14:11:00,1,4.56,1,N,72,79,1,4.44,0.0,0.5,0.5,0.0,1.0,10.69,2.5,1.75
1,2023-11-04 14:19:00,2023-11-04 14:46:00,1,4.41,1,Y,140,185,1,14.16,1.0,0.5,0.82,0.0,1.0,19.98,2.5,0.0
1,2023-11-04 15:51:00,2023-11-04 16:06:00,1,0.92,1,N,53,177,1,5.81,2.5,0.5,0.39,6.55,1.0,19.25,2.5,0.0
2,2023-11-04 16:17:00,2023-11-04 16:57:00,1,0.98,1,N,257,196,1,38.73,0.0,0.5,4.38,6.55,1.0,53.66,2.5,0.0
2,2023-11-04 16:26:00,2023-11-04 17:24:00,1,1.27,1,N,48,155,1,5.15,3.5,0.5,0.33,6.55,1.0,19.53,2.5,0.0
1,2023-11-04 19:38:00,2023-11-04 19:49:00,1,2.09,1,N,66,177,2,30.74,1.0,0.5,0.01,6.55,1.0,44.05,2.5,1.75
2,2023-11-04 20:36:00,2023-11-04 20:57:00,2,4.36,1,Y,115,125,1,9.53,0.5,0.5,3.13,6.55,1.0,23.71,2.5,0.0
2,2023-11-04 20:44:00,2023-11-04 21:13:00,2,4.21,1,N,243,153,1,7.72,2.5,0.5,2.52,0.0,1.0,16.74,2.5,0.0
2,2023-11-04 22:41:00,2023-11-04 23:26:00,1,2.83,1,N,251,22,1,4.57,1.0,0.5,3.07,0.0,1.0,12.64,2.5,0.0
1,2023-11-05 01:19:00,2023-11-05 01:49:00,1,4.5,1,N,98,11,1,10.26,3.5,0.5,0.17,6.55,1.0,23.73,0.0,1.75
2,2023-11-05 02:36:00,2023-11-05 03:20:00,1,2.43,1,N,75,169,1,5.71,2.5,0.5,1.68,6.55,1.0,20.44,2.5,0.0
2,2023-11-05 05:13:00,2023-11-05 05:32:00,1,4.79,1,N,111,242,1,35.13,0.5,0.5,5.1,0.0,1.0,44.73,2.5,0.0
2,2023-11-05 05:22:00,2023-11-05 05:38:00,3,0.31,1,N,2,193,1,23.77,1.0,0.5,0.34,6.55,1.0,33.16,0.0,0.0
2,2023-11-05 07:05:00,2023-11-05 07:13:00,1,3.97,1,N,37,48,1,8.73,1.0,0.5,0.03,0.0,1.0,13.76,2.5,0.0
1,2023-11-05 11:11:00,2023-11-05 12:03:00,1,1.69,1,N,68,64,1,22.19,0.0,0.5,6.4,0.0,1.0,30.09,0.0,0.0
2,2023-11-05 11:29:00,2023-11-05 11:35:00,1,3.59,1,N,33,163,1,21.5,0.5,0.5,5.89,6.55,1.0,38.44,2.5,0.0
1,2023-11-05 19:49:00,2023-11-05 20:31:00,1,1.47,1,N,255,135,1,6.25,0.5,0.5,4.5,0.0,1.0,15.25,2.5,0.0
2,2023-11-05 19:57:00,2023-11-05 20:41:00,1,0.45,1,N,120,134,2,9.35,2.5,0.5,2.47,0.0,1.0,18.32,2.5,0.0
1,2023-11-05 19:58:00,2023-11-05 20:13:00,1,0.77,1,N,9,57,2,10.39,0.0,0.5,0.01,6.55,1.0,20.95,2.5,0.0
2,2023-11-05 20:35:00,2023-11-05 20:40:00,1,0.53,1,N,260,3,1,32.98,0.0,0.5,1.88,0.0,1.0,38.86,2.5,0.0
1,2023-11-05 22:04:00,2023-11-05 23:00:00,1,0.34,3,N,14,192,1,33.08,0.5,0.5,0.89,0.0,1.0,40.22,2.5,1.75
2,2023-11-05 22:25:00,2023-11-05 22:38:00,1,0.31,1,N,70,73,1,5.18,0.0,0.5,1.14,0.0,1.0,10.32,2.5,0.0
1,2023-11-05 22:34:00,2023-11-05 22:39:00,1,1.06,1,N,210,222,1,11.33,3.5,0.5,0.64,6.55,1.0,23.52,0.0,0.0
2,2023-11-06 00:12:00,2023-11-06 00:53:00,1,5.72,1,N,95,161,1,24.58,3.5,0.5,2.53,0.0,1.0,32.11,0.0,0.0
1,2023-11-06 00:15:00,2023-11-06 00:23:00,2,5.29,1,N,87,120,1,6.95,2.5,0.5,1.95,6.55,1.0,19.45,0.0,0.0
2,2023-11-06 02:13:00,2023-11-06 02:39:00,1,4.06,1,N,226,7,4,8.83,2.5,0.5,0.71,0.0,1.0,16.04,2.5,0.0
1,2023-11-06 02:16:00,2023-11-06 02:47:00,2,9.01,1,N,154,238,1,24.72,2.5,0.5,6.38,0.0,1.0,36.85,0.0,1.75
2,2023-11-06 02:21:00,2023-11-06 03:00:00,1,3.79,1,N,63,120,1,21.27,2.5,0.5,8.45,6.55,1.0,44.52,2.5,1.75
2,2023-11-06 03:10:00,2023-11-06 03:32:00,1,0.76,1,N,140,87,1,15.66,0.5,0.5,1.15,0.0,1.0,21.31,2.5,0.0
2,2023-11-06 06:38:00,2023-11-06 07:05:00,1,0.48,1,N,12,227,1,8.78,0.5,0.5,6.54,6.55,1.0,28.12,2.5,1.75
1,2023-11-06 06:56:00,2023-11-06 07:18:00,4,1.69,1,N,145,151,1,3.32,2.5,0.5,3.37,6.55,1.0,17.24,0.0,0.0
1,2023-11-06 06:57:00,2023-11-06 07:53:00,1,1.95,1,N,181,131,1,17.75,0.5,0.5,3.57,6.55,1.0,34.12,2.5,1.75
2,2023-11-06 07:34:00,2023-11-06 08:30:00,3,1.86,1,N,203,142,3,6.55,0.5,0.5,0.21,0.0,1.0,8.76,0.0,0.0
2,2023-11-06 08:45:00,2023-11-06 09:00:00,1,0.92,1,N,8,245,1,34.02,1.0,0.5,5.57,6.55,1.0,52.89,2.5,1.75
1,2023-11-06 10:03:00,2023-11-06 10:37:00,2,2.84,1,N,102,214,1,6.23,0.0,0.5,0.16,0.0,1.0,7.89,0.0,0.0
1,2023-11-06 15:04:00,2023-11-06 15:51:00,2,2.68,1,N,117,197,1,11.22,2.5,0.5,0.23,0.0,1.0,15.45,0.0,0.0
1,2023-11-06 15:12:00,2023-11-06 15:18:00,1,1.12,1,N,67,49,1,31.95,1.0,0.5,3.8,0.0,1.0,40.75,2.5,0.0
1,2023-11-06 16:15:00,2023-11-06 17:12:00,2,5.68,1,N,130,215,1,47.94,0.0,0.5,4.61,6.55,1.0,63.1,2.5,0.0
2,2023-11-07 00:38:00,2023-11-07 01:33:00,1,1.07,2,N,137,2,1,19.51,0.5,0.5,1.38,0.0,1.0,25.39,2.5,0.0
1,2023-11-07 03:56:00,2023-11-07 04:23:00,1,2.61,1,Y,134,178,1,5.05,2.5,0.5,4.09,6.55,1.0,22.19,2.5,0.0
2,2023-11-07 06:30:00,2023-11-07 07:20:00,1,1.15,3,N,53,241,3,4.87,2.5,0.5,1.08,6.55,1.0,19.0,2.5,0.0
1,2023-11-07 09:51:00,2023-11-07 10:15:00,1,0.58,1,N,128,61,1,3.11,0.5,0.5,0.32,6.55,1.0,14.48,2.5,0.0
2,2023-11-07 14:04:00,2023-11-07 14:13:00,1,3.93,1,N,179,143,1,4.43,0.5,0.5,4.19,0.0,1.0,14.87,2.5,1.75
1,2023-11-07 16:55:00,2023-11-07 17:22:00,1,0.72,1,N,109,175,1,27.46,3.5,0.5,1.79,6.55,1.0,40.8,0.0,0.0
1,2023-11-07 19:16:00,2023-11-07 20:01:00,1,4.53,1,N,235,30,1,10.26,3.5,0.5,11.24,6.55,1.0,35.55,2.5,0.0
1,2023-11-07 19:17:00,2023-11-07 19:28:00,4,1.69,1,N,197,264,1,6.81,0.0,0.5,1.1,0.0,1.0,9.41,0.0,0.0
2,2023-11-07 20:00:00,2023-11-07 20:55:00,4,1.41,1,N,62,189,1,4.65,0.0,0.5,0.17,0.0,1.0,10.57,2.5,1.75
2,2023-11-08 08:10:00,2023-11-08 08:25:00,1,11.2,1,N,197,192,2,25.96,2.5,0.5,0.43,0.0,1.0,30.39,0.0,0.0
1,2023-11-08 08:25:00,2023-11-08 08:57:00,1,3.45,1,N,176,181,1,8.12,1.0,0.5,0.08,0.0,1.0,13.2,2.5,0.0
1,2023-11-08 08:57:00,2023-11-08 09:54:00,1,3.38,1,N,13,111,1,27.75,0.0,0.5,0.41,0.0,1.0,32.16,2.5,0.0
2,2023-11-08 09:16:00,2023-11-08 09:50:00,1,6.15,1,N,4,83,1,3.67,2.5,0.5,1.62,0.0,1.0,11.79,2.5,0.0
2,2023-11-08 11:32:00,2023-11-08 12:05:00,1,1.21,1,N,260,96,1,8.18,0.5,0.5,3.36,6.55,1.0,20.09,0.0,0.0
2,2023-11-08 13:05:00,2023-11-08 13:30:00,2,0.52,1,N,87,32,1,11.04,1.0,0.5,10.0,6.55,1.0,30.09,0.0,0.0
2,2023-11-08 13:28:00,2023-11-08 14:13:00,1,1.55,1,N,106,246,1,4.8,0.5,0.5,1.58,6.55,1.0,17.43,2.5,0.0
2,2023-11-08 16:28:00,2023-11-08 16:50:00,1,3.03,1,N,185,28,1,15.31,0.5,0.5,1.17,0.0,1.0,20.98,2.5,0.0
2,2023-11-08 17:14:00,2023-11-08 18:09:00,1,1.0,1,N,77,66,2,23.85,3.5,0.5,1.62,0.0,1.0,32.97,2.5,0.0
1,2023-11-08 19:02:00,2023-11-08 19:59:00,1,0.79,1,N,256,251,2,9.42,1.0,0.5,0.13,0.0,1.0,14.55,2.5,0.0
2,2023-11-08 20:02:00,2023-11-08 20:51:00,1,1.11,1,N,77,263,1,5.74,0.5,0.5,4.34,6.55,1.0,21.13,2.5,0.0
1,2023-11-08 20:36:00,2023-11-08 21:19:00,2,0.39,1,N,135,57,1,17.94,0.0,0.5,2.59,6.55,1.0,28.58,0.0,0.0
1,2023-11-09 01:55:00,2023-11-09 02:46:00,3,1.44,1,N,228,7,1,19.1,1.0,0.5,4.36,0.0,1.0,28.46,2.5,0.0
2,2023-11-09 05:09:00,2023-11-09 05:41:00,2,5.67,1,N,48,139,1,8.67,1.0,0.5,1.57,0.0,1.0,15.24,2.5,0.0
2,2023-11-09 05:33:00,2023-11-09 06:26:00,2,7.8,1,N,262,175,1,26.29,3.5,0.5,5.39,6.55,1.0,45.73,2.5,0.0
2,2023-11-09 08:03:00,2023-11-09 08:15:00,5,3.89,1,N,36,197,1,3.9,0.0,0.5,1.84,0.0,1.0,9.74,2.5,0.0
1,2023-11-09 08:04:00,2023-11-09 08:58:00,3,5.38,1,N,111,254,1,10.02,1.0,0.5,0.23,6.55,1.0,21.8,2.5,0.0
2,2023-11-09 08:17:00,2023-11-09 08:29:00,1,6.21,4,N,94,151,1,19.98,3.5,0.5,2.15,0.0,1.0,31.38,2.5,1.75
2,2023-11-09 08:53:00,2023-11-09 09:24:00,1,1.19,1,N,105,82,1,4.04,0.0,0.5,0.76,6.55,1.0,12.85,0.0,0.0
2,2023-11-09 09:10:00,2023-11-09 09:35:00,1,7.73,1,N,224,65,1,7.3,1.0,0.5,2.03,0.0,1.0,14.33,2.5,0.0
1,2023-11-09 10:36:00,2023-11-09 10:59:00,1,2.43,1,N,210,206,1,13.82,3.5,0.5,14.45,0.0,1.0,35.77,2.5,0.0
2,2023-11-09 12:09:00,2023-11-09 12:34:00,1,3.53,1,N,30,35,1,6.98,2.5,0.5,1.7,0.0,1.0,15.18,2.5,0.0
2,2023-11-09 12:43:00,2023-11-09 13:36:00,1,2.37,1,N,74,161,1,19.77,3.5,0.5,1.49,0.0,1.0,28.76,2.5,0.0
2,2023-11-09 13:02:00,2023-11-09 13:20:00,2,6.75,1,N,242,82,1,10.25,0.0,0.5,0.07,6.55,1.0,18.37,0.0,0.0
2,2023-11-09 14:14:00,2023-11-09 15:07:00,1,3.23,1,N,74,89,1,7.47,1.0,0.5,3.76,0.0,1.0,16.23,2.5,0.0
2,2023-11-09 15:15:00,2023-11-09 16:06:00,1,1.38,1,N,62,96,1,3.7,0.5,0.5,1.03,0.0,1.0,9.23,2.5,0.0
2,2023-11-09 17:48:00,2023-11-09 18:23:00,1,0.6,1,N,59,73,1,19.93,2.5,0.5,2.22,0.0,1.0,30.4,2.5,1.75
2,2023-11-09 21:02:00,2023-11-09 21:22:00,1,1.6,1,N,50,228,1,12.79,3.5,0.5,1.91,0.0,1.0,22.2,2.5,0.0
1,2023-11-10 03:30:00,2023-11-10 04:10:00,1,4.33,1,N,79,231,1,34.58,0.5,0.5,0.52,6.55,1.0,43.65,0.0,0.0
1,2023-11-10 04:23:00,2023-11-10 05:02:00,1,1.56,1,N,255,97,1,40.93,0.0,0.5,0.42,0.0,1.0,45.35,2.5,0.0
2,2023-11-10 04:25:00,2023-11-10 05:21:00,1,3.25,1,N,225,226,1,25.36,0.5,0.5,4.87,0.0,1.0,32.23,0.0,0.0
1,2023-11-10 04:40:00,2023-11-10 05:36:00,1,1.4,1,N,264,260,1,3.85,3.5,0.5,3.28,0.0,1.0,12.13,0.0,0.0
2,2023-11-10 04:55:00,2023-11-10 05:48:00,2,2.82,1,N,242,1,1,3.21,0.0,0.5,0.86,0.0,1.0,8.07,2.5,0.0
2,2023-11-10 06:42:00,2023-11-10 07:08:00,1,2.95,1,N,20,144,1,21.94,2.5,0.5,0.73,0.0,1.0,29.17,2.5,0.0
2,2023-11-10 07:17:00,2023-11-10 07:46:00,1,1.3,1,N,153,69,1,45.21,3.5,0.5,2.8,6.55,1.0,62.06,2.5,0.0
2,2023-11-10 09:09:00,2023-11-10 10:07:00,1,0.39,1,N,158,94,2,30.9,3.5,0.5,0.28,6.55,1.0,45.23,2.5,0.0
2,2023-11-10 09:22:00,2023-11-10 10:13:00,1,7.77,1,N,87,139,2,16.7,2.5,0.5,3.64,0.0,1.0,26.84,2.5,0.0
1,2023-11-10 12:02:00,2023-11-10 13:00:00,2,0.55,1,N,115,75,1,4.25,2.5,0.5,2.1,6.55,1.0,19.4,2.5,0.0
1,2023-11-10 12:55:00,2023-11-10 13:32:00,1,2.45,1,N,76,224,1,36.36,2.5,0.5,2.26,0.0,1.0,45.12,2.5,0.0
1,2023-11-10 13:58:00,2023-11-10 14:06:00,1,1.75,2,N,85,118,1,39.72,3.5,0.5,1.48,6.55,1.0,52.75,0.0,0.0
2,2023-11-10 14:50:00,2023-11-10 15:46:00,1,1.31,1,N,147,55,2,4.07,0.0,0.5,5.65,0.0,1.0,12.97,0.0,1.75
1,2023-11-10 20:58:00,2023-11-10 21:39:00,1,1.0,1,N,243,17,1,3.32,0.5,0.5,0.05,6.55,1.0,11.92,0.0,0.0
1,2023-11-10 22:42:00,2023-11-10 23:29:00,1,2.02,1,N,80,100,1,32.74,0.5,0.5,5.39,6.55,1.0,49.18,2.5,0.0
2,2023-11-11 01:48:00,2023-11-11 02:23:00,1,3.58,1,N,177,61,1,3.85,3.5,0.5,3.4,0.0,1.0,14.75,2.5,0.0
2,2023-11-11 03:26:00,2023-11-11 04:09:00,1,1.23,1,N,244,179,1,3.44,0.5,0.5,0.2,0.0,1.0,8.14,2.5,0.0
1,2023-11-11 03:32:00,2023-11-11 04:31:00,1,1.44,5,N,129,52,1,33.02,2.5,0.5,1.62,0.0,1.0,40.39,0.0,1.75
1,2023-11-11 04:13:00,2023-11-11 04:51:00,1,1.64,1,N,234,90,2,18.43,3.5,0.5,1.66,6.55,1.0,34.14,2.5,0.0
1,2023-11-11 10:16:00,2023-11-11 10:57:00,4,10.3,1,N,81,57,1,4.88,3.5,0.5,1.58,6.55,1.0,18.01,0.0,0.0
2,2023-11-11 12:11:00,2023-11-11 13:02:00,3,1.31,2,N,51,214,1,12.17,3.5,0.5,6.33,0.0,1.0,26.0,2.5,0.0
2,2023-11-11 14:08:00,2023-11-11 14:56:00,1,5.18,1,N,233,152,4,11.32,0.5,0.5,4.64,6.55,1.0,28.76,2.5,1.75
1,2023-11-11 14:54:00,2023-11-11 15:04:00,1,3.32,1,N,212,145,1,26.02,1.0,0.5,3.18,0.0,1.0,34.2,2.5,0.0
1,2023-11-11 15:45:00,2023-11-11 16:01:00,1,4.31,1,N,8,174,1,41.39,0.5,0.5,3.05,0.0,1.0,48.94,2.5,0.0
2,2023-11-11 17:42:00,2023-11-11 17:52:00,1,2.75,1,N,1,49,1,13.15,2.5,0.5,1.16,0.0,1.0,20.81,2.5,0.0
2,2023-11-11 21:29:00,2023-11-11 21:38:00,4,0.62,1,N,224,75,1,42.52,0.5,0.5,2.26,0.0,1.0,46.78,0.0,0.0
1,2023-11-11 22:30:00,2023-11-11 22:52:00,2,2.41,1,N,187,70,1,4.43,3.5,0.5,4.0,6.55,1.0,19.98,0.0,0.0
2,2023-11-12 02:41:00,2023-11-12 02:50:00,1,0.96,1,N,218,80,2,4.06,3.5,0.5,1.5,0.0,1.0,13.06,2.5,0.0
1,2023-11-12 03:29:00,2023-11-12 04:21:00,1,0.45,1,N,36,59,1,21.64,0.0,0.5,0.69,0.0,1.0,26.33,2.5,0.0
2,2023-11-12 03:50:00,2023-11-12 04:13:00,5,4.3,4,N,253,47,2,24.76,0.0,0.5,1.13,0.0,1.0,27.39,0.0,0.0
2,2023-11-12 08:57:00,2023-11-12 09:42:00,3,0.93,1,N,82,64,2,18.76,2.5,0.5,3.47,0.0,1.0,28.73,2.5,0.0
2,2023-11-12 09:11:00,2023-11-12 09:33:00,1,4.46,1,N,227,116,2,3.75,1.0,0.5,0.77,0.0,1.0,8.77,0.0,1.75
1,2023-11-12 09:22:00,2023-11-12 10:19:00,5,3.53,1,N,207,24,4,20.89,0.5,0.5,1.15,0.0,1.0,26.54,2.5,0.0
1,2023-11-12 09:39:00,2023-11-12 10:25:00,1,2.41,1,N,12,217,1,7.33,2.5,0.5,2.34,6.55,1.0,22.72,2.5,0.0
2,2023-11-12 12:31:00,2023-11-12 13:19:00,1,1.43,1,N,87,197,1,29.17,1.0,0.5,0.09,0.0,1.0,31.76,0.0,0.0
2,2023-11-12 13:38:00,2023-11-12 14:34:00,1,2.06,1,N,7,207,1,3.88,0.5,0.5,2.33,0.0,1.0,10.71,2.5,0.0
1,2023-11-12 14:45:00,2023-11-12 15:38:00,2,7.34,1,N,45,223,1,16.92,3.5,0.5,0.76,0.0,1.0,22.68,0.0,0.0
1,2023-11-12 16:29:00,2023-11-12 16:48:00,1,2.75,1,N,150,17,2,13.74,0.0,0.5,4.07,0.0,1.0,19.31,0.0,0.0
2,2023-11-12 16:38:00,2023-11-12 17:01:00,1,3.94,1,N,185,236,1,5.11,3.5,0.5,1.89,0.0,1.0,16.25,2.5,1.75
2,2023-11-12 16:45:00,2023-11-12 16:54:00,1,4.05,1,N,11,202,4,9.99,0.5,0.5,8.6,0.0,1.0,20.59,0.0,0.0
1,2023-11-13 00:21:00,2023-11-13 00:38:00,3,0.73,1,N,255,151,1,3.52,0.5,0.5,9.52,0.0,1.0,17.54,2.5,0.0
1,2023-11-13 01:02:00,2023-11-13 01:26:00,1,3.33,1,N,51,194,1,8.42,2.5,0.5,0.82,0.0,1.0,15.74,2.5,0.0
1,2023-11-13 01:50:00,2023-11-13 02:39:00,1,0.61,1,N,233,171,2,5.32,3.5,0.5,1.65,0.0,1.0,14.47,2.5,0.0
2,2023-11-13 03:04:00,2023-11-13 03:32:00,1,1.04,3,N,28,81,1,21.65,1.0,0.5,3.52,6.55,1.0,36.72,2.5,0.0
2,2023-11-13 06:33:00,2023-11-13 07:32:00,1,19.39,1,N,251,223,2,6.22,0.5,0.5,0.17,0.0,1.0,8.39,0.0,0.0
2,2023-11-13 10:59:00,2023-11-13 11:46:00,1,4.36,1,N,251,80,4,6.5,0.0,0.5,3.8,0.0,1.0,14.3,2.5,0.0
1,2023-11-13 11:38:00,2023-11-13 12:17:00,1,0.37,1,N,180,203,1,34.54,0.0,0.5,0.93,0.0,1.0,36.97,0.0,0.0
1,2023-11-13 12:48:00,2023-11-13 12:57:00,2,1.8,1,N,93,56,1,3.78,0.5,0.5,1.42,6.55,1.0,16.25,2.5,0.0
1,2023-11-13 15:28:00,2023-11-13 15:55:00,3,1.11,1,N,65,237,1,35.08,2.5,0.5,0.07,0.0,1.0,41.65,2.5,0.0
2,2023-11-13 15:42:00,2023-11-13 15:49:00,1,0.39,1,N,141,243,2,4.86,0.0,0.5,5.86,6.55,1.0,23.02,2.5,1.75
2,2023-11-13 18:42:00,2023-11-13 18:59:00,1,2.5,3,N,225,40,1,11.67,2.5,0.5,3.16,0.0,1.0,21.33,2.5,0.0
1,2023-11-13 20:45:00,2023-11-13 21:10:00,1,0.77,1,N,195,234,1,5.11,1.0,0.5,0.61,0.0,1.0,10.72,2.5,0.0
2,2023-11-13 20:52:00,2023-11-13 21:19:00,1,2.26,1,N,45,31,1,19.46,1.0,0.5,0.97,6.55,1.0,31.98,2.5,0.0
2,2023-11-13 21:24:00,2023-11-13 22:09:00,1,5.0,1,N,195,56,2,4.63,0.5,0.5,0.98,0.0,1.0,7.61,0.0,0.0
2,2023-11-13 21:31:00,2023-11-13 22:26:00,1,0.51,1,N,94,226,2,9.8,0.0,0.5,1.1,6.55,1.0,23.2,2.5,1.75
2,2023-11-14 01:11:00,2023-11-14 02:10:00,1,2.58,2,N,161,194,2,17.38,0.0,0.5,0.97,6.55,1.0,28.9,2.5,0.0
2,2023-11-14 06:03:00,2023-11-14 06:17:00,1,3.39,2,N,226,201,1,12.91,1.0,0.5,0.47,0.0,1.0,20.13,2.5,1.75
2,2023-11-14 06:47:00,2023-11-14 07:04:00,1,1.63,1,N,228,232,1,4.6,2.5,0.5,4.9,0.0,1.0,16.0,2.5,0.0
1,2023-11-14 07:56:00,2023-11-14 08:05:00,1,1.75,1,N,72,173,1,11.31,3.5,0.5,3.55,6.55,1.0,26.41,0.0,0.0
1,2023-11-14 14:53:00,2023-11-14 15:09:00,1,0.53,1,N,142,44,1,14.08,0.0,0.5,2.37,0.0,1.0,19.7,0.0,1.75
1,2023-11-14 15:02:00,2023-11-14 15:34:00,1,0.66,1,N,70,113,3,16.48,0.5,0.5,3.18,6.55,1.0,30.71,2.5,0.0
1,2023-11-14 18:09:00,2023-11-14 18:52:00,1,3.29,1,N,33,29,1,15.19,1.0,0.5,0.73,0.0,1.0,20.92,2.5,0.0
1,2023-11-14 19:46:00,2023-11-14 20:08:00,1,0.95,3,N,122,169,1,18.95,2.5,0.5,0.31,0.0,1.0,25.76,2.5,0.0
1,2023-11-14 20:39:00,2023-11-14 20:55:00,1,2.11,1,N,238,19,1,18.89,0.5,0.5,2.03,6.55,1.0,31.97,2.5,0.0
2,2023-11-14 22:20:00,2023-11-14 22:34:00,2,9.0,1,N,65,136,1,10.86,3.5,0.5,5.75,6.55,1.0,30.66,2.5,0.0
2,2023-11-14 22:28:00,2023-11-14 23:00:00,3,0.59,1,N,245,151,1,21.42,2.5,0.5,1.82,6.55,1.0,36.29,2.5,0.0
1,2023-11-15 05:02:00,2023-11-15 05:14:00,1,1.35,1,N,45,66,1,6.01,1.0,0.5,2.97,6.55,1.0,20.53,2.5,0.0
2,2023-11-15 06:18:00,2023-11-15 07:10:00,1,7.7,1,N,28,263,1,13.96,1.0,0.5,0.78,6.55,1.0,26.29,2.5,0.0
2,2023-11-15 14:59:00,2023-11-15 15:46:00,1,2.35,1,N,17,22,2,8.56,3.5,0.5,3.27,6.55,1.0,25.88,2.5,0.0
2,2023-11-15 17:56:00,2023-11-15 18:52:00,1,4.06,1,N,83,104,1,8.76,0.0,0.5,12.58,6.55,1.0,31.89,2.5,0.0
1,2023-11-15 18:54:00,2023-11-15 19:51:00,1,1.41,1,N,10,190,1,8.53,0.5,0.5,2.44,6.55,1.0,19.52,0.0,0.0
1,2023-11-15 20:38:00,2023-11-15 21:33:00,3,2.63,1,N,73,132,1,16.56,3.5,0.5,1.03,0.0,1.0,25.09,2.5,0.0
2,2023-11-15 22:57:00,2023-11-15 23:38:00,2,1.96,1,N,199,11,1,29.18,0.5,0.5,4.38,0.0,1.0,38.06,2.5,0.0
1,2023-11-16 01:31:00,2023-11-16 01:43:00,1,6.26,1,N,158,52,1,9.94,0.0,0.5,0.08,0.0,1.0,14.02,2.5,0.0
2,2023-11-16 06:53:00,2023-11-16 07:02:00,1,12.1,1,N,259,146,1,6.41,1.0,0.5,2.32,6.55,1.0,19.53,0.0,1.75
2,2023-11-16 10:54:00,2023-11-16 11:07:00,3,1.07,1,N,37,133,1,10.13,1.0,0.5,3.22,6.55,1.0,24.9,2.5,0.0
2,2023-11-16 12:35:00,2023-11-16 12:54:00,1,1.35,1,N,80,54,1,7.21,0.5,0.5,5.78,0.0,1.0,14.99,0.0,0.0
1,2023-11-16 13:48:00,2023-11-16 13:53:00,2,2.4,1,N,120,261,1,10.29,3.5,0.5,0.87,6.55,1.0,22.71,0.0,0.0
1,2023-11-16 14:44:00,2023-11-16 15:41:00,1,5.85,1,N,151,124,2,34.08,3.5,0.5,1.66,6.55,1.0,49.79,2.5,0.0
2,2023-11-16 16:17:00,2023-11-16 17:04:00,1,4.39,1,N,10,5,1,25.95,1.0,0.5,1.06,6.55,1.0,38.56,2.5,0.0
1,2023-11-16 17:05:00,2023-11-16 17:24:00,4,10.32,1,N,186,16,1,20.02,2.5,0.5,3.97,0.0,1.0,27.99,0.0,0.0
1,2023-11-16 18:54:00,2023-11-16 19:00:00,2,1.35,1,N,51,246,1,9.63,1.0,0.5,0.68,6.55,1.0,21.86,2.5,0.0
1,2023-11-16 19:14:00,2023-11-16 20:01:00,1,1.03,1,N,47,195,2,5.68,0.0,0.5,0.67,0.0,1.0,10.35,2.5,0.0
2,2023-11-16 23:56:00,2023-11-17 00:49:00,1,4.75,1,N,170,211,2,27.81,2.5,0.5,1.91,6.55,1.0,42.77,2.5,0.0
2,2023-11-17 00:14:00,2023-11-17 01:13:00,2,14.94,1,N,106,89,1,3.66,1.0,0.5,3.3,6.55,1.0,16.01,0.0,0.0
2,2023-11-17 00:29:00,2023-11-17 01:06:00,4,6.76,1,N,63,168,1,11.55,3.5,0.5,0.56,6.55,1.0,23.66,0.0,0.0
1,2023-11-17 00:57:00,2023-11-17 01:14:00,1,0.33,1,N,216,139,1,9.16,0.0,0.5,1.88,6.55,1.0,21.59,2.5,0.0
1,2023-11-17 04:39:00,2023-11-17 05:37:00,1,1.4,4,N,14,152,1,34.9,2.5,0.5,0.54,0.0,1.0,41.94,2.5,0.0
2,2023-11-17 07:07:00,2023-11-17 07:25:00,1,8.66,1,N,150,186,1,5.03,0.0,0.5,4.06,6.55,1.0,17.14,0.0,0.0
2,2023-11-17 07:23:00,2023-11-17 08:21:00,1,2.99,1,N,225,141,2,6.85,0.5,0.5,3.61,0.0,1.0,12.46,0.0,0.0
2,2023-11-17 09:30:00,2023-11-17 10:12:00,1,2.71,1,N,70,76,2,19.01,0.5,0.5,0.41,0.0,1.0,23.92,2.5,0.0
1,2023-11-17 12:32:00,2023-11-17 13:17:00,1,1.55,2,N,193,217,1,46.3,0.5,0.5,1.22,6.55,1.0,60.32,2.5,1.75
2,2023-11-17 13:15:00,2023-11-17 14:10:00,1,1.44,1,N,40,245,1,34.81,1.0,0.5,2.75,6.55,1.0,46.61,0.0,0.0
2,2023-11-17 14:53:00,2023-11-17 15:08:00,1,2.71,4,N,81,17,1,32.51,3.5,0.5,0.68,6.55,1.0,47.24,2.5,0.0
2,2023-11-17 16:32:00,2023-11-17 17:20:00,1,1.43,1,N,87,85,1,9.91,0.5,0.5,1.2,6.55,1.0,22.16,2.5,0.0
2,2023-11-17 20:52:00,2023-11-17 21:11:00,5,2.26,1,N,194,37,2,10.5,0.0,0.5,1.08,0.0,1.0,17.33,2.5,1.75
1,2023-11-17 21:32:00,2023-11-17 22:04:00,1,1.31,1,N,194,4,1,12.96,2.5,0.5,0.46,0.0,1.0,19.17,0.0,1.75
1,2023-11-17 22:00:00,2023-11-17 22:23:00,1,0.84,1,N,236,84,1,27.43,2.5,0.5,0.51,0.0,1.0,34.44,2.5,0.0
2,2023-11-18 07:16:00,2023-11-18 07:38:00,1,7.41,2,N,195,121,2,6.79,3.5,0.5,2.29,6.55,1.0,23.13,2.5,0.0
1,2023-11-18 09:05:00,2023-11-18 10:01:00,3,2.59,1,Y,43,44,1,37.67,3.5,0.5,0.18,0.0,1.0,42.85,0.0,0.0
2,2023-11-18 10:54:00,2023-11-18 11:34:00,1,0.9,1,N,178,50,1,5.23,1.0,0.5,7.09,0.0,1.0,17.32,2.5,0.0
2,2023-11-18 12:41:00,2023-11-18 12:58:00,1,0.87,1,N,242,29,2,15.41,0.5,0.5,3.74,6.55,1.0,27.7,0.0,0.0
2,2023-11-18 14:12:00,2023-11-18 14:58:00,2,6.38,1,N,22,62,1,3.08,0.5,0.5,3.19,0.0,1.0,8.27,0.0,0.0
1,2023-11-18 14:40:00,2023-11-18 15:11:00,1,2.19,2,N,49,116,1,6.06,0.0,0.5,2.05,0.0,1.0,12.11,2.5,0.0
2,2023-11-18 19:09:00,2023-11-18 19:43:00,1,0.64,1,N,132,32,1,15.1,0.0,0.5,1.32,0.0,1.0,22.17,2.5,1.75
1,2023-11-18 19:26:00,2023-11-18 19:48:00,3,0.7,1,N,104,188,2,9.54,0.0,0.5,0.12,6.55,1.0,20.21,2.5,0.0
2,2023-11-18 21:47:00,2023-11-18 22:16:00,1,2.38,5,N,48,187,2,5.2,1.0,0.5,0.83,0.0,1.0,8.53,0.0,0.0
2,2023-11-18 21:56:00,2023-11-18 22:44:00,1,1.72,1,N,164,45,1,14.89,0.5,0.5,0.3,0.0,1.0,19.69,2.5,0.0
2,2023-11-19 00:05:00,2023-11-19 01:02:00,3,1.69,1,N,143,81,2,26.82,1.0,0.5,0.21,0.0,1.0,32.03,2.5,0.0
2,2023-11-19 04:10:00,2023-11-19 04:42:00,1,14.05,1,N,103,95,1,14.51,0.5,0.5,1.56,0.0,1.0,20.57,2.5,0.0
2,2023-11-19 04:17:00,2023-11-19 04:30:00,1,1.72,1,N,36,79,1,15.57,0.0,0.5,0.16,0.0,1.0,19.73,2.5,0.0
1,2023-11-19 05:28:00,2023-11-19 05:42:00,3,1.43,1,N,194,11,1,4.02,3.5,0.5,0.3,0.0,1.0,11.82,2.5,0.0
2,2023-11-19 05:48:00,2023-11-19 06:33:00,1,4.97,1,N,258,125,1,12.34,2.5,0.5,2.9,6.55,1.0,30.04,2.5,1.75
2,2023-11-19 06:31:00,2023-11-19 06:39:00,1,2.26,1,N,12,125,1,34.69,2.5,0.5,4.17,0.0,1.0,42.86,0.0,0.0
2,2023-11-19 08:24:00,2023-11-19 08:43:00,4,6.77,1,N,71,73,1,29.47,0.5,0.5,0.16,6.55,1.0,40.68,2.5,0.0
1,2023-11-19 10:30:00,2023-11-19 10:52:00,1,5.03,1,N,213,221,2,3.09,0.5,0.5,1.25,6.55,1.0,15.39,2.5,0.0
1,2023-11-19 11:34:00,2023-11-19 11:48:00,3,5.02,1,N,162,156,4,16.83,1.0,0.5,4.45,0.0,1.0,28.03,2.5,1.75
2,2023-11-19 12:32:00,2023-11-19 12:51:00,1,2.94,1,N,122,38,1,6.18,0.5,0.5,2.17,6.55,1.0,16.9,0.0,0.0
2,2023-11-19 13:02:00,2023-11-19 13:24:00,2,4.22,1,N,136,123,1,15.26,1.0,0.5,0.75,6.55,1.0,27.56,2.5,0.0
2,2023-11-19 13:47:00,2023-11-19 14:36:00,1,3.03,1,N,193,107,1,4.92,0.0,0.5,6.09,0.0,1.0,15.01,2.5,0.0
1,2023-11-19 18:01:00,2023-11-19 18:08:00,2,1.67,1,N,264,54,1,12.41,2.5,0.5,1.55,6.55,1.0,28.76,2.5,1.75
2,2023-11-19 20:14:00,2023-11-19 20:33:00,1,5.63,1,N,150,6,1,10.86,2.5,0.5,3.92,0.0,1.0,18.78,0.0,0.0
1,2023-11-19 23:05:00,2023-11-19 23:40:00,3,1.44,1,N,93,50,1,6.25,1.0,0.5,2.9,0.0,1.0,13.4,0.0,1.75
2,2023-11-20 01:46:00,2023-11-20 01:55:00,1,1.64,1,N,16,190,2,4.02,2.5,0.5,0.62,6.55,1.0,17.69,2.5,0.0
2,2023-11-20 03:17:00,2023-11-20 03:35:00,1,0.88,1,N,248,164,1,7.28,3.5,0.5,1.58,6.55,1.0,22.91,2.5,0.0
2,2023-11-20 05:33:00,2023-11-20 06:26:00,1,3.42,1,N,139,119,1,7.93,0.5,0.5,0.12,0.0,1.0,12.55,2.5,0.0
1,2023-11-20 06:45:00,2023-11-20 07:31:00,1,4.47,1,N,75,263,1,5.97,3.5,0.5,3.18,0.0,1.0,15.9,0.0,1.75
2,2023-11-20 07:50:00,2023-11-20 08:03:00,1,4.38,1,N,136,176,1,12.13,0.5,0.5,9.1,6.55,1.0,29.78,0.0,0.0
1,2023-11-20 10:37:00,2023-11-20 11:29:00,1,5.99,1,N,264,229,1,15.05,0.0,0.5,8.21,6.55,1.0,31.31,0.0,0.0
1,2023-11-20 13:18:00,2023-11-20 13:55:00,1,7.37,1,N,4,154,1,14.69,2.5,0.5,0.78,0.0,1.0,21.97,2.5,0.0
1,2023-11-20 14:06:00,2023-11-20 14:51:00,1,4.46,1,N,19,27,2,29.31,1.0,0.5,1.42,6.55,1.0,42.28,2.5,0.0
1,2023-11-20 14:22:00,2023-11-20 15:10:00,1,0.34,1,N,216,177,1,6.33,0.0,0.5,0.05,0.0,1.0,10.38,2.5,0.0
2,2023-11-20 17:12:00,2023-11-20 17:36:00,1,3.85,1,N,198,248,1,15.69,0.5,0.5,0.66,6.55,1.0,26.65,0.0,1.75
2,2023-11-21 00:29:00,2023-11-21 00:49:00,1,4.18,1,N,70,102,1,23.13,0.0,0.5,0.98,0.0,1.0,28.11,2.5,0.0
1,2023-11-21 02:45:00,2023-11-21 03:41:00,1,6.36,2,N,23,133,1,11.37,1.0,0.5,13.87,0.0,1.0,30.24,2.5,0.0
1,2023-11-21 03:15:00,2023-11-21 03:32:00,1,1.34,1,N,65,144,1,20.11,2.5,0.5,0.76,0.0,1.0,24.87,0.0,0.0
1,2023-11-21 05:12:00,2023-11-21 05:34:00,1,4.39,1,N,201,245,2,23.28,1.0,0.5,2.41,0.0,1.0,30.69,2.5,0.0
2,2023-11-21 05:22:00,2023-11-21 06:01:00,1,0.34,1,N,131,262,1,18.92,1.0,0.5,0.93,0.0,1.0,24.85,2.5,0.0
2,2023-11-21 06:13:00,2023-11-21 06:51:00,1,1.94,1,N,37,96,1,22.26,0.5,0.5,0.71,0.0,1.0,27.47,2.5,0.0
1,2023-11-21 06:40:00,2023-11-21 07:36:00,1,1.32,1,N,261,232,1,13.33,2.5,0.5,2.52,0.0,1.0,22.35,2.5,0.0
1,2023-11-21 06:58:00,2023-11-21 07:23:00,2,0.54,1,N,160,45,1,8.13,1.0,0.5,1.51,0.0,1.0,12.14,0.0,0.0
2,2023-11-21 07:15:00,2023-11-21 07:20:00,1,0.96,2,N,128,135,1,9.65,0.0,0.5,1.08,6.55,1.0,21.28,2.5,0.0
2,2023-11-21 07:30:00,2023-11-21 07:55:00,2,4.51,1,N,71,4,1,11.57,2.5,0.5,2.67,0.0,1.0,20.74,2.5,0.0
1,2023-11-21 07:36:00,2023-11-21 08:26:00,1,1.7,1,N,186,85,1,29.2,0.0,0.5,1.2,0.0,1.0,34.4,2.5,0.0
2,2023-11-21 11:23:00,2023-11-21 11:33:00,1,3.79,1,N,103,47,1,14.68,1.0,0.5,1.13,6.55,1.0,27.36,2.5,0.0
1,2023-11-21 12:01:00,2023-11-21 12:51:00,1,1.99,1,N,92,95,1,17.48,3.5,0.5,1.11,6.55,1.0,32.64,2.5,0.0
1,2023-11-21 14:35:00,2023-11-21 15:00:00,1,8.02,1,N,115,245,1,19.59,3.5,0.5,4.08,6.55,1.0,37.72,2.5,0.0
2,2023-11-21 16:15:00,2023-11-21 17:10:00,1,0.65,1,N,257,61,1,3.06,1.0,0.5,0.15,0.0,1.0,8.21,2.5,0.0
1,2023-11-21 21:15:00,2023-11-21 21:56:00,1,3.76,1,N,237,229,1,4.5,0.5,0.5,0.15,0.0,1.0,9.15,2.5,0.0
2,2023-11-21 21:54:00,2023-11-21 22:25:00,3,2.05,1,N,73,113,1,3.57,0.0,0.5,12.76,6.55,1.0,26.88,2.5,0.0
1,2023-11-21 22:47:00,2023-11-21 23:17:00,1,1.26,1,N,183,257,1,3.81,3.5,0.5,0.65,6.55,1.0,18.51,2.5,0.0
1,2023-11-22 00:11:00,2023-11-22 00:54:00,1,3.98,4,N,113,86,1,22.96,2.5,0.5,1.68,0.0,1.0,31.14,2.5,0.0
1,2023-11-22 00:13:00,2023-11-22 00:57:00,1,0.84,3,N,210,218,1,3.93,0.5,0.5,7.15,6.55,1.0,22.13,2.5,0.0
2,2023-11-22 04:36:00,2023-11-22 05:22:00,1,1.88,1,N,44,225,1,32.76,3.5,0.5,0.16,0.0,1.0,37.92,0.0,0.0
1,2023-11-22 06:19:00,2023-11-22 06:39:00,1,0.75,1,N,115,4,1,12.14,0.0,0.5,1.14,0.0,1.0,17.28,2.5,0.0
2,2023-11-22 07:46:00,2023-11-22 08:05:00,1,2.7,1,Y,227,33,1,4.3,0.5,0.5,2.88,6.55,1.0,15.73,0.0,0.0
2,2023-11-22 08:55:00,2023-11-22 09:51:00,1,1.72,1,N,79,53,1,12.83,2.5,0.5,1.42,0.0,1.0,22.5,2.5,1.75
2,2023-11-22 11:08:00,2023-11-22 12:03:00,1,7.62,1,N,260,57,2,14.24,0.0,0.5,0.81,0.0,1.0,19.05,2.5,0.0
2,2023-11-22 12:38:00,2023-11-22 13:23:00,1,1.33,1,N,54,74,1,8.49,3.5,0.5,3.26,0.0,1.0,16.75,0.0,0.0
1,2023-11-22 15:33:00,2023-11-22 15:56:00,2,2.3,1,N,138,126,1,12.94,1.0,0.5,0.43,0.0,1.0,20.12,2.5,1.75
2,2023-11-22 15:47:00,2023-11-22 16:19:00,4,8.75,2,N,22,34,1,10.54,3.5,0.5,9.05,6.55,1.0,32.89,0.0,1.75
2,2023-11-22 16:14:00,2023-11-22 16:36:00,1,5.3,1,N,45,54,1,5.61,2.5,0.5,0.08,0.0,1.0,12.19,2.5,0.0
2,2023-11-22 19:24:00,2023-11-22 19:41:00,1,1.9,1,N,72,26,1,17.01,2.5,0.5,5.41,6.55,1.0,32.97,0.0,0.0
1,2023-11-23 00:10:00,2023-11-23 00:35:00,2,4.08,1,N,188,227,2,23.01,3.5,0.5,0.91,6.55,1.0,37.97,2.5,0.0
2,2023-11-23 01:11:00,2023-11-23 01:45:00,1,0.42,3,N,244,160,1,30.91,2.5,0.5,0.42,6.55,1.0,44.38,2.5,0.0
2,2023-11-23 07:02:00,2023-11-23 07:37:00,3,0.65,1,N,111,260,1,16.12,3.5,0.5,2.54,6.55,1.0,30.21,0.0,0.0
2,2023-11-23 08:04:00,2023-11-23 08:24:00,1,2.55,1,N,33,68,1,21.53,2.5,0.5,18.63,6.55,1.0,50.71,0.0,0.0
2,2023-11-23 12:32:00,2023-11-23 12:53:00,1,0.65,1,N,129,139,1,8.93,1.0,0.5,3.07,0.0,1.0,17.0,2.5,0.0
2,2023-11-23 16:35:00,2023-11-23 16:52:00,1,0.72,1,N,53,246,1,8.45,2.5,0.5,2.98,6.55,1.0,24.48,2.5,0.0
2,2023-11-23 16:52:00,2023-11-23 17:13:00,1,1.09,1,N,58,188,1,9.62,0.0,0.5,0.59,0.0,1.0,14.21,2.5,0.0
2,2023-11-23 16:55:00,2023-11-23 17:14:00,1,5.79,1,N,45,92,1,12.99,1.0,0.5,0.83,0.0,1.0,20.57,2.5,1.75
1,2023-11-23 17:29:00,2023-11-23 17:52:00,1,0.7,1,N,148,218,1,12.17,1.0,0.5,1.85,0.0,1.0,19.02,2.5,0.0
1,2023-11-23 18:09:00,2023-11-23 18:40:00,1,0.98,1,N,247,71,2,4.13,0.0,0.5,0.18,0.0,1.0,10.06,2.5,1.75
1,2023-11-23 19:07:00,2023-11-23 19:13:00,1,1.96,1,N,254,2,1,6.47,0.5,0.5,3.55,6.55,1.0,21.07,2.5,0.0
1,2023-11-23 20:01:00,2023-11-23 20:38:00,1,2.6,1,N,181,132,1,3.41,2.5,0.5,0.72,0.0,1.0,10.63,2.5,0.0
1,2023-11-23 20:30:00,2023-11-23 21:18:00,1,1.96,1,N,176,218,2,6.87,0.0,0.5,2.02,0.0,1.0,12.89,2.5,0.0
1,2023-11-24 01:09:00,2023-11-24 01:45:00,3,0.5,1,N,23,264,2,24.74,0.0,0.5,2.24,6.55,1.0,39.28,2.5,1.75
2,2023-11-24 01:11:00,2023-11-24 02:10:00,1,2.16,1,N,49,185,1,29.44,2.5,0.5,7.93,0.0,1.0,41.37,0.0,0.0
2,2023-11-24 02:17:00,2023-11-24 03:07:00,3,1.39,1,N,93,97,1,38.64,0.0,0.5,0.1,6.55,1.0,49.29,2.5,0.0
2,2023-11-24 02:27:00,2023-11-24 02:54:00,1,4.72,1,N,234,68,2,28.21,2.5,0.5,3.32,6.55,1.0,44.58,2.5,0.0
2,2023-11-24 03:22:00,2023-11-24 03:50:00,1,3.04,1,N,151,7,2,5.55,2.5,0.5,2.49,0.0,1.0,14.54,2.5,0.0
1,2023-11-24 06:09:00,2023-11-24 06:14:00,4,1.57,1,N,3,9,2,10.11,1.0,0.5,3.76,0.0,1.0,18.87,2.5,0.0
1,2023-11-24 06:16:00,2023-11-24 06:21:00,1,7.53,1,N,218,142,1,20.99,2.5,0.5,0.9,6.55,1.0,34.94,2.5,0.0
1,2023-11-24 07:28:00,2023-11-24 07:45:00,4,0.46,1,N,74,175,2,7.27,3.5,0.5,0.78,0.0,1.0,15.55,2.5,0.0
2,2023-11-24 12:04:00,2023-11-24 12:40:00,1,2.07,1,N,121,92,1,27.3,3.5,0.5,3.13,0.0,1.0,37.93,2.5,0.0
1,2023-11-24 14:41:00,2023-11-24 15:30:00,1,1.15,1,N,151,227,1,6.06,3.5,0.5,7.5,6.55,1.0,29.36,2.5,1.75
2,2023-11-24 15:17:00,2023-11-24 16:01:00,1,1.61,1,N,38,21,2,12.82,3.5,0.5,1.11,6.55,1.0,27.98,2.5,0.0
2,2023-11-24 15:48:00,2023-11-24 16:43:00,3,7.79,1,N,34,22,1,19.59,1.0,0.5,8.13,0.0,1.0,30.22,0.0,0.0
1,2023-11-24 16:29:00,2023-11-24 16:51:00,4,5.26,1,N,134,102,1,19.9,0.5,0.5,0.16,0.0,1.0,24.56,2.5,0.0
2,2023-11-24 20:52:00,2023-11-24 21:17:00,1,0.66,1,N,48,7,1,13.14,0.0,0.5,0.15,0.0,1.0,17.29,2.5,0.0
1,2023-11-24 23:35:00,2023-11-25 00:26:00,1,0.97,1,N,58,76,1,22.45,3.5,0.5,6.27,0.0,1.0,36.22,2.5,0.0
2,2023-11-25 00:07:00,2023-11-25 00:15:00,1,0.51,3,N,96,140,1,6.9,0.0,0.5,1.38,6.55,1.0,18.83,2.5,0.0
2,2023-11-25 00:47:00,2023-11-25 01:34:00,1,1.54,1,N,61,195,2,12.31,2.5,0.5,4.65,6.55,1.0,27.51,0.0,0.0
2,2023-11-25 01:26:00,2023-11-25 02:20:00,1,10.79,1,N,72,260,1,3.36,2.5,0.5,1.88,6.55,1.0,15.79,0.0,0.0
2,2023-11-25 03:01:00,2023-11-25 03:52:00,1,0.72,1,Y,199,261,1,32.6,0.5,0.5,0.48,6.55,1.0,44.13,2.5,0.0
2,2023-11-25 03:25:00,2023-11-25 04:14:00,1,0.98,2,N,155,248,2,52.27,0.5,0.5,2.71,0.0,1.0,59.48,2.5,0.0
1,2023-11-25 04:57:00,2023-11-25 05:52:00,1,1.8,1,N,82,224,3,15.6,0.5,0.5,1.13,0.0,1.0,18.73,0.0,0.0
2,2023-11-25 06:17:00,2023-11-25 07:02:00,1,6.46,1,N,260,260,2,3.74,1.0,0.5,4.65,0.0,1.0,13.39,2.5,0.0
2,2023-11-25 07:39:00,2023-11-25 08:36:00,4,3.6,1,N,207,232,1,9.62,3.5,0.5,0.56,6.55,1.0,21.73,0.0,0.0
2,2023-11-25 09:30:00,2023-11-25 10:27:00,1,0.69,1,N,185,203,1,3.97,2.5,0.5,0.58,6.55,1.0,17.6,2.5,0.0
1,2023-11-25 10:10:00,2023-11-25 10:55:00,1,1.13,1,N,241,168,1,13.99,0.0,0.5,0.91,0.0,1.0,18.9,2.5,0.0
2,2023-11-25 10:43:00,2023-11-25 11:21:00,1,15.79,1,N,128,44,1,10.18,3.5,0.5,0.29,6.55,1.0,24.52,2.5,0.0
1,2023-11-25 12:08:00,2023-11-25 12:31:00,1,0.69,1,N,170,20,3,3.93,0.5,0.5,5.66,0.0,1.0,14.09,2.5,0.0
1,2023-11-25 13:25:00,2023-11-25 14:13:00,1,3.58,1,N,155,128,1,3.37,0.0,0.5,0.22,6.55,1.0,14.14,2.5,0.0
2,2023-11-25 13:46:00,2023-11-25 14:09:00,1,2.83,2,N,227,41,1,16.85,2.5,0.5,3.63,0.0,1.0,26.98,2.5,0.0
1,2023-11-25 15:34:00,2023-11-25 16:05:00,1,3.11,1,N,58,240,2,19.77,0.0,0.5,1.3,0.0,1.0,25.07,2.5,0.0
2,2023-11-25 16:08:00,2023-11-25 16:29:00,1,4.1,1,N,219,101,1,8.71,0.0,0.5,0.16,0.0,1.0,12.12,0.0,1.75
2,2023-11-25 16:34:00,2023-11-25 17:20:00,1,1.44,1,N,71,3,1,5.02,0.5,0.5,1.33,6.55,1.0,17.4,2.5,0.0
1,2023-11-25 20:53:00,2023-11-25 21:42:00,1,5.24,1,N,86,142,1,21.44,3.5,0.5,0.98,6.55,1.0,36.47,2.5,0.0
1,2023-11-25 21:40:00,2023-11-25 22:09:00,1,0.91,3,N,152,47,2,11.35,0.0,0.5,0.38,6.55,1.0,24.03,2.5,1.75
2,2023-11-25 22:16:00,2023-11-25 22:49:00,1,1.21,1,N,203,21,2,10.34,0.0,0.5,0.44,0.0,1.0,12.28,0.0,0.0
2,2023-11-26 01:46:00,2023-11-26 02:04:00,2,0.69,1,N,146,70,1,27.33,0.0,0.5,2.23,0.0,1.0,33.56,2.5,0.0
2,2023-11-26 02:38:00,2023-11-26 03:26:00,1,0.39,1,N,246,213,1,22.4,3.5,0.5,4.22,0.0,1.0,31.62,0.0,0.0
2,2023-11-26 03:18:00,2023-11-26 04:01:00,3,0.37,1,N,158,179,1,4.12,1.0,0.5,0.28,6.55,1.0,15.95,2.5,0.0
2,2023-11-26 04:13:00,2023-11-26 04:23:00,1,1.3,1,N,108,81,1,10.8,3.5,0.5,2.8,0.0,1.0,21.1,2.5,0.0
2,2023-11-26 05:52:00,2023-11-26 06:18:00,1,2.03,1,N,187,205,1,24.77,2.5,0.5,6.16,6.55,1.0,43.98,2.5,0.0
1,2023-11-26 15:05:00,2023-11-26 15:18:00,1,2.55,1,N,18,96,1,26.07,0.0,0.5,0.6,0.0,1.0,30.67,2.5,0.0
1,2023-11-26 15:58:00,2023-11-26 16:40:00,1,1.02,1,N,98,123,1,8.73,1.0,0.5,0.24,0.0,1.0,13.97,2.5,0.0
2,2023-11-26 23:07:00,2023-11-26 23:30:00,2,1.45,1,N,85,21,1,14.0,2.5,0.5,2.15,6.55,1.0,29.2,2.5,0.0
2,2023-11-27 01:18:00,2023-11-27 01:23:00,1,4.58,1,Y,260,122,1,28.39,0.0,0.5,0.61,0.0,1.0,32.25,0.0,1.75
1,2023-11-27 03:26:00,2023-11-27 03:47:00,1,2.26,1,N,140,138,1,41.35,0.5,0.5,6.58,0.0,1.0,52.43,2.5,0.0
2,2023-11-27 03:50:00,2023-11-27 04:38:00,1,0.39,1,N,123,216,1,6.25,0.0,0.5,0.18,0.0,1.0,10.43,2.5,0.0
1,2023-11-27 05:26:00,2023-11-27 06:06:00,4,2.56,1,N,98,256,1,24.84,0.0,0.5,1.0,0.0,1.0,31.59,2.5,1.75
1,2023-11-27 06:24:00,2023-11-27 06:55:00,1,1.41,1,N,58,261,1,14.72,2.5,0.5,2.45,0.0,1.0,21.17,0.0,0.0
1,2023-11-27 06:35:00,2023-11-27 07:00:00,3,9.35,1,N,106,92,1,12.1,0.0,0.5,0.97,6.55,1.0,23.62,2.5,0.0
2,2023-11-27 08:12:00,2023-11-27 08:52:00,5,3.02,1,N,55,97,2,4.61,0.5,0.5,0.66,0.0,1.0,9.02,0.0,1.75
1,2023-11-27 08:58:00,2023-11-27 09:37:00,2,1.21,1,N,12,205,1,5.35,3.5,0.5,0.12,6.55,1.0,19.52,2.5,0.0
2,2023-11-27 09:34:00,2023-11-27 10:22:00,1,6.13,4,N,95,223,2,11.69,0.5,0.5,1.65,0.0,1.0,17.84,2.5,0.0
2,2023-11-27 09:41:00,2023-11-27 10:16:00,1,1.03,1,N,131,237,1,6.57,0.0,0.5,0.39,6.55,1.0,17.51,2.5,0.0
2,2023-11-27 10:28:00,2023-11-27 10:48:00,1,0.84,1,N,209,22,1,8.61,2.5,0.5,0.59,0.0,1.0,15.7,2.5,0.0
1,2023-11-27 10:53:00,2023-11-27 11:34:00,1,4.29,1,N,200,177,1,20.25,0.5,0.5,0.39,0.0,1.0,26.89,2.5,1.75
2,2023-11-27 10:59:00,2023-11-27 11:47:00,1,2.11,1,N,170,205,1,40.93,0.5,0.5,0.14,0.0,1.0,45.57,2.5,0.0
1,2023-11-27 14:15:00,2023-11-27 14:37:00,1,1.46,1,N,155,44,1,5.34,0.0,0.5,1.58,0.0,1.0,10.92,2.5,0.0
2,2023-11-27 14:32:00,2023-11-27 15:17:00,1,1.94,1,N,129,162,2,5.79,0.0,0.5,0.22,0.0,1.0,10.01,2.5,0.0
1,2023-11-27 15:11:00,2023-11-27 15:16:00,1,1.85,1,N,237,21,1,3.4,0.0,0.5,2.32,6.55,1.0,15.52,0.0,1.75
2,2023-11-27 15:28:00,2023-11-27 15:36:00,1,6.88,1,N,91,45,1,22.9,2.5,0.5,4.61,6.55,1.0,42.31,2.5,1.75
2,2023-11-27 15:52:00,2023-11-27 16:16:00,1,1.03,1,N,54,22,1,7.88,3.5,0.5,4.66,0.0,1.0,17.54,0.0,0.0
2,2023-11-27 19:39:00,2023-11-27 20:31:00,1,4.33,1,N,209,73,1,31.35,3.5,0.5,1.16,0.0,1.0,40.01,2.5,0.0
1,2023-11-27 19:44:00,2023-11-27 19:58:00,1,1.6,1,N,115,144,3,4.19,0.0,0.5,0.99,0.0,1.0,9.18,2.5,0.0
2,2023-11-27 20:10:00,2023-11-27 20:25:00,4,6.15,1,N,218,32,2,11.96,3.5,0.5,4.99,6.55,1.0,28.5,0.0,0.0
2,2023-11-27 21:07:00,2023-11-27 21:41:00,3,2.99,4,N,242,20,1,29.12,1.0,0.5,0.13,6.55,1.0,40.8,2.5,0.0
1,2023-11-27 21:53:00,2023-11-27 22:48:00,2,7.79,5,N,91,141,1,8.18,0.5,0.5,7.21,6.55,1.0,26.44,2.5,0.0
1,2023-11-27 22:25:00,2023-11-27 22:44:00,1,1.97,2,N,214,191,2,5.12,0.0,0.5,1.43,0.0,1.0,8.05,0.0,0.0
2,2023-11-28 00:17:00,2023-11-28 01:03:00,1,0.31,1,N,16,205,1,14.54,0.5,0.5,1.75,0.0,1.0,20.79,2.5,0.0
2,2023-11-28 02:53:00,2023-11-28 03:27:00,1,0.87,1,N,152,41,2,11.35,2.5,0.5,5.75,6.55,1.0,30.15,2.5,0.0
1,2023-11-28 03:20:00,2023-11-28 03:34:00,1,4.01,1,N,29,197,4,3.74,2.5,0.5,1.2,6.55,1.0,17.99,2.5,0.0
2,2023-11-28 03:54:00,2023-11-28 04:07:00,1,0.55,2,N,66,147,2,29.52,2.5,0.5,0.46,6.55,1.0,40.53,0.0,0.0
1,2023-11-28 05:23:00,2023-11-28 05:54:00,1,1.36,1,N,179,121,1,5.32,1.0,0.5,2.16,0.0,1.0,9.98,0.0,0.0
2,2023-11-28 07:35:00,2023-11-28 07:54:00,2,1.66,1,N,116,31,1,22.69,3.5,0.5,0.17,6.55,1.0,36.91,2.5,0.0
2,2023-11-28 08:57:00,2023-11-28 09:53:00,1,4.29,1,N,210,132,1,5.02,1.0,0.5,2.83,0.0,1.0,12.85,2.5,0.0
2,2023-11-28 10:26:00,2023-11-28 11:09:00,1,0.67,1,N,156,261,1,11.57,1.0,0.5,0.68,0.0,1.0,14.75,0.0,0.0
2,2023-11-28 10:32:00,2023-11-28 11:01:00,1,6.41,1,N,185,125,2,11.99,2.5,0.5,0.35,6.55,1.0,22.89,0.0,0.0
1,2023-11-28 10:54:00,2023-11-28 11:46:00,1,1.19,1,N,95,139,1,15.91,3.5,0.5,0.39,6.55,1.0,27.85,0.0,0.0
2,2023-11-28 11:17:00,2023-11-28 11:51:00,4,6.01,1,N,114,224,1,43.69,2.5,0.5,1.06,6.55,1.0,57.8,2.5,0.0
2,2023-11-28 16:02:00,2023-11-28 16:07:00,1,2.31,1,N,72,156,1,8.07,1.0,0.5,2.26,0.0,1.0,15.33,2.5,0.0
2,2023-11-28 17:37:00,2023-11-28 18:08:00,4,1.07,1,N,103,141,1,11.62,3.5,0.5,4.56,0.0,1.0,23.68,2.5,0.0
1,2023-11-28 18:22:00,2023-11-28 19:08:00,1,5.57,1,Y,254,96,1,10.29,2.5,0.5,6.19,0.0,1.0,22.98,2.5,0.0
2,2023-11-28 18:26:00,2023-11-28 18:44:00,4,1.16,1,N,76,175,2,7.97,1.0,0.5,2.25,6.55,1.0,23.52,2.5,1.75
1,2023-11-28 19:13:00,2023-11-28 19:34:00,1,2.47,1,Y,141,237,1,17.82,0.5,0.5,0.72,6.55,1.0,29.59,2.5,0.0
2,2023-11-28 21:10:00,2023-11-28 21:28:00,1,1.32,1,N,57,247,1,3.98,0.0,0.5,1.55,0.0,1.0,9.53,2.5,0.0
2,2023-11-28 21:58:00,2023-11-28 22:33:00,1,0.76,1,N,113,166,1,7.47,3.5,0.5,0.43,0.0,1.0,15.4,2.5,0.0
2,2023-11-28 22:47:00,2023-11-28 23:04:00,1,3.54,1,N,90,207,1,5.3,0.0,0.5,3.34,0.0,1.0,10.14,0.0,0.0
2,2023-11-29 00:02:00,2023-11-29 00:54:00,1,2.59,1,N,81,82,1,11.13,3.5,0.5,4.23,0.0,1.0,24.61,2.5,1.75
1,2023-11-29 00:28:00,2023-11-29 01:01:00,1,7.01,1,N,14,12,1,20.39,0.5,0.5,0.48,6.55,1.0,31.92,2.5,0.0
1,2023-11-29 04:16:00,2023-11-29 04:48:00,1,1.08,1,N,144,188,2,6.3,0.5,0.5,1.84,0.0,1.0,12.64,2.5,0.0
2,2023-11-29 04:36:00,2023-11-29 04:46:00,1,1.52,1,N,145,18,2,48.0,2.5,0.5,0.23,6.55,1.0,61.28,2.5,0.0
1,2023-11-29 04:46:00,2023-11-29 05:30:00,2,2.64,1,N,246,223,2,84.11,0.5,0.5,4.25,6.55,1.0,99.41,2.5,0.0
2,2023-11-29 06:06:00,2023-11-29 06:50:00,4,0.54,1,N,100,88,1,5.38,1.0,0.5,3.39,0.0,1.0,11.27,0.0,0.0
1,2023-11-29 06:14:00,2023-11-29 06:58:00,1,4.65,1,N,259,92,1,8.92,3.5,0.5,1.76,0.0,1.0,18.18,2.5,0.0
2,2023-11-29 09:26:00,2023-11-29 09:38:00,1,1.1,1,N,198,116,1,10.88,0.0,0.5,2.71,0.0,1.0,15.09,0.0,0.0
1,2023-11-29 10:17:00,2023-11-29 10:42:00,1,1.89,1,N,113,189,1,9.58,2.5,0.5,1.59,6.55,1.0,24.22,2.5,0.0
2,2023-11-29 10:25:00,2023-11-29 10:57:00,1,0.66,1,N,232,143,1,10.71,0.0,0.5,1.02,0.0,1.0,15.73,2.5,0.0
1,2023-11-29 14:08:00,2023-11-29 14:36:00,2,1.2,2,N,108,32,1,4.4,0.5,0.5,1.49,0.0,1.0,10.39,2.5,0.0
1,2023-11-29 14:57:00,2023-11-29 15:25:00,1,2.69,3,N,147,204,1,13.99,1.0,0.5,2.73,0.0,1.0,23.47,2.5,1.75
1,2023-11-29 16:43:00,2023-11-29 17:17:00,1,5.0,5,N,261,174,1,12.23,0.0,0.5,1.4,6.55,1.0,24.18,2.5,0.0
2,2023-11-29 20:56:00,2023-11-29 21:11:00,1,1.23,1,N,264,165,1,3.86,0.0,0.5,2.62,0.0,1.0,10.48,2.5,0.0
2,2023-11-29 21:21:00,2023-11-29 21:34:00,1,2.31,1,N,221,217,1,6.41,1.0,0.5,0.68,0.0,1.0,12.09,2.5,0.0
2,2023-11-30 04:46:00,2023-11-30 05:43:00,2,1.11,1,N,55,74,2,5.63,0.0,0.5,1.21,0.0,1.0,10.84,2.5,0.0
2,2023-11-30 04:49:00,2023-11-30 05:13:00,1,1.07,1,N,190,170,1,8.89,1.0,0.5,3.52,0.0,1.0,17.41,2.5,0.0
1,2023-11-30 06:46:00,2023-11-30 07:42:00,1,1.71,1,N,185,41,1,7.23,0.0,0.5,0.37,0.0,1.0,11.6,2.5,0.0
1,2023-11-30 08:47:00,2023-11-30 09:11:00,1,2.48,1,N,185,20,1,8.59,0.0,0.5,0.3,0.0,1.0,10.39,0.0,0.0
2,2023-11-30 13:50:00,2023-11-30 14:35:00,1,0.95,2,N,188,85,1,34.79,0.0,0.5,0.97,6.55,1.0,46.31,2.5,0.0
1,2023-11-30 15:21:00,2023-11-30 15:30:00,1,3.72,1,N,132,96,1,10.93,1.0,0.5,0.76,0.0,1.0,18.44,2.5,1.75
1,2023-11-30 16:08:00,2023-11-30 16:34:00,2,1.97,1,N,85,233,4,7.79,3.5,0.5,0.02,0.0,1.0,15.31,2.5,0.0
2,2023-11-30 19:11:00,2023-11-30 19:38:00,2,0.92,1,N,74,101,1,8.04,1.0,0.5,0.34,0.0,1.0,12.63,0.0,1.75
2,2023-11-30 19:43:00,2023-11-30 20:14:00,1,2.63,1,N,74,101,2,36.92,1.0,0.5,1.83,6.55,1.0,50.3,2.5,0.0
2,2023-11-30 20:01:00,2023-11-30 20:43:00,1,18.66,1,N,102,149,1,3.77,2.5,0.5,0.15,0.0,1.0,10.42,2.5,0.0
2,2023-11-30 20:31:00,2023-11-30 21:10:00,1,0.5,1,N,61,250,1,33.87,0.0,0.5,1.6,6.55,1.0,46.02,2.5,0.0
1,2023-11-30 20:34:00,2023-11-30 20:58:00,1,3.78,1,N,162,239,1,20.67,1.0,0.5,2.63,0.0,1.0,25.8,0.0,0.0
1,2023-11-30 20:41:00,2023-11-30 20:54:00,1,4.28,1,N,45,158,2,10.53,1.0,0.5,1.67,6.55,1.0,23.75,2.5,0.0
2,2023-11-30 21:28:00,2023-11-30 22:08:00,1,1.89,1,N,257,109,1,11.39,0.0,0.5,1.89,0.0,1.0,17.28,2.5,0.0
2,2023-12-01 04:15:00,2023-12-01 05:03:00,1,3.38,2,N,52,178,2,15.05,3.5,0.5,0.33,0.0,1.0,22.88,2.5,0.0
2,2023-12-01 09:30:00,2023-12-01 09:59:00,1,0.93,1,N,229,202,1,3.71,1.0,0.5,2.71,0.0,1.0,8.92,0.0,0.0
2,2023-12-01 12:00:00,2023-12-01 12:06:00,1,6.94,1,N,67,208,1,9.87,0.0,0.5,6.05,0.0,1.0,19.92,2.5,0.0
1,2023-12-01 12:39:00,2023-12-01 12:51:00,1,2.62,1,N,113,247,1,18.98,3.5,0.5,0.97,0.0,1.0,27.45,2.5,0.0
1,2023-12-01 12:45:00,2023-12-01 13:34:00,1,5.52,1,N,46,46,1,10.9,0.0,0.5,1.35,0.0,1.0,13.75,0.0,0.0
2,2023-12-01 13:59:00,2023-12-01 14:08:00,2,9.64,1,N,212,182,2,22.69,2.5,0.5,0.54,6.55,1.0,33.78,0.0,0.0
2,2023-12-01 15:02:00,2023-12-01 15:44:00,1,4.06,1,N,253,252,1,11.17,1.0,0.5,1.4,0.0,1.0,17.57,2.5,0.0
2,2023-12-01 21:18:00,2023-12-01 21:28:00,1,5.52,1,N,231,251,1,10.95,1.0,0.5,1.63,6.55,1.0,24.13,2.5,0.0
2,2023-12-01 22:35:00,2023-12-01 23:01:00,1,3.51,1,N,51,153,1,12.72,3.5,0.5,1.16,6.55,1.0,29.68,2.5,1.75
2,2023-12-01 23:36:00,2023-12-02 00:19:00,1,9.33,1,N,92,7,1,8.25,0.5,0.5,1.28,6.55,1.0,20.58,2.5,0.0
2,2023-12-02 01:28:00,2023-12-02 02:06:00,1,1.07,2,N,1,140,1,8.56,1.0,0.5,0.12,6.55,1.0,20.23,2.5,0.0
2,2023-12-02 03:24:00,2023-12-02 03:30:00,1,2.14,1,N,169,6,1,9.29,3.5,0.5,5.66,0.0,1.0,22.45,2.5,0.0
2,2023-12-02 03:25:00,2023-12-02 03:52:00,3,7.54,1,N,245,250,2,9.73,2.5,0.5,1.94,0.0,1.0,18.17,2.5,0.0
2,2023-12-02 03:35:00,2023-12-02 03:47:00,1,1.39,1,N,58,67,1,30.88,0.0,0.5,0.27,0.0,1.0,34.4,0.0,1.75
1,2023-12-02 03:36:00,2023-12-02 04:25:00,1,1.28,1,N,115,149,1,13.58,0.0,0.5,3.66,0.0,1.0,21.24,2.5,0.0
1,2023-12-02 04:50:00,2023-12-02 05:38:00,1,4.38,1,N,232,78,2,6.17,2.5,0.5,18.48,6.55,1.0,37.7,2.5,0.0
1,2023-12-02 10:07:00,2023-12-02 11:04:00,1,0.56,2,N,163,264,1,20.89,2.5,0.5,2.71,0.0,1.0,30.1,2.5,0.0
1,2023-12-02 12:58:00,2023-12-02 13:07:00,2,5.41,1,N,233,220,1,3.02,3.5,0.5,0.05,0.0,1.0,10.57,2.5,0.0
1,2023-12-02 13:56:00,2023-12-02 14:19:00,1,3.97,1,N,123,124,2,33.55,3.5,0.5,2.14,0.0,1.0,40.69,0.0,0.0
2,2023-12-02 14:01:00,2023-12-02 14:41:00,1,5.17,1,N,84,19,1,11.03,2.5,0.5,2.08,6.55,1.0,27.91,2.5,1.75
2,2023-12-02 16:50:00,2023-12-02 17:06:00,3,0.71,1,N,59,168,1,4.16,1.0,0.5,1.39,6.55,1.0,18.85,2.5,1.75
2,2023-12-02 17:22:00,2023-12-02 17:58:00,2,0.99,1,N,100,242,2,25.51,1.0,0.5,2.04,0.0,1.0,30.05,0.0,0.0
1,2023-12-02 17:35:00,2023-12-02 18:27:00,1,3.04,1,N,187,172,1,3.19,2.5,0.5,2.49,6.55,1.0,16.23,0.0,0.0
2,2023-12-02 22:59:00,2023-12-02 23:20:00,1,0.66,1,N,48,164,1,7.3,2.5,0.5,10.94,0.0,1.0,22.24,0.0,0.0
2,2023-12-03 04:10:00,2023-12-03 04:46:00,1,0.86,1,N,168,15,1,5.02,1.0,0.5,0.45,0.0,1.0,7.97,0.0,0.0
2,2023-12-03 05:06:00,2023-12-03 05:59:00,1,1.5,1,N,114,250,1,6.51,3.5,0.5,1.71,6.55,1.0,22.27,2.5,0.0
1,2023-12-03 07:13:00,2023-12-03 07:43:00,1,3.45,1,N,217,222,1,5.16,1.0,0.5,1.14,0.0,1.0,11.3,2.5,0.0
1,2023-12-03 07:22:00,2023-12-03 08:09:00,2,2.9,1,N,3,92,2,11.15,2.5,0.5,1.66,0.0,1.0,16.81,0.0,0.0
1,2023-12-03 07:39:00,2023-12-03 08:34:00,1,2.1,1,N,246,254,3,29.02,2.5,0.5,0.84,6.55,1.0,42.91,2.5,0.0
2,2023-12-03 09:30:00,2023-12-03 09:51:00,4,0.62,1,N,234,114,1,24.49,2.5,0.5,0.42,6.55,1.0,37.96,2.5,0.0
2,2023-12-03 12:25:00,2023-12-03 12:48:00,2,3.76,1,N,9,2,1,10.23,1.0,0.5,4.95,0.0,1.0,20.18,2.5,0.0
1,2023-12-03 12:47:00,2023-12-03 13:40:00,4,7.15,1,N,42,7,1,19.2,2.5,0.5,0.6,6.55,1.0,32.85,2.5,0.0
2,2023-12-03 13:52:00,2023-12-03 14:42:00,1,3.1,1,N,135,206,2,8.98,0.0,0.5,0.62,6.55,1.0,19.4,0.0,1.75
2,2023-12-03 16:14:00,2023-12-03 16:39:00,1,2.44,1,N,80,146,2,10.67,0.0,0.5,0.07,6.55,1.0,21.29,2.5,0.0
2,2023-12-03 17:35:00,2023-12-03 18:19:00,4,3.82,1,N,210,87,2,21.85,1.0,0.5,1.4,6.55,1.0,34.8,2.5,0.0
1,2023-12-03 18:43:00,2023-12-03 19:39:00,1,4.7,1,N,26,30,2,12.46,0.5,0.5,1.26,6.55,1.0,24.77,2.5,0.0
2,2023-12-03 18:45:00,2023-12-03 18:54:00,1,1.14,1,N,78,171,2,9.84,1.0,0.5,0.67,6.55,1.0,22.06,2.5,0.0
2,2023-12-03 19:21:00,2023-12-03 19:29:00,3,6.2,1,N,224,46,1,19.81,3.5,0.5,0.67,0.0,1.0,27.98,2.5,0.0
2,2023-12-03 19:28:00,2023-12-03 20:02:00,1,1.32,1,N,42,172,1,3.39,0.5,0.5,0.03,0.0,1.0,5.42,0.0,0.0
2,2023-12-03 20:57:00,2023-12-03 21:43:00,1,2.13,1,N,175,126,1,16.1,2.5,0.5,4.0,0.0,1.0,26.6,2.5,0.0
1,2023-12-03 23:58:00,2023-12-04 00:08:00,5,5.77,1,N,136,226,1,11.46,3.5,0.5,0.59,0.0,1.0,19.55,2.5,0.0
1,2023-12-04 02:17:00,2023-12-04 02:57:00,3,1.09,1,N,234,164,1,25.36,1.0,0.5,6.93,0.0,1.0,34.79,0.0,0.0
2,2023-12-04 02:50:00,2023-12-04 03:41:00,1,0.72,1,N,174,16,1,7.04,0.5,0.5,1.05,6.55,1.0,16.64,0.0,0.0
1,2023-12-04 03:54:00,2023-12-04 04:02:00,1,5.08,1,N,230,92,1,13.35,1.0,0.5,4.89,6.55,1.0,29.79,2.5,0.0
2,2023-12-04 06:11:00,2023-12-04 06:30:00,1,8.39,1,N,85,196,1,15.01,1.0,0.5,7.95,0.0,1.0,25.46,0.0,0.0
1,2023-12-04 06:22:00,2023-12-04 07:20:00,1,2.39,1,N,108,18,1,7.0,0.5,0.5,1.28,0.0,1.0,10.28,0.0,0.0
1,2023-12-04 06:47:00,2023-12-04 07:17:00,1,0.33,1,N,257,225,1,20.53,3.5,0.5,3.33,6.55,1.0,37.91,2.5,0.0
2,2023-12-04 07:57:00,2023-12-04 08:42:00,1,6.2,1,N,189,158,1,8.04,0.0,0.5,0.3,0.0,1.0,12.34,2.5,0.0
2,2023-12-04 09:13:00,2023-12-04 09:19:00,1,6.22,1,N,103,146,1,3.1,2.5,0.5,0.64,6.55,1.0,14.29,0.0,0.0
1,2023-12-04 13:24:00,2023-12-04 13:40:00,1,0.73,1,N,134,5,1,11.68,1.0,0.5,6.61,0.0,1.0,20.79,0.0,0.0
1,2023-12-04 14:01:00,2023-12-04 14:39:00,1,4.99,1,N,111,107,2,18.95,2.5,0.5,6.65,6.55,1.0,38.65,2.5,0.0
2,2023-12-04 15:52:00,2023-12-04 16:26:00,1,0.48,1,N,10,260,1,3.78,2.5,0.5,0.21,0.0,1.0,10.49,2.5,0.0
1,2023-12-04 16:21:00,2023-12-04 16:30:00,1,2.03,1,N,143,55,1,6.15,2.5,0.5,3.42,0.0,1.0,17.82,2.5,1.75
2,2023-12-04 16:35:00,2023-12-04 16:55:00,1,1.8,1,N,130,244,1,20.55,2.5,0.5,1.5,6.55,1.0,35.1,2.5,0.0
2,2023-12-04 20:45:00,2023-12-04 21:28:00,1,2.06,1,N,44,252,1,9.01,2.5,0.5,2.07,0.0,1.0,17.58,2.5,0.0
2,2023-12-04 23:15:00,2023-12-05 00:11:00,4,0.54,1,N,251,237,1,12.79,1.0,0.5,2.51,0.0,1.0,20.3,2.5,0.0
1,2023-12-05 01:19:00,2023-12-05 02:00:00,1,1.62,1,N,159,61,1,11.84,2.5,0.5,0.16,6.55,1.0,25.05,2.5,0.0
2,2023-12-05 03:04:00,2023-12-05 03:58:00,1,4.98,1,N,7,121,1,16.82,0.0,0.5,1.35,0.0,1.0,22.17,2.5,0.0
1,2023-12-05 05:05:00,2023-12-05 05:57:00,3,4.06,1,N,162,237,1,13.39,0.5,0.5,1.87,0.0,1.0,19.76,2.5,0.0
2,2023-12-05 05:10:00,2023-12-05 05:41:00,2,2.98,5,N,130,23,2,35.05,0.0,0.5,2.85,6.55,1.0,45.95,0.0,0.0
2,2023-12-05 05:43:00,2023-12-05 06:36:00,1,0.64,1,N,234,186,2,8.1,0.0,0.5,0.46,0.0,1.0,10.06,0.0,0.0
2,2023-12-05 11:07:00,2023-12-05 11:50:00,1,2.01,1,N,81,161,2,27.17,0.5,0.5,1.25,0.0,1.0,32.92,2.5,0.0
1,2023-12-05 11:56:00,2023-12-05 12:21:00,1,2.08,1,N,196,29,1,10.9,3.5,0.5,3.29,0.0,1.0,19.19,0.0,0.0
2,2023-12-05 12:22:00,2023-12-05 12:52:00,1,0.72,1,N,83,189,1,4.29,2.5,0.5,1.12,0.0,1.0,11.91,2.5,0.0
1,2023-12-05 13:05:00,2023-12-05 13:38:00,1,1.8,1,N,172,9,2,23.31,3.5,0.5,0.93,0.0,1.0,33.49,2.5,1.75
1,2023-12-05 13:10:00,2023-12-05 13:58:00,1,1.98,1,N,37,197,1,6.72,3.5,0.5,0.84,0.0,1.0,15.06,2.5,0.0
2,2023-12-05 14:42:00,2023-12-05 15:24:00,1,5.24,1,N,143,145,1,3.61,1.0,0.5,2.85,6.55,1.0,15.51,0.0,0.0
2,2023-12-05 16:09:00,2023-12-05 17:04:00,1,0.41,1,N,112,260,1,26.07,1.0,0.5,4.06,0.0,1.0,35.13,2.5,0.0
1,2023-12-05 19:19:00,2023-12-05 19:26:00,1,0.61,1,N,114,224,1,36.59,0.5,0.5,3.72,0.0,1.0,44.81,2.5,0.0
2,2023-12-05 19:58:00,2023-12-05 20:28:00,2,5.0,1,N,102,153,1,11.91,0.0,0.5,3.46,6.55,1.0,25.92,2.5,0.0
2,2023-12-05 21:31:00,2023-12-05 22:21:00,1,0.46,1,N,128,166,2,10.4,0.0,0.5,2.5,6.55,1.0,20.95,0.0,0.0
1,2023-12-05 21:39:00,2023-12-05 21:59:00,1,12.73,1,N,196,132,2,51.68,0.5,0.5,1.78,0.0,1.0,59.71,2.5,1.75
2,2023-12-05 21:49:00,2023-12-05 22:15:00,2,0.61,1,N,243,179,1,5.49,2.5,0.5,2.79,0.0,1.0,12.28,0.0,0.0
1,2023-12-05 22:11:00,2023-12-05 22:37:00,1,0.68,1,N,169,58,1,20.22,1.0,0.5,0.35,6.55,1.0,31.37,0.0,1.75
1,2023-12-05 22:27:00,2023-12-05 23:19:00,2,1.65,1,N,105,47,1,7.8,1.0,0.5,1.68,0.0,1.0,14.48,2.5,0.0
2,2023-12-06 04:55:00,2023-12-06 05:41:00,1,5.24,1,N,247,52,2,11.33,2.5,0.5,0.02,0.0,1.0,15.35,0.0,0.0
1,2023-12-06 06:15:00,2023-12-06 06:39:00,1,1.13,1,N,6,208,1,8.99,2.5,0.5,2.89,6.55,1.0,24.93,2.5,0.0
2,2023-12-06 10:05:00,2023-12-06 10:47:00,1,4.57,1,N,139,52,1,16.65,0.5,0.5,5.19,0.0,1.0,26.34,2.5,0.0
2,2023-12-06 12:26:00,2023-12-06 13:04:00,1,2.18,1,N,8,190,1,7.24,2.5,0.5,1.63,0.0,1.0,14.62,0.0,1.75
2,2023-12-06 13:32:00,2023-12-06 14:15:00,3,2.97,1,N,215,35,1,5.68,3.5,0.5,0.31,6.55,1.0,21.79,2.5,1.75
1,2023-12-06 15:06:00,2023-12-06 15:32:00,1,1.69,1,N,103,220,1,36.19,0.0,0.5,6.17,0.0,1.0,48.11,2.5,1.75
1,2023-12-06 20:55:00,2023-12-06 21:05:00,1,0.76,1,N,174,255,1,9.73,1.0,0.5,0.74,6.55,1.0,22.02,2.5,0.0
1,2023-12-06 22:12:00,2023-12-06 22:39:00,1,0.37,1,N,136,175,1,6.67,0.5,0.5,0.03,6.55,1.0,17.75,2.5,0.0
2,2023-12-06 22:56:00,2023-12-06 23:31:00,1,0.75,1,N,167,158,1,5.99,2.5,0.5,1.74,0.0,1.0,14.23,2.5,0.0
1,2023-12-06 23:30:00,2023-12-06 23:52:00,2,1.55,1,N,203,242,1,11.16,2.5,0.5,1.25,0.0,1.0,18.91,2.5,0.0
1,2023-12-07 00:26:00,2023-12-07 00:38:00,1,10.38,1,N,212,105,2,8.96,3.5,0.5,3.73,6.55,1.0,26.74,2.5,0.0
2,2023-12-07 01:49:00,2023-12-07 02:11:00,2,2.73,1,N,62,63,1,19.87,0.5,0.5,1.28,6.55,1.0,33.95,2.5,1.75
2,2023-12-07 05:34:00,2023-12-07 06:19:00,4,6.29,3,N,153,158,1,8.09,3.5,0.5,0.44,0.0,1.0,13.53,0.0,0.0
1,2023-12-07 07:05:00,2023-12-07 07:39:00,1,0.38,1,N,141,156,1,9.58,0.0,0.5,19.33,0.0,1.0,32.91,2.5,0.0
2,2023-12-07 07:22:00,2023-12-07 07:33:00,1,0.94,1,N,68,11,1,15.54,0.0,0.5,4.12,0.0,1.0,21.16,0.0,0.0
2,2023-12-07 08:03:00,2023-12-07 08:28:00,1,1.8,1,N,10,94,1,8.23,2.5,0.5,0.42,0.0,1.0,15.15,2.5,0.0
2,2023-12-07 10:38:00,2023-12-07 11:08:00,1,2.01,1,N,191,233,2,6.84,3.5,0.5,3.43,0.0,1.0,17.77,2.5,0.0
1,2023-12-07 13:19:00,2023-12-07 14:11:00,1,1.0,3,N,47,171,1,5.9,0.5,0.5,1.05,0.0,1.0,11.45,2.5,0.0
2,2023-12-07 14:17:00,2023-12-07 15:08:00,1,2.07,1,N,76,254,1,9.63,0.0,0.5,4.94,0.0,1.0,18.57,2.5,0.0
2,2023-12-07 20:34:00,2023-12-07 21:07:00,5,1.17,1,N,173,86,1,5.48,1.0,0.5,7.93,6.55,1.0,22.46,0.0,0.0
2,2023-12-07 23:19:00,2023-12-07 23:46:00,1,3.04,1,N,180,215,1,14.08,0.5,0.5,0.02,6.55,1.0,25.15,2.5,0.0
2,2023-12-07 23:26:00,2023-12-08 00:09:00,1,0.82,1,N,196,108,1,8.41,3.5,0.5,1.07,6.55,1.0,23.53,2.5,0.0
2,2023-12-07 23:44:00,2023-12-08 00:09:00,5,0.5,1,N,193,146,1,9.03,3.5,0.5,1.1,6.55,1.0,24.18,2.5,0.0
1,2023-12-07 23:56:00,2023-12-08 00:05:00,1,2.88,1,N,24,90,2,11.11,0.5,0.5,0.95,6.55,1.0,23.11,2.5,0.0
1,2023-12-08 00:32:00,2023-12-08 00:58:00,3,3.67,1,N,178,7,2,30.25,0.5,0.5,5.7,0.0,1.0,40.45,2.5,0.0
2,2023-12-08 00:47:00,2023-12-08 01:03:00,1,1.55,1,N,135,179,1,30.4,3.5,0.5,1.44,0.0,1.0,39.34,2.5,0.0
2,2023-12-08 01:21:00,2023-12-08 01:58:00,3,2.01,1,N,110,16,2,3.13,2.5,0.5,3.22,6.55,1.0,16.9,0.0,0.0
1,2023-12-08 02:55:00,2023-12-08 03:18:00,1,2.28,1,N,96,172,1,3.96,3.5,0.5,0.52,0.0,1.0,11.98,2.5,0.0
1,2023-12-08 03:14:00,2023-12-08 03:45:00,4,3.28,1,N,60,173,1,16.46,0.5,0.5,1.17,0.0,1.0,22.13,2.5,0.0
2,2023-12-08 06:50:00,2023-12-08 07:45:00,1,2.01,2,N,213,52,1,11.47,0.5,0.5,0.2,0.0,1.0,16.17,2.5,0.0
1,2023-12-08 12:58:00,2023-12-08 13:26:00,1,2.73,1,N,104,122,1,38.2,0.0,0.5,1.51,0.0,1.0,43.71,2.5,0.0
2,2023-12-08 13:10:00,2023-12-08 13:51:00,2,0.91,5,N,65,226,1,4.41,0.5,0.5,8.25,6.55,1.0,23.71,2.5,0.0
1,2023-12-08 13:42:00,2023-12-08 13:50:00,1,9.78,2,N,14,133,2,13.27,3.5,0.5,4.47,0.0,1.0,25.24,2.5,0.0
2,2023-12-08 13:52:00,2023-12-08 14:22:00,1,2.21,1,N,63,167,1,4.12,0.5,0.5,0.21,0.0,1.0,10.58,2.5,1.75
2,2023-12-08 15:26:00,2023-12-08 16:13:00,1,1.12,1,N,84,20,1,19.43,2.5,0.5,11.61,0.0,1.0,37.54,2.5,0.0
2,2023-12-08 17:32:00,2023-12-08 17:58:00,1,4.37,1,N,12,234,1,15.39,2.5,0.5,6.64,0.0,1.0,28.53,2.5,0.0
2,2023-12-08 18:28:00,2023-12-08 18:45:00,1,0.72,1,N,235,165,1,10.34,1.0,0.5,3.07,6.55,1.0,24.21,0.0,1.75
1,2023-12-08 19:59:00,2023-12-08 20:55:00,2,5.0,1,N,37,75,1,5.43,0.5,0.5,5.39,0.0,1.0,15.32,2.5,0.0
2,2023-12-08 21:13:00,2023-12-08 21:56:00,1,0.98,1,N,77,93,1,6.72,1.0,0.5,2.49,6.55,1.0,20.76,2.5,0.0
2,2023-12-08 22:42:00,2023-12-08 23:13:00,1,0.63,1,N,237,57,1,8.98,2.5,0.5,3.41,6.55,1.0,22.94,0.0,0.0
2,2023-12-08 23:23:00,2023-12-09 00:05:00,1,0.35,1,N,123,77,1,18.36,0.5,0.5,0.85,6.55,1.0,32.01,2.5,1.75
2,2023-12-08 23:41:00,2023-12-09 00:10:00,1,5.56,1,N,9,192,1,7.5,1.0,0.5,4.14,0.0,1.0,18.39,2.5,1.75
2,2023-12-09 00:23:00,2023-12-09 01:09:00,1,1.71,1,N,241,5,1,6.93,2.5,0.5,2.5,6.55,1.0,22.48,2.5,0.0
2,2023-12-09 04:14:00,2023-12-09 05:13:00,1,0.33,1,N,88,212,1,11.11,3.5,0.5,3.28,6.55,1.0,28.44,2.5,0.0
2,2023-12-09 04:30:00,2023-12-09 04:54:00,1,0.79,1,N,204,98,1,3.93,2.5,0.5,2.01,0.0,1.0,14.19,2.5,1.75
2,2023-12-09 09:37:00,2023-12-09 10:01:00,3,0.82,3,N,57,68,1,3.77,3.5,0.5,0.26,0.0,1.0,11.53,2.5,0.0
1,2023-12-09 11:18:00,2023-12-09 11:49:00,3,2.36,1,N,130,62,2,19.34,1.0,0.5,2.2,6.55,1.0,30.59,0.0,0.0
2,2023-12-09 12:16:00,2023-12-09 13:10:00,1,1.36,1,N,255,112,2,33.64,0.0,0.5,4.3,6.55,1.0,48.49,2.5,0.0
2,2023-12-09 19:51:00,2023-12-09 20:02:00,5,0.83,1,N,69,39,1,12.35,2.5,0.5,1.59,0.0,1.0,20.44,2.5,0.0
2,2023-12-09 22:14:00,2023-12-09 22:50:00,1,0.9,1,N,66,18,1,6.01,0.5,0.5,0.1,0.0,1.0,10.61,2.5,0.0
1,2023-12-09 23:31:00,2023-12-10 00:24:00,1,0.62,1,N,58,85,2,22.64,2.5,0.5,1.4,6.55,1.0,37.09,2.5,0.0
2,2023-12-10 00:28:00,2023-12-10 01:02:00,1,15.86,5,N,8,135,1,40.17,0.5,0.5,0.18,0.0,1.0,44.85,2.5,0.0
1,2023-12-10 00:40:00,2023-12-10 01:06:00,3,1.42,3,N,84,107,1,3.37,1.0,0.5,0.03,6.55,1.0,14.95,2.5,0.0
1,2023-12-10 01:12:00,2023-12-10 01:31:00,3,0.98,1,N,142,136,1,13.19,3.5,0.5,0.1,6.55,1.0,29.09,2.5,1.75
1,2023-12-10 02:40:00,2023-12-10 02:50:00,4,2.7,1,N,21,4,1,4.44,2.5,0.5,3.17,6.55,1.0,20.66,2.5,0.0
1,2023-12-10 04:18:00,2023-12-10 04:25:00,4,0.62,1,N,37,23,2,4.12,0.0,0.5,3.45,6.55,1.0,18.12,2.5,0.0
2,2023-12-10 09:49:00,2023-12-10 10:33:00,1,1.09,1,N,44,212,1,6.92,3.5,0.5,1.21,0.0,1.0,15.63,2.5,0.0
1,2023-12-10 11:12:00,2023-12-10 11:46:00,1,3.53,1,N,22,120,1,17.26,2.5,0.5,0.69,6.55,1.0,32.75,2.5,1.75
2,2023-12-10 12:30:00,2023-12-10 12:41:00,1,1.15,1,N,234,216,1,3.81,0.5,0.5,0.52,0.0,1.0,6.33,0.0,0.0
1,2023-12-10 13:00:00,2023-12-10 13:14:00,4,1.27,1,N,257,250,1,7.58,3.5,0.5,1.5,0.0,1.0,16.58,2.5,0.0
2,2023-12-10 17:15:00,2023-12-10 18:01:00,1,5.78,1,N,250,164,2,5.8,3.5,0.5,0.87,0.0,1.0,15.92,2.5,1.75
1,2023-12-10 18:10:00,2023-12-10 18:25:00,1,8.16,1,N,201,206,1,15.11,3.5,0.5,2.14,0.0,1.0,24.75,2.5,0.0
1,2023-12-10 20:44:00,2023-12-10 21:24:00,1,2.05,1,N,63,94,1,13.5,0.5,0.5,0.97,6.55,1.0,25.52,2.5,0.0
1,2023-12-10 21:56:00,2023-12-10 22:04:00,1,2.75,1,N,144,121,1,18.39,2.5,0.5,1.58,0.0,1.0,23.97,0.0,0.0
2,2023-12-11 00:24:00,2023-12-11 00:45:00,1,14.97,1,N,13,134,1,17.09,3.5,0.5,1.64,0.0,1.0,26.23,2.5,0.0
1,2023-12-11 00:53:00,2023-12-11 01:20:00,1,0.43,1,N,25,89,1,21.2,1.0,0.5,0.24,6.55,1.0,30.49,0.0,0.0
1,2023-12-11 01:59:00,2023-12-11 02:35:00,1,2.04,1,N,75,84,1,8.67,0.5,0.5,2.94,0.0,1.0,16.11,2.5,0.0
2,2023-12-11 02:38:00,2023-12-11 03:25:00,1,0.4,1,N,101,57,1,17.41,3.5,0.5,4.28,0.0,1.0,29.19,2.5,0.0
1,2023-12-11 03:13:00,2023-12-11 03:20:00,1,3.07,1,N,147,221,1,8.47,2.5,0.5,1.14,0.0,1.0,13.61,0.0,0.0
2,2023-12-11 04:54:00,2023-12-11 05:30:00,3,0.71,1,N,101,74,1,6.43,1.0,0.5,1.42,0.0,1.0,12.85,2.5,0.0
1,2023-12-11 05:11:00,2023-12-11 06:09:00,2,5.08,1,N,167,59,1,13.36,0.5,0.5,0.6,6.55,1.0,25.01,2.5,0.0
1,2023-12-11 09:16:00,2023-12-11 09:46:00,1,9.17,1,N,121,11,1,4.49,2.5,0.5,0.29,6.55,1.0,17.83,2.5,0.0
2,2023-12-11 09:19:00,2023-12-11 09:38:00,1,2.01,1,N,202,193,1,3.1,3.5,0.5,0.82,0.0,1.0,8.92,0.0,0.0
2,2023-12-11 10:12:00,2023-12-11 11:03:00,1,1.93,2,N,225,88,1,18.14,3.5,0.5,3.9,0.0,1.0,27.04,0.0,0.0
2,2023-12-11 10:45:00,2023-12-11 11:32:00,2,3.65,1,N,98,9,1,16.07,2.5,0.5,2.09,0.0,1.0,24.66,2.5,0.0
1,2023-12-11 10:53:00,2023-12-11 11:04:00,2,1.01,1,N,62,84,2,3.87,3.5,0.5,2.52,6.55,1.0,20.44,2.5,0.0
1,2023-12-11 11:17:00,2023-12-11 12:12:00,1,0.72,1,N,240,60,1,13.93,0.0,0.5,2.5,0.0,1.0,20.43,2.5,0.0
2,2023-12-11 11:23:00,2023-12-11 11:41:00,1,1.24,1,Y,143,68,1,35.94,1.0,0.5,0.29,0.0,1.0,41.23,2.5,0.0
2,2023-12-11 14:32:00,2023-12-11 14:45:00,1,5.83,1,N,88,253,2,22.51,0.0,0.5,9.1,6.55,1.0,42.16,2.5,0.0
2,2023-12-11 15:23:00,2023-12-11 16:10:00,1,4.52,1,N,146,144,1,10.1,0.5,0.5,2.67,0.0,1.0,19.02,2.5,1.75
1,2023-12-11 18:00:00,2023-12-11 18:43:00,3,5.98,1,N,184,250,1,8.83,2.5,0.5,3.98,0.0,1.0,19.31,2.5,0.0
1,2023-12-11 19:07:00,2023-12-11 19:28:00,1,1.7,1,N,85,184,2,5.69,2.5,0.5,1.28,0.0,1.0,13.47,2.5,0.0
1,2023-12-11 20:14:00,2023-12-11 20:30:00,1,2.69,1,N,46,47,1,9.46,1.0,0.5,2.46,0.0,1.0,14.42,0.0,0.0
1,2023-12-11 23:18:00,2023-12-12 00:15:00,2,2.39,1,N,34,14,1,5.17,1.0,0.5,2.26,0.0,1.0,12.43,2.5,0.0
2,2023-12-11 23:22:00,2023-12-11 23:54:00,1,1.42,1,N,161,62,1,8.32,3.5,0.5,4.77,6.55,1.0,24.64,0.0,0.0
2,2023-12-12 01:55:00,2023-12-12 02:28:00,2,6.4,1,N,32,91,1,16.08,0.5,0.5,0.75,6.55,1.0,27.88,2.5,0.0
2,2023-12-12 02:45:00,2023-12-12 03:30:00,1,0.8,1,N,42,61,1,10.05,1.0,0.5,5.11,6.55,1.0,26.71,2.5,0.0
1,2023-12-12 11:28:00,2023-12-12 12:14:00,4,1.06,1,N,101,77,1,7.35,2.5,0.5,2.8,0.0,1.0,16.65,2.5,0.0
2,2023-12-12 12:42:00,2023-12-12 12:57:00,1,0.37,1,N,129,69,2,13.62,3.5,0.5,1.49,0.0,1.0,20.11,0.0,0.0
2,2023-12-12 13:19:00,2023-12-12 14:06:00,2,5.04,1,N,155,55,4,13.5,3.5,0.5,0.56,6.55,1.0,28.11,2.5,0.0
1,2023-12-12 14:20:00,2023-12-12 15:15:00,1,0.74,1,N,111,93,1,12.88,1.0,0.5,0.3,0.0,1.0,18.18,2.5,0.0
1,2023-12-12 14:26:00,2023-12-12 14:40:00,2,5.46,1,N,164,113,1,33.05,0.0,0.5,0.1,6.55,1.0,41.2,0.0,0.0
1,2023-12-12 16:00:00,2023-12-12 16:50:00,4,0.37,1,N,13,98,4,7.2,1.0,0.5,0.98,6.55,1.0,19.73,2.5,0.0
1,2023-12-12 19:12:00,2023-12-12 19:37:00,1,1.17,1,N,81,22,1,9.16,2.5,0.5,0.09,0.0,1.0,15.75,2.5,0.0
2,2023-12-13 01:57:00,2023-12-13 02:07:00,2,4.53,1,N,100,92,1,4.17,0.5,0.5,0.34,0.0,1.0,9.01,2.5,0.0
2,2023-12-13 04:32:00,2023-12-13 05:10:00,1,0.93,1,N,169,69,4,5.03,0.0,0.5,1.61,0.0,1.0,8.14,0.0,0.0
1,2023-12-13 07:22:00,2023-12-13 07:32:00,1,1.2,1,N,184,117,1,7.55,0.0,0.5,3.25,0.0,1.0,14.8,2.5,0.0
2,2023-12-13 07:25:00,2023-12-13 07:44:00,1,1.3,3,N,145,144,2,29.69,0.5,0.5,0.09,0.0,1.0,34.28,2.5,0.0
2,2023-12-13 07:56:00,2023-12-13 08:48:00,1,2.46,1,N,150,152,1,4.03,2.5,0.5,0.55,0.0,1.0,11.08,2.5,0.0
2,2023-12-13 10:03:00,2023-12-13 10:22:00,1,2.38,1,N,111,233,2,14.47,0.0,0.5,1.02,0.0,1.0,19.49,2.5,0.0
1,2023-12-13 10:23:00,2023-12-13 10:28:00,2,3.23,1,N,178,138,1,8.23,0.0,0.5,4.46,0.0,1.0,16.69,2.5,0.0
2,2023-12-13 10:30:00,2023-12-13 10:54:00,1,5.21,1,N,43,244,1,9.68,2.5,0.5,0.34,6.55,1.0,23.07,2.5,0.0
2,2023-12-13 11:09:00,2023-12-13 12:04:00,1,2.2,1,N,165,203,1,6.84,3.5,0.5,0.71,6.55,1.0,21.6,2.5,0.0
2,2023-12-13 13:26:00,2023-12-13 13:44:00,1,2.54,1,N,41,132,2,18.57,3.5,0.5,3.97,0.0,1.0,30.04,2.5,0.0
2,2023-12-13 14:17:00,2023-12-13 14:57:00,1,0.47,1,N,263,176,1,5.58,3.5,0.5,0.69,6.55,1.0,20.32,2.5,0.0
2,2023-12-13 14:35:00,2023-12-13 14:59:00,1,0.34,1,N,97,116,2,18.82,0.0,0.5,3.07,6.55,1.0,29.94,0.0,0.0
2,2023-12-13 14:57:00,2023-12-13 15:49:00,1,0.47,1,N,176,76,2,6.31,1.0,0.5,1.12,0.0,1.0,12.43,2.5,0.0
1,2023-12-13 19:07:00,2023-12-13 19:51:00,1,0.4,1,N,98,236,1,19.32,1.0,0.5,0.4,0.0,1.0,24.72,2.5,0.0
1,2023-12-13 20:59:00,2023-12-13 21:33:00,1,3.09,1,N,84,173,1,14.97,2.5,0.5,3.98,6.55,1.0,33.75,2.5,1.75
2,2023-12-13 21:12:00,2023-12-13 21:44:00,1,3.46,1,N,110,180,1,6.89,2.5,0.5,0.79,0.0,1.0,13.43,0.0,1.75
2,2023-12-13 21:22:00,2023-12-13 21:34:00,1,1.0,1,N,109,226,1,26.21,0.5,0.5,2.68,0.0,1.0,30.89,0.0,0.0
2,2023-12-13 23:33:00,2023-12-13 23:45:00,1,0.32,2,N,145,172,1,24.77,3.5,0.5,6.49,6.55,1.0,45.31,2.5,0.0
1,2023-12-14 00:42:00,2023-12-14 00:58:00,2,3.07,1,N,257,174,1,6.38,0.5,0.5,3.51,0.0,1.0,14.39,2.5,0.0
1,2023-12-14 01:57:00,2023-12-14 02:33:00,1,1.08,1,N,79,169,1,11.49,3.5,0.5,5.59,6.55,1.0,31.13,2.5,0.0
2,2023-12-14 03:16:00,2023-12-14 03:23:00,1,0.51,1,N,127,187,1,10.88,0.5,0.5,4.52,6.55,1.0,23.95,0.0,0.0
2,2023-12-14 03:23:00,2023-12-14 03:35:00,1,3.88,1,N,264,33,2,10.24,0.5,0.5,1.01,0.0,1.0,15.75,2.5,0.0
2,2023-12-14 03:49:00,2023-12-14 04:08:00,1,0.59,1,N,44,137,1,10.16,3.5,0.5,5.87,0.0,1.0,23.53,2.5,0.0
1,2023-12-14 06:58:00,2023-12-14 07:49:00,1,3.52,1,N,56,61,1,9.54,3.5,0.5,0.64,0.0,1.0,17.68,2.5,0.0
2,2023-12-14 08:26:00,2023-12-14 08:40:00,2,5.08,1,N,171,157,1,3.45,1.0,0.5,0.59,0.0,1.0,9.04,2.5,0.0
1,2023-12-14 08:41:00,2023-12-14 08:53:00,1,1.75,1,N,62,65,1,35.08,3.5,0.5,3.55,0.0,1.0,46.13,2.5,0.0
2,2023-12-14 10:35:00,2023-12-14 11:33:00,1,3.86,1,N,193,49,1,30.46,0.0,0.5,3.56,6.55,1.0,44.57,2.5,0.0
2,2023-12-14 10:48:00,2023-12-14 11:44:00,1,0.4,1,Y,29,190,1,5.3,3.5,0.5,0.44,0.0,1.0,13.24,2.5,0.0
2,2023-12-14 11:24:00,2023-12-14 12:19:00,4,3.5,1,N,104,128,1,8.28,1.0,0.5,0.18,6.55,1.0,17.51,0.0,0.0
2,2023-12-14 14:11:00,2023-12-14 14:20:00,1,2.43,1,N,242,235,1,5.91,1.0,0.5,0.52,6.55,1.0,19.73,2.5,1.75
2,2023-12-14 17:26:00,2023-12-14 18:11:00,1,0.44,2,N,94,13,1,7.32,2.5,0.5,1.9,0.0,1.0,13.22,0.0,0.0
1,2023-12-14 17:41:00,2023-12-14 18:24:00,1,1.03,1,N,68,43,1,23.0,1.0,0.5,0.62,0.0,1.0,28.62,2.5,0.0
2,2023-12-14 19:24:00,2023-12-14 19:29:00,1,0.37,1,N,37,230,2,10.29,3.5,0.5,1.53,0.0,1.0,19.32,2.5,0.0
2,2023-12-14 21:41:00,2023-12-14 21:58:00,1,8.51,3,N,81,185,2,19.29,1.0,0.5,4.31,0.0,1.0,30.35,2.5,1.75
1,2023-12-14 23:16:00,2023-12-15 00:05:00,2,0.79,4,N,219,223,1,21.28,0.5,0.5,2.26,0.0,1.0,25.54,0.0,0.0
1,2023-12-14 23:48:00,2023-12-14 23:58:00,2,2.4,1,N,87,5,1,26.38,0.0,0.5,0.48,0.0,1.0,28.36,0.0,0.0
1,2023-12-14 23:50:00,2023-12-15 00:01:00,1,0.46,1,N,176,33,1,4.22,0.5,0.5,0.9,0.0,1.0,11.37,2.5,1.75
1,2023-12-15 00:37:00,2023-12-15 00:59:00,1,5.08,1,N,50,259,1,3.99,3.5,0.5,0.91,6.55,1.0,18.95,2.5,0.0
2,2023-12-15 00:54:00,2023-12-15 01:31:00,1,5.46,2,N,5,252,1,27.93,3.5,0.5,0.11,6.55,1.0,42.09,2.5,0.0
2,2023-12-15 01:53:00,2023-12-15 02:49:00,1,0.84,1,N,197,197,2,23.78,3.5,0.5,2.8,0.0,1.0,33.33,0.0,1.75
1,2023-12-15 03:23:00,2023-12-15 04:12:00,1,1.5,1,N,57,93,1,27.68,2.5,0.5,0.96,0.0,1.0,35.14,2.5,0.0
1,2023-12-15 07:50:00,2023-12-15 08:09:00,5,1.15,1,N,192,34,1,7.69,3.5,0.5,3.02,0.0,1.0,18.21,2.5,0.0
2,2023-12-15 07:57:00,2023-12-15 08:07:00,1,4.34,1,N,85,230,1,8.87,0.5,0.5,3.05,6.55,1.0,22.97,2.5,0.0
2,2023-12-15 08:08:00,2023-12-15 09:03:00,1,4.96,1,N,166,71,1,10.09,0.5,0.5,1.28,0.0,1.0,15.87,2.5,0.0
2,2023-12-15 08:43:00,2023-12-15 09:19:00,1,5.43,1,N,152,149,1,22.64,3.5,0.5,2.01,0.0,1.0,32.15,2.5,0.0
2,2023-12-15 09:31:00,2023-12-15 10:12:00,1,6.55,2,N,43,261,1,8.15,0.0,0.5,0.49,0.0,1.0,14.39,2.5,1.75
1,2023-12-15 09:48:00,2023-12-15 10:20:00,1,0.92,4,N,119,78,1,6.24,1.0,0.5,2.88,0.0,1.0,14.12,2.5,0.0
2,2023-12-15 11:13:00,2023-12-15 11:33:00,1,5.56,1,N,250,80,1,3.48,2.5,0.5,0.01,6.55,1.0,16.54,2.5,0.0
1,2023-12-15 13:46:00,2023-12-15 14:07:00,1,1.0,1,N,70,99,1,8.69,1.0,0.5,2.15,6.55,1.0,22.39,2.5,0.0
2,2023-12-15 13:46:00,2023-12-15 14:31:00,1,8.46,1,N,91,170,1,18.87,0.0,0.5,1.2,0.0,1.0,24.07,2.5,0.0
2,2023-12-15 17:35:00,2023-12-15 17:58:00,2,3.38,1,N,150,167,1,3.05,0.0,0.5,0.06,6.55,1.0,13.66,2.5,0.0
2,2023-12-15 18:37:00,2023-12-15 19:04:00,1,1.54,1,N,54,198,1,41.58,2.5,0.5,3.22,6.55,1.0,57.85,2.5,0.0
2,2023-12-15 19:04:00,2023-12-15 19:16:00,1,0.64,1,N,104,237,1,4.16,3.5,0.5,2.63,6.55,1.0,20.84,2.5,0.0
1,2023-12-15 20:47:00,2023-12-15 20:52:00,1,5.35,1,N,42,94,1,16.75,0.0,0.5,4.32,0.0,1.0,22.57,0.0,0.0
2,2023-12-15 21:40:00,2023-12-15 22:12:00,1,1.94,1,N,116,134,2,22.85,0.0,0.5,5.66,0.0,1.0,30.01,0.0,0.0
1,2023-12-16 01:28:00,2023-12-16 02:26:00,1,2.48,1,N,122,102,2,7.25,0.0,0.5,2.36,0.0,1.0,11.11,0.0,0.0
1,2023-12-16 03:14:00,2023-12-16 03:36:00,1,6.67,1,N,86,4,1,51.4,0.5,0.5,0.64,0.0,1.0,54.04,0.0,0.0
2,2023-12-16 09:00:00,2023-12-16 09:10:00,1,5.17,1,N,125,24,1,4.26,1.0,0.5,0.39,6.55,1.0,13.7,0.0,0.0
2,2023-12-16 11:18:00,2023-12-16 11:39:00,1,0.54,1,N,147,193,1,17.26,0.0,0.5,0.42,0.0,1.0,21.68,2.5,0.0
1,2023-12-16 12:43:00,2023-12-16 13:30:00,1,7.86,1,N,180,245,2,6.5,3.5,0.5,1.11,0.0,1.0,15.11,2.5,0.0
2,2023-12-16 15:56:00,2023-12-16 16:39:00,2,4.89,2,N,33,174,1,19.48,3.5,0.5,3.59,0.0,1.0,28.07,0.0,0.0
1,2023-12-16 16:31:00,2023-12-16 16:45:00,1,2.29,1,N,52,35,4,37.44,2.5,0.5,0.57,0.0,1.0,44.51,2.5,0.0
2,2023-12-16 18:10:00,2023-12-16 18:46:00,1,3.39,1,N,141,199,1,11.26,2.5,0.5,0.04,6.55,1.0,26.1,2.5,1.75
2,2023-12-16 18:52:00,2023-12-16 19:45:00,1,1.47,2,N,240,128,1,3.16,0.0,0.5,0.29,0.0,1.0,4.95,0.0,0.0
2,2023-12-17 02:38:00,2023-12-17 03:09:00,2,0.33,1,N,101,129,1,17.13,1.0,0.5,8.81,6.55,1.0,37.49,2.5,0.0
1,2023-12-17 06:49:00,2023-12-17 07:40:00,1,1.53,1,N,82,126,2,14.71,3.5,0.5,0.77,6.55,1.0,29.53,2.5,0.0
2,2023-12-17 07:51:00,2023-12-17 08:32:00,1,0.62,2,N,196,52,1,6.21,0.5,0.5,0.05,0.0,1.0,8.26,0.0,0.0
1,2023-12-17 08:12:00,2023-12-17 08:49:00,3,0.87,1,N,194,75,1,6.31,1.0,0.5,1.58,0.0,1.0,12.89,2.5,0.0
2,2023-12-17 08:35:00,2023-12-17 09:15:00,1,3.49,1,N,21,130,1,4.7,3.5,0.5,0.39,0.0,1.0,12.59,2.5,0.0
2,2023-12-17 11:17:00,2023-12-17 11:40:00,2,1.08,1,N,15,150,1,10.51,1.0,0.5,2.84,0.0,1.0,18.35,2.5,0.0
1,2023-12-17 15:10:00,2023-12-17 16:09:00,1,2.14,1,N,231,88,1,8.44,0.5,0.5,3.1,0.0,1.0,13.54,0.0,0.0
1,2023-12-17 15:17:00,2023-12-17 15:55:00,1,6.66,1,N,173,188,1,3.93,1.0,0.5,2.4,6.55,1.0,17.88,2.5,0.0
2,2023-12-17 16:39:00,2023-12-17 17:12:00,1,0.67,1,N,5,159,1,43.85,2.5,0.5,0.65,0.0,1.0,51.0,2.5,0.0
2,2023-12-17 19:15:00,2023-12-17 19:38:00,1,10.56,5,N,42,234,1,13.37,0.0,0.5,5.4,0.0,1.0,22.77,2.5,0.0
2,2023-12-17 19:28:00,2023-12-17 19:34:00,4,1.72,1,N,259,261,1,3.82,3.5,0.5,8.59,0.0,1.0,19.91,2.5,0.0
1,2023-12-17 19:47:00,2023-12-17 20:24:00,1,4.8,1,N,169,111,1,3.54,0.0,0.5,6.06,0.0,1.0,13.6,2.5,0.0
1,2023-12-17 20:00:00,2023-12-17 20:51:00,1,4.16,1,N,2,31,1,3.07,3.5,0.5,2.9,0.0,1.0,13.47,2.5,0.0
2,2023-12-18 01:18:00,2023-12-18 01:41:00,1,0.79,1,N,164,254,1,5.76,0.0,0.5,0.89,0.0,1.0,8.15,0.0,0.0
2,2023-12-18 03:09:00,2023-12-18 04:02:00,1,4.37,1,N,18,80,1,8.48,2.5,0.5,1.13,0.0,1.0,16.11,2.5,0.0
1,2023-12-18 03:13:00,2023-12-18 03:18:00,3,7.86,1,N,13,89,1,48.34,1.0,0.5,0.08,6.55,1.0,61.72,2.5,1.75
2,2023-12-18 03:39:00,2023-12-18 04:14:00,2,2.49,1,N,244,130,1,25.25,0.5,0.5,1.06,0.0,1.0,28.31,0.0,0.0
2,2023-12-18 05:00:00,2023-12-18 05:52:00,1,0.51,1,N,111,9,1,16.18,1.0,0.5,0.54,0.0,1.0,23.47,2.5,1.75
1,2023-12-18 06:15:00,2023-12-18 06:25:00,2,4.01,1,N,65,70,1,4.8,0.5,0.5,3.82,0.0,1.0,13.12,2.5,0.0
1,2023-12-18 06:38:00,2023-12-18 07:07:00,2,2.36,1,N,58,42,2,5.27,1.0,0.5,0.16,0.0,1.0,12.18,2.5,1.75
2,2023-12-18 08:14:00,2023-12-18 08:46:00,1,1.21,2,N,45,104,1,3.47,0.0,0.5,1.47,0.0,1.0,8.94,2.5,0.0
1,2023-12-18 08:30:00,2023-12-18 08:49:00,2,8.67,1,N,132,128,1,8.59,0.5,0.5,2.55,0.0,1.0,13.14,0.0,0.0
1,2023-12-18 10:07:00,2023-12-18 10:13:00,1,6.6,1,N,225,207,1,16.06,0.0,0.5,1.35,0.0,1.0,18.91,0.0,0.0
2,2023-12-18 10:39:00,2023-12-18 11:29:00,1,2.11,1,N,42,238,1,20.2,1.0,0.5,5.57,0.0,1.0,28.27,0.0,0.0
2,2023-12-18 16:53:00,2023-12-18 17:46:00,1,1.26,1,N,36,223,1,20.78,3.5,0.5,1.67,6.55,1.0,36.5,2.5,0.0
2,2023-12-18 18:34:00,2023-12-18 19:17:00,2,8.43,1,N,225,136,2,23.31,1.0,0.5,2.77,0.0,1.0,31.08,2.5,0.0
2,2023-12-18 19:01:00,2023-12-18 19:12:00,1,4.02,1,N,82,261,2,17.04,0.5,0.5,6.4,6.55,1.0,34.49,2.5,0.0
1,2023-12-18 21:13:00,2023-12-18 21:21:00,1,0.98,1,N,231,85,1,10.15,0.0,0.5,1.65,6.55,1.0,22.35,2.5,0.0
1,2023-12-19 01:21:00,2023-12-19 01:26:00,1,2.91,1,N,175,102,1,17.31,2.5,0.5,0.68,6.55,1.0,28.54,0.0,0.0
2,2023-12-19 01:24:00,2023-12-19 01:44:00,1,0.51,1,N,5,94,2,31.97,0.0,0.5,0.95,6.55,1.0,43.47,2.5,0.0
1,2023-12-19 01:55:00,2023-12-19 02:17:00,1,0.89,1,N,190,239,1,34.72,2.5,0.5,1.33,6.55,1.0,49.1,2.5,0.0
2,2023-12-19 05:55:00,2023-12-19 06:24:00,2,1.15,1,N,131,106,1,34.86,0.5,0.5,1.14,0.0,1.0,38.0,0.0,0.0
2,2023-12-19 07:53:00,2023-12-19 08:32:00,2,4.99,1,N,133,48,1,3.99,3.5,0.5,0.96,6.55,1.0,16.5,0.0,0.0
1,2023-12-19 08:05:00,2023-12-19 09:01:00,1,0.59,1,N,7,76,1,9.2,0.0,0.5,1.67,6.55,1.0,21.42,2.5,0.0
1,2023-12-19 08:43:00,2023-12-19 09:01:00,1,0.71,1,N,159,188,1,11.49,0.5,0.5,0.61,0.0,1.0,18.35,2.5,1.75
1,2023-12-19 12:06:00,2023-12-19 12:59:00,2,1.24,1,N,136,125,2,3.05,2.5,0.5,2.54,6.55,1.0,18.64,2.5,0.0
2,2023-12-19 14:12:00,2023-12-19 14:54:00,1,5.74,1,N,256,66,1,13.74,1.0,0.5,8.53,6.55,1.0,33.82,2.5,0.0
2,2023-12-19 15:40:00,2023-12-19 15:52:00,1,2.85,1,N,3,227,1,6.05,0.0,0.5,6.98,6.55,1.0,25.33,2.5,1.75
1,2023-12-19 15:51:00,2023-12-19 16:34:00,1,3.22,2,N,160,102,3,6.78,2.5,0.5,0.55,6.55,1.0,20.38,2.5,0.0
1,2023-12-19 17:42:00,2023-12-19 18:14:00,1,1.83,1,N,135,104,2,9.79,3.5,0.5,0.44,0.0,1.0,17.73,2.5,0.0
1,2023-12-19 18:34:00,2023-12-19 19:33:00,2,1.12,1,N,260,15,1,9.02,0.5,0.5,0.88,0.0,1.0,11.9,0.0,0.0
2,2023-12-19 19:21:00,2023-12-19 19:39:00,3,0.87,1,N,18,118,1,13.05,0.0,0.5,0.79,0.0,1.0,19.59,2.5,1.75
2,2023-12-19 19:42:00,2023-12-19 19:51:00,1,1.6,1,N,165,153,1,6.44,1.0,0.5,0.48,6.55,1.0,18.47,2.5,0.0
2,2023-12-19 19:49:00,2023-12-19 20:38:00,2,0.38,1,N,34,203,2,11.1,1.0,0.5,2.93,0.0,1.0,19.03,2.5,0.0
2,2023-12-19 21:13:00,2023-12-19 21:38:00,1,1.25,1,N,202,89,1,17.55,0.5,0.5,1.2,0.0,1.0,20.75,0.0,0.0
1,2023-12-19 21:35:00,2023-12-19 22:09:00,1,1.23,4,N,161,225,1,9.98,3.5,0.5,9.36,0.0,1.0,26.84,2.5,0.0
1,2023-12-20 01:53:00,2023-12-20 02:43:00,1,0.96,1,N,185,57,1,29.93,0.5,0.5,1.51,0.0,1.0,35.94,2.5,0.0
2,2023-12-20 05:59:00,2023-12-20 06:05:00,1,1.05,1,N,29,230,1,14.8,3.5,0.5,0.51,0.0,1.0,22.81,2.5,0.0
1,2023-12-20 17:06:00,2023-12-20 17:22:00,2,0.53,2,N,248,171,1,15.81,2.5,0.5,3.74,6.55,1.0,34.35,2.5,1.75
2,2023-12-20 17:54:00,2023-12-20 18:20:00,1,5.75,1,N,45,143,1,9.4,0.0,0.5,1.42,0.0,1.0,12.32,0.0,0.0
2,2023-12-20 18:21:00,2023-12-20 18:26:00,1,2.37,1,N,173,154,1,17.06,2.5,0.5,2.22,0.0,1.0,25.78,2.5,0.0
2,2023-12-20 18:52:00,2023-12-20 19:00:00,1,0.3,1,N,169,229,1,4.97,3.5,0.5,1.24,0.0,1.0,13.71,2.5,0.0
2,2023-12-20 19:32:00,2023-12-20 20:17:00,1,1.93,2,N,27,21,2,15.83,1.0,0.5,0.08,0.0,1.0,20.91,2.5,0.0
2,2023-12-20 20:31:00,2023-12-20 21:27:00,2,4.03,1,N,56,177,1,36.95,1.0,0.5,1.79,0.0,1.0,43.74,2.5,0.0
1,2023-12-20 20:45:00,2023-12-20 21:38:00,2,1.15,4,N,133,98,1,8.98,0.5,0.5,7.73,0.0,1.0,21.21,2.5,0.0
2,2023-12-20 22:26:00,2023-12-20 23:16:00,5,4.11,1,N,130,243,1,8.02,0.0,0.5,2.68,0.0,1.0,14.7,2.5,0.0
1,2023-12-20 22:28:00,2023-12-20 22:33:00,1,0.95,1,N,78,172,2,52.69,0.5,0.5,1.38,0.0,1.0,58.57,2.5,0.0
2,2023-12-20 23:33:00,2023-12-20 23:51:00,4,3.01,1,N,104,245,1,6.4,3.5,0.5,1.36,6.55,1.0,19.31,0.0,0.0
2,2023-12-21 01:30:00,2023-12-21 02:21:00,1,3.42,1,N,61,23,2,7.54,0.5,0.5,1.09,0.0,1.0,14.88,2.5,1.75
2,2023-12-21 02:50:00,2023-12-21 02:55:00,1,2.51,1,N,237,180,1,18.98,0.0,0.5,0.59,0.0,1.0,21.07,0.0,0.0
2,2023-12-21 08:19:00,2023-12-21 08:45:00,1,1.82,1,N,44,136,1,15.53,0.0,0.5,1.73,6.55,1.0,25.31,0.0,0.0
2,2023-12-21 08:29:00,2023-12-21 09:19:00,1,0.79,1,N,156,51,1,47.06,1.0,0.5,0.82,6.55,1.0,59.43,2.5,0.0
2,2023-12-21 10:10:00,2023-12-21 11:01:00,2,2.75,1,N,206,143,1,8.86,1.0,0.5,0.77,6.55,1.0,22.93,2.5,1.75
2,2023-12-21 11:50:00,2023-12-21 12:09:00,1,10.07,1,N,195,117,1,4.74,0.0,0.5,0.43,0.0,1.0,9.17,2.5,0.0
1,2023-12-21 11:52:00,2023-12-21 12:47:00,1,1.44,1,N,250,163,1,13.82,1.0,0.5,4.13,0.0,1.0,20.45,0.0,0.0
2,2023-12-21 12:11:00,2023-12-21 12:43:00,1,3.36,1,N,68,61,2,11.85,2.5,0.5,2.88,0.0,1.0,21.23,2.5,0.0
2,2023-12-21 13:45:00,2023-12-21 14:34:00,3,0.36,1,N,109,40,2,4.81,2.5,0.5,1.1,6.55,1.0,18.21,0.0,1.75
1,2023-12-21 16:16:00,2023-12-21 16:34:00,2,1.57,5,Y,216,167,1,30.11,0.5,0.5,1.4,6.55,1.0,40.06,0.0,0.0
2,2023-12-21 22:01:00,2023-12-21 22:38:00,1,4.41,1,N,224,235,1,15.66,1.0,0.5,2.97,0.0,1.0,25.38,2.5,1.75
2,2023-12-21 22:03:00,2023-12-21 22:17:00,2,1.37,1,N,156,29,1,12.09,3.5,0.5,0.53,6.55,1.0,28.42,2.5,1.75
2,2023-12-21 23:22:00,2023-12-21 23:44:00,2,10.26,1,N,95,85,1,12.62,0.5,0.5,0.11,6.55,1.0,25.53,2.5,1.75
2,2023-12-21 23:41:00,2023-12-22 00:19:00,1,1.19,1,N,175,16,2,6.68,2.5,0.5,4.12,0.0,1.0,17.3,2.5,0.0
2,2023-12-22 03:31:00,2023-12-22 04:01:00,1,6.84,1,N,39,56,1,20.38,1.0,0.5,1.5,0.0,1.0,26.88,2.5,0.0
2,2023-12-22 05:11:00,2023-12-22 05:38:00,1,1.81,1,N,132,116,1,6.47,1.0,0.5,3.16,6.55,1.0,18.68,0.0,0.0
2,2023-12-22 06:06:00,2023-12-22 06:41:00,1,3.27,1,N,201,122,1,71.45,3.5,0.5,1.55,6.55,1.0,86.3,0.0,1.75
2,2023-12-22 06:43:00,2023-12-22 06:59:00,1,5.14,1,N,81,195,1,7.35,3.5,0.5,0.23,0.0,1.0,15.08,2.5,0.0
1,2023-12-22 09:20:00,2023-12-22 09:35:00,3,1.22,1,N,227,92,1,3.42,0.5,0.5,3.47,0.0,1.0,8.89,0.0,0.0
1,2023-12-22 09:38:00,2023-12-22 09:55:00,1,0.66,1,N,35,32,1,26.23,3.5,0.5,8.47,0.0,1.0,42.2,2.5,0.0
1,2023-12-22 11:37:00,2023-12-22 11:50:00,4,0.53,1,N,93,168,2,8.11,0.0,0.5,3.02,0.0,1.0,15.13,2.5,0.0
2,2023-12-22 12:17:00,2023-12-22 12:37:00,1,1.6,1,N,218,129,1,8.01,0.0,0.5,0.09,0.0,1.0,12.1,2.5,0.0
2,2023-12-22 13:55:00,2023-12-22 14:15:00,1,1.74,3,N,46,133,1,33.33,0.5,0.5,6.15,6.55,1.0,50.53,2.5,0.0
1,2023-12-22 15:53:00,2023-12-22 16:37:00,1,5.62,1,N,86,242,1,22.36,2.5,0.5,3.63,0.0,1.0,31.74,0.0,1.75
2,2023-12-22 21:33:00,2023-12-22 22:27:00,2,10.08,1,N,3,60,2,3.76,1.0,0.5,1.62,0.0,1.0,7.88,0.0,0.0
1,2023-12-23 04:00:00,2023-12-23 04:34:00,4,1.32,1,N,248,240,1,8.6,2.5,0.5,3.77,0.0,1.0,18.87,2.5,0.0
1,2023-12-23 06:12:00,2023-12-23 07:01:00,1,3.18,1,N,72,217,1,24.37,1.0,0.5,0.37,6.55,1.0,33.79,0.0,0.0
1,2023-12-23 07:06:00,2023-12-23 07:28:00,2,3.48,1,N,34,259,2,7.58,0.5,0.5,2.59,0.0,1.0,14.67,2.5,0.0
1,2023-12-23 08:33:00,2023-12-23 08:54:00,1,0.67,1,N,165,157,1,14.54,3.5,0.5,3.9,6.55,1.0,32.49,2.5,0.0
2,2023-12-23 10:29:00,2023-12-23 11:23:00,1,0.59,1,N,80,225,1,3.85,3.5,0.5,6.68,6.55,1.0,24.58,2.5,0.0
2,2023-12-23 10:47:00,2023-12-23 11:01:00,2,3.62,1,N,110,234,2,8.4,0.5,0.5,1.21,0.0,1.0,14.11,2.5,0.0
1,2023-12-23 11:13:00,2023-12-23 12:12:00,1,2.81,1,N,195,179,2,14.88,0.0,0.5,2.27,0.0,1.0,18.65,0.0,0.0
2,2023-12-23 11:17:00,2023-12-23 12:08:00,1,5.72,1,N,35,170,2,46.01,1.0,0.5,5.67,6.55,1.0,60.73,0.0,0.0
2,2023-12-23 11:19:00,2023-12-23 11:45:00,1,1.23,1,N,178,146,1,5.41,0.5,0.5,2.57,0.0,1.0,9.98,0.0,0.0
2,2023-12-23 16:22:00,2023-12-23 16:32:00,1,2.03,2,N,180,218,1,3.67,0.5,0.5,1.57,0.0,1.0,9.74,2.5,0.0
2,2023-12-23 18:38:00,2023-12-23 18:59:00,1,3.32,1,N,180,235,2,10.42,0.5,0.5,2.16,6.55,1.0,23.63,2.5,0.0
2,2023-12-23 21:42:00,2023-12-23 22:01:00,1,3.82,1,N,190,89,1,6.51,0.0,0.5,0.43,6.55,1.0,17.49,2.5,0.0
1,2023-12-23 21:51:00,2023-12-23 21:59:00,1,0.64,1,N,166,263,1,13.93,0.5,0.5,1.95,6.55,1.0,26.93,2.5,0.0
2,2023-12-23 21:53:00,2023-12-23 22:07:00,2,1.15,1,N,259,170,1,3.13,0.0,0.5,2.53,0.0,1.0,7.16,0.0,0.0
2,2023-12-23 22:43:00,2023-12-23 23:23:00,1,0.91,4,N,47,35,3,4.91,0.0,0.5,0.17,6.55,1.0,15.63,2.5,0.0
1,2023-12-24 02:41:00,2023-12-24 03:08:00,1,4.95,1,N,92,90,1,36.83,3.5,0.5,2.66,6.55,1.0,51.04,0.0,0.0
2,2023-12-24 02:57:00,2023-12-24 03:54:00,1,0.76,1,N,92,10,2,12.35,0.0,0.5,0.98,6.55,1.0,25.63,2.5,1.75
2,2023-12-24 03:05:00,2023-12-24 03:41:00,1,2.21,1,N,15,262,1,55.16,2.5,0.5,0.19,0.0,1.0,61.85,2.5,0.0
2,2023-12-24 10:43:00,2023-12-24 11:15:00,4,5.16,1,N,127,245,1,7.52,0.0,0.5,5.2,6.55,1.0,22.52,0.0,1.75
2,2023-12-24 14:13:00,2023-12-24 15:04:00,1,4.8,1,N,210,219,2,6.09,2.5,0.5,0.25,0.0,1.0,12.84,2.5,0.0
2,2023-12-24 19:29:00,2023-12-24 19:56:00,1,0.46,1,N,257,36,1,8.02,0.5,0.5,3.03,6.55,1.0,22.1,2.5,0.0
1,2023-12-24 22:47:00,2023-12-24 23:44:00,1,0.45,1,N,120,70,1,13.15,2.5,0.5,2.9,0.0,1.0,21.8,0.0,1.75
2,2023-12-25 01:04:00,2023-12-25 01:20:00,1,0.42,1,N,78,112,1,10.32,3.5,0.5,0.81,6.55,1.0,22.68,0.0,0.0
1,2023-12-25 02:53:00,2023-12-25 03:51:00,3,1.14,3,N,133,148,1,20.19,0.0,0.5,1.13,0.0,1.0,25.32,2.5,0.0
1,2023-12-25 04:35:00,2023-12-25 04:49:00,1,4.87,1,N,156,207,1,102.74,3.5,0.5,2.7,0.0,1.0,110.44,0.0,0.0
1,2023-12-25 07:16:00,2023-12-25 07:45:00,1,6.49,1,N,190,245,1,17.87,1.0,0.5,5.83,6.55,1.0,32.75,0.0,0.0
2,2023-12-25 10:03:00,2023-12-25 10:47:00,1,1.71,1,N,145,157,1,4.93,2.5,0.5,1.67,0.0,1.0,13.1,2.5,0.0
2,2023-12-25 10:22:00,2023-12-25 10:39:00,1,6.06,1,N,214,161,1,11.35,0.0,0.5,3.1,0.0,1.0,18.45,2.5,0.0
1,2023-12-25 13:49:00,2023-12-25 14:48:00,1,5.8,1,N,74,200,1,5.82,0.0,0.5,4.36,0.0,1.0,14.18,2.5,0.0
1,2023-12-25 14:09:00,2023-12-25 14:56:00,1,3.27,1,N,127,29,1,12.11,0.0,0.5,2.32,6.55,1.0,24.98,2.5,0.0
1,2023-12-25 14:49:00,2023-12-25 15:27:00,4,1.73,1,N,82,122,2,13.43,0.5,0.5,2.16,0.0,1.0,20.09,2.5,0.0
1,2023-12-25 15:59:00,2023-12-25 16:06:00,1,1.28,1,N,164,175,1,5.27,0.5,0.5,4.53,0.0,1.0,14.3,2.5,0.0
2,2023-12-25 16:14:00,2023-12-25 16:55:00,2,1.9,1,N,162,204,1,8.48,0.5,0.5,2.21,0.0,1.0,12.69,0.0,0.0
2,2023-12-25 17:00:00,2023-12-25 17:44:00,1,1.08,1,N,245,158,2,5.91,2.5,0.5,2.93,6.55,1.0,23.64,2.5,1.75
1,2023-12-25 17:48:00,2023-12-25 18:20:00,4,7.96,1,N,101,23,1,36.08,3.5,0.5,3.16,0.0,1.0,48.49,2.5,1.75
1,2023-12-25 17:55:00,2023-12-25 18:50:00,1,7.19,1,N,31,43,1,10.12,3.5,0.5,1.41,0.0,1.0,19.03,2.5,0.0
1,2023-12-25 18:12:00,2023-12-25 18:41:00,1,0.48,1,N,32,53,1,12.18,3.5,0.5,0.7,0.0,1.0,20.38,2.5,0.0
2,2023-12-25 18:37:00,2023-12-25 18:44:00,1,1.57,1,N,231,237,1,14.14,3.5,0.5,3.58,6.55,1.0,31.77,2.5,0.0
1,2023-12-25 20:51:00,2023-12-25 21:40:00,2,0.34,1,N,109,176,1,7.81,1.0,0.5,2.95,6.55,1.0,22.31,2.5,0.0
2,2023-12-25 21:55:00,2023-12-25 22:49:00,1,1.44,1,N,12,243,1,12.68,2.5,0.5,1.09,0.0,1.0,20.27,2.5,0.0
2,2023-12-26 00:38:00,2023-12-26 00:44:00,1,1.32,1,N,257,72,2,8.1,2.5,0.5,6.36,6.55,1.0,27.51,2.5,0.0
2,2023-12-26 01:19:00,2023-12-26 02:06:00,1,5.39,1,N,250,213,1,5.27,0.5,0.5,1.36,6.55,1.0,17.68,2.5,0.0
1,2023-12-26 02:03:00,2023-12-26 02:57:00,2,2.79,1,N,158,135,1,6.92,3.5,0.5,0.65,0.0,1.0,15.07,2.5,0.0
2,2023-12-26 05:53:00,2023-12-26 05:58:00,1,3.09,1,N,11,192,2,7.29,1.0,0.5,4.97,0.0,1.0,14.76,0.0,0.0
1,2023-12-26 12:53:00,2023-12-26 13:02:00,2,4.38,1,N,97,226,3,4.89,1.0,0.5,2.58,6.55,1.0,16.52,0.0,0.0
2,2023-12-26 16:03:00,2023-12-26 16:34:00,1,3.08,1,N,121,257,3,18.61,0.0,0.5,0.47,6.55,1.0,29.63,2.5,0.0
2,2023-12-26 16:45:00,2023-12-26 17:25:00,1,0.71,1,N,38,186,1,5.68,0.0,0.5,0.53,6.55,1.0,16.76,2.5,0.0
2,2023-12-26 21:51:00,2023-12-26 22:22:00,1,6.07,1,N,159,263,1,8.02,2.5,0.5,1.41,6.55,1.0,22.48,2.5,0.0
1,2023-12-26 23:09:00,2023-12-26 23:41:00,1,10.3,1,N,17,257,1,19.34,2.5,0.5,2.97,6.55,1.0,32.86,0.0,0.0
2,2023-12-27 00:20:00,2023-12-27 00:33:00,2,3.38,1,N,47,131,2,12.71,1.0,0.5,0.62,0.0,1.0,18.33,2.5,0.0
2,2023-12-27 01:17:00,2023-12-27 01:56:00,1,10.08,1,N,208,246,1,5.23,1.0,0.5,11.81,0.0,1.0,19.54,0.0,0.0
1,2023-12-27 01:30:00,2023-12-27 01:38:00,1,4.71,1,N,259,192,1,10.5,1.0,0.5,4.28,0.0,1.0,17.28,0.0,0.0
2,2023-12-27 02:25:00,2023-12-27 02:43:00,1,0.38,1,N,124,170,1,17.48,1.0,0.5,2.9,6.55,1.0,29.43,0.0,0.0
2,2023-12-27 04:12:00,2023-12-27 05:05:00,1,0.44,1,N,212,249,1,4.45,0.0,0.5,0.43,0.0,1.0,8.88,2.5,0.0
1,2023-12-27 05:27:00,2023-12-27 06:22:00,1,0.65,5,N,162,38,1,3.42,0.0,0.5,1.47,0.0,1.0,8.89,2.5,0.0
1,2023-12-27 06:07:00,2023-12-27 06:47:00,1,4.09,1,N,169,229,1,7.63,0.5,0.5,0.32,6.55,1.0,20.75,2.5,1.75
2,2023-12-27 07:03:00,2023-12-27 07:34:00,1,2.18,1,N,74,103,2,27.89,2.5,0.5,9.07,0.0,1.0,42.71,0.0,1.75
2,2023-12-27 07:42:00,2023-12-27 08:01:00,1,1.25,1,N,102,46,2,6.5,0.0,0.5,3.58,0.0,1.0,14.08,2.5,0.0
1,2023-12-27 08:15:00,2023-12-27 08:42:00,2,1.08,1,N,182,127,1,9.38,1.0,0.5,2.63,6.55,1.0,21.06,0.0,0.0
2,2023-12-27 10:52:00,2023-12-27 11:42:00,1,3.78,1,N,96,126,3,17.77,0.0,0.5,2.32,0.0,1.0,21.59,0.0,0.0
1,2023-12-27 11:29:00,2023-12-27 12:07:00,1,0.37,1,N,44,216,1,6.16,1.0,0.5,0.53,6.55,1.0,18.24,2.5,0.0
2,2023-12-27 12:43:00,2023-12-27 12:49:00,2,2.5,1,N,259,95,1,8.69,3.5,0.5,3.49,6.55,1.0,26.23,2.5,0.0
2,2023-12-27 12:45:00,2023-12-27 12:55:00,1,0.58,1,N,47,258,2,7.86,2.5,0.5,1.02,0.0,1.0,12.88,0.0,0.0
2,2023-12-27 15:32:00,2023-12-27 15:42:00,1,1.04,1,N,192,111,1,14.58,2.5,0.5,0.99,6.55,1.0,28.62,2.5,0.0
2,2023-12-27 15:49:00,2023-12-27 16:48:00,1,6.13,1,N,96,136,1,9.97,0.5,0.5,6.27,0.0,1.0,20.74,2.5,0.0
2,2023-12-27 16:25:00,2023-12-27 16:34:00,2,2.27,1,N,8,168,1,6.24,2.5,0.5,0.11,6.55,1.0,16.9,0.0,0.0
2,2023-12-27 19:30:00,2023-12-27 20:13:00,1,1.51,1,N,165,3,1,8.74,3.5,0.5,1.27,0.0,1.0,17.51,2.5,0.0
2,2023-12-27 22:57:00,2023-12-27 23:33:00,1,1.61,1,N,232,122,1,33.18,0.5,0.5,1.58,6.55,1.0,45.81,2.5,0.0
2,2023-12-28 02:24:00,2023-12-28 03:00:00,1,1.31,2,N,248,11,4,65.94,3.5,0.5,2.44,6.55,1.0,84.18,2.5,1.75
1,2023-12-28 04:02:00,2023-12-28 04:42:00,3,12.09,1,N,233,45,1,12.43,2.5,0.5,0.43,6.55,1.0,25.91,2.5,0.0
1,2023-12-28 10:58:00,2023-12-28 11:13:00,2,4.86,1,N,2,183,1,6.18,1.0,0.5,6.49,0.0,1.0,15.17,0.0,0.0
2,2023-12-28 11:47:00,2023-12-28 12:13:00,2,4.82,1,N,176,81,1,21.18,3.5,0.5,4.77,6.55,1.0,41.75,2.5,1.75
1,2023-12-28 11:51:00,2023-12-28 12:01:00,3,9.04,1,N,195,246,1,16.59,1.0,0.5,3.2,6.55,1.0,31.34,2.5,0.0
1,2023-12-28 12:50:00,2023-12-28 13:08:00,2,2.59,1,N,52,29,1,9.43,0.0,0.5,1.97,6.55,1.0,21.95,2.5,0.0
2,2023-12-28 12:56:00,2023-12-28 13:16:00,1,0.33,1,N,232,219,1,7.08,0.0,0.5,1.65,0.0,1.0,12.73,2.5,0.0
2,2023-12-28 16:41:00,2023-12-28 16:50:00,4,1.46,1,N,113,132,1,3.26,3.5,0.5,7.57,0.0,1.0,18.33,2.5,0.0
2,2023-12-28 19:05:00,2023-12-28 19:20:00,1,0.92,1,N,81,34,1,21.33,0.5,0.5,0.48,0.0,1.0,26.31,2.5,0.0
2,2023-12-28 21:21:00,2023-12-28 22:15:00,3,3.72,1,N,140,14,2,26.9,0.0,0.5,1.18,0.0,1.0,32.08,2.5,0.0
1,2023-12-28 21:44:00,2023-12-28 22:32:00,1,1.12,1,N,12,214,2,29.27,3.5,0.5,0.64,0.0,1.0,34.91,0.0,0.0
2,2023-12-28 23:24:00,2023-12-29 00:19:00,1,3.07,1,N,89,68,1,15.6,0.0,0.5,0.68,6.55,1.0,26.83,2.5,0.0
1,2023-12-29 01:56:00,2023-12-29 02:45:00,1,0.59,1,N,3,148,1,3.29,2.5,0.5,1.87,0.0,1.0,9.16,0.0,0.0
2,2023-12-29 02:30:00,2023-12-29 03:18:00,1,5.64,1,N,119,149,1,17.1,1.0,0.5,3.12,0.0,1.0,25.22,2.5,0.0
1,2023-12-29 03:21:00,2023-12-29 04:02:00,1,6.0,1,N,89,3,1,23.86,3.5,0.5,0.74,6.55,1.0,38.65,2.5,0.0
1,2023-12-29 05:28:00,2023-12-29 06:08:00,1,1.35,1,N,141,146,1,29.07,2.5,0.5,0.07,0.0,1.0,35.64,2.5,0.0
2,2023-12-29 06:18:00,2023-12-29 06:38:00,1,4.5,1,N,41,253,1,3.15,0.0,0.5,8.89,6.55,1.0,22.59,2.5,0.0
2,2023-12-29 09:43:00,2023-12-29 10:03:00,2,4.57,1,N,156,260,1,13.18,0.0,0.5,1.98,0.0,1.0,19.16,2.5,0.0
1,2023-12-29 11:58:00,2023-12-29 12:37:00,1,1.99,1,N,90,151,2,4.45,0.0,0.5,0.5,6.55,1.0,13.0,0.0,0.0
2,2023-12-29 13:10:00,2023-12-29 13:38:00,2,2.12,1,N,193,66,1,42.59,3.5,0.5,1.17,0.0,1.0,51.26,2.5,0.0
2,2023-12-29 14:34:00,2023-12-29 15:21:00,1,0.73,1,N,189,180,1,9.84,1.0,0.5,2.19,0.0,1.0,17.03,2.5,0.0
1,2023-12-29 15:40:00,2023-12-29 15:45:00,2,0.96,1,N,71,81,1,11.23,3.5,0.5,1.33,0.0,1.0,21.81,2.5,1.75
1,2023-12-29 16:04:00,2023-12-29 16:13:00,1,2.09,1,N,239,160,1,7.92,1.0,0.5,0.7,0.0,1.0,13.62,2.5,0.0
1,2023-12-29 17:13:00,2023-12-29 17:26:00,1,3.03,1,N,67,56,1,8.29,3.5,0.5,0.22,0.0,1.0,13.51,0.0,0.0
2,2023-12-29 21:12:00,2023-12-29 21:23:00,1,4.97,1,N,106,23,1,12.5,2.5,0.5,7.38,6.55,1.0,32.93,2.5,0.0
1,2023-12-29 23:50:00,2023-12-30 00:14:00,5,1.05,1,Y,96,48,2,9.67,0.0,0.5,4.35,6.55,1.0,24.57,2.5,0.0
1,2023-12-30 01:00:00,2023-12-30 01:08:00,1,0.83,1,N,128,132,1,9.65,0.0,0.5,0.17,0.0,1.0,13.07,0.0,1.75
1,2023-12-30 01:48:00,2023-12-30 02:26:00,5,1.37,1,Y,127,102,1,15.77,3.5,0.5,0.27,0.0,1.0,23.54,2.5,0.0
2,2023-12-30 01:49:00,2023-12-30 02:12:00,1,2.51,1,N,161,80,1,20.71,3.5,0.5,0.21,0.0,1.0,25.92,0.0,0.0
2,2023-12-30 03:04:00,2023-12-30 03:33:00,2,0.46,1,N,82,12,1,11.01,0.5,0.5,0.64,6.55,1.0,22.7,2.5,0.0
2,2023-12-30 04:28:00,2023-12-30 04:43:00,1,3.88,1,N,251,228,1,9.53,1.0,0.5,1.84,0.0,1.0,16.37,2.5,0.0
1,2023-12-30 06:36:00,2023-12-30 07:13:00,1,2.46,2,N,203,125,2,11.01,2.5,0.5,1.19,0.0,1.0,16.2,0.0,0.0
2,2023-12-30 06:58:00,2023-12-30 07:35:00,1,1.39,5,N,242,213,1,10.98,1.0,0.5,1.38,6.55,1.0,25.66,2.5,1.75
1,2023-12-30 07:16:00,2023-12-30 07:31:00,1,1.9,1,N,90,212,1,9.07,0.5,0.5,1.49,0.0,1.0,15.06,2.5,0.0
1,2023-12-30 09:00:00,2023-12-30 09:44:00,1,7.97,1,N,143,86,1,19.96,2.5,0.5,1.59,0.0,1.0,28.05,2.5,0.0
2,2023-12-30 09:33:00,2023-12-30 10:07:00,1,3.89,1,N,47,254,1,8.08,0.5,0.5,2.0,6.55,1.0,21.13,2.5,0.0
1,2023-12-30 10:55:00,2023-12-30 11:09:00,1,2.07,1,N,6,87,2,16.91,1.0,0.5,2.45,6.55,1.0,30.91,2.5,0.0
2,2023-12-30 11:14:00,2023-12-30 11:47:00,1,1.09,1,N,30,223,1,4.8,1.0,0.5,3.69,0.0,1.0,15.24,2.5,1.75
1,2023-12-30 11:26:00,2023-12-30 12:17:00,1,3.11,1,N,187,237,1,6.01,1.0,0.5,4.09,0.0,1.0,12.6,0.0,0.0
2,2023-12-30 12:32:00,2023-12-30 13:29:00,1,0.8,1,N,39,172,2,11.6,0.0,0.5,3.46,6.55,1.0,23.11,0.0,0.0
1,2023-12-30 14:02:00,2023-12-30 14:16:00,1,2.21,1,N,33,82,1,20.2,0.5,0.5,4.25,0.0,1.0,30.7,2.5,1.75
2,2023-12-30 19:26:00,2023-12-30 19:42:00,1,0.76,1,N,198,255,1,10.86,1.0,0.5,1.72,0.0,1.0,15.08,0.0,0.0
2,2023-12-30 21:26:00,2023-12-30 21:44:00,1,2.15,1,N,9,64,2,18.48,3.5,0.5,0.06,6.55,1.0,32.59,2.5,0.0
2,2023-12-31 00:53:00,2023-12-31 01:02:00,1,1.27,1,N,85,68,1,20.58,2.5,0.5,1.36,6.55,1.0,32.49,0.0,0.0
2,2023-12-31 04:26:00,2023-12-31 04:57:00,1,1.11,2,N,226,25,1,18.86,1.0,0.5,3.63,0.0,1.0,26.74,0.0,1.75
1,2023-12-31 05:20:00,2023-12-31 06:05:00,4,5.93,1,N,54,43,1,26.07,0.5,0.5,5.64,6.55,1.0,42.76,2.5,0.0
2,2023-12-31 07:28:00,2023-12-31 08:06:00,1,0.94,1,N,169,92,1,35.9,0.5,0.5,1.63,0.0,1.0,39.53,0.0,0.0
2,2023-12-31 07:44:00,2023-12-31 08:41:00,1,1.44,3,N,221,168,2,4.73,1.0,0.5,1.27,6.55,1.0,19.3,2.5,1.75
2,2023-12-31 07:48:00,2023-12-31 08:33:00,2,5.79,1,N,77,200,2,14.86,3.5,0.5,3.72,0.0,1.0,26.08,2.5,0.0
2,2023-12-31 14:05:00,2023-12-31 14:30:00,1,0.79,1,N,146,221,1,57.49,1.0,0.5,1.87,6.55,1.0,70.91,2.5,0.0
2,2023-12-31 15:09:00,2023-12-31 15:37:00,1,0.58,1,N,208,22,2,9.49,0.5,0.5,1.75,6.55,1.0,22.29,2.5,0.0
2,2023-12-31 16:14:00,2023-12-31 16:49:00,1,1.28,1,N,86,70,2,10.35,0.0,0.5,2.99,6.55,1.0,21.39,0.0,0.0
1,2023-12-31 19:03:00,2023-12-31 19:16:00,1,2.07,1,N,67,153,1,5.57,0.5,0.5,0.95,6.55,1.0,15.07,0.0,0.0
